Initial Size:          
    MTOW  = 9.126388e+04 lbm   
    Wbatt = 2.243847e+03 lbm   
    Wfuel = 2.068639e+04 lbm   
    S     = 8.353673e+02 ft^2

Iteration  0:
    MTOW  = 8.972663e+04 lbm   
    OEW   = 5.137148e+04 lbm   
    Wbatt = 2.243847e+03 lbm   
    Wfuel = 1.914914e+04 lbm   
    Wem   = 5.256176e+02 lbm   
    Weg   = 0.000000e+00 lbm   
    S     = 8.353673e+02 ft^2

Iteration  1:
    MTOW  = 8.943539e+04 lbm   
    OEW   = 5.137148e+04 lbm   
    Wbatt = 2.243847e+03 lbm   
    Wfuel = 1.885790e+04 lbm   
    Wem   = 5.256176e+02 lbm   
    Weg   = 0.000000e+00 lbm   
    S     = 8.353673e+02 ft^2

Iteration  2:
    MTOW  = 8.939689e+04 lbm   
    OEW   = 5.137148e+04 lbm   
    Wbatt = 2.243847e+03 lbm   
    Wfuel = 1.881940e+04 lbm   
    Wem   = 5.256176e+02 lbm   
    Weg   = 0.000000e+00 lbm   
    S     = 8.353673e+02 ft^2

Iteration  3:
    MTOW  = 8.939423e+04 lbm   
    OEW   = 5.137148e+04 lbm   
    Wbatt = 2.243847e+03 lbm   
    Wfuel = 1.881674e+04 lbm   
    Wem   = 5.256176e+02 lbm   
    Weg   = 0.000000e+00 lbm   
    S     = 8.353673e+02 ft^2

Initial Size:          
    MTOW  = 9.126388e+04 lbm   
    Wbatt = 2.243847e+03 lbm   
    Wfuel = 2.068639e+04 lbm   
    S     = 8.353673e+02 ft^2

Iteration  0:
    MTOW  = 8.972663e+04 lbm   
    OEW   = 5.137148e+04 lbm   
    Wbatt = 2.243847e+03 lbm   
    Wfuel = 1.914914e+04 lbm   
    Wem   = 5.256176e+02 lbm   
    Weg   = 0.000000e+00 lbm   
    S     = 8.353673e+02 ft^2

Iteration  1:
    MTOW  = 8.943539e+04 lbm   
    OEW   = 5.137148e+04 lbm   
    Wbatt = 2.243847e+03 lbm   
    Wfuel = 1.885790e+04 lbm   
    Wem   = 5.256176e+02 lbm   
    Weg   = 0.000000e+00 lbm   
    S     = 8.353673e+02 ft^2

Iteration  2:
    MTOW  = 8.939689e+04 lbm   
    OEW   = 5.137148e+04 lbm   
    Wbatt = 2.243847e+03 lbm   
    Wfuel = 1.881940e+04 lbm   
    Wem   = 5.256176e+02 lbm   
    Weg   = 0.000000e+00 lbm   
    S     = 8.353673e+02 ft^2

Iteration  3:
    MTOW  = 8.939423e+04 lbm   
    OEW   = 5.137148e+04 lbm   
    Wbatt = 2.243847e+03 lbm   
    Wfuel = 1.881674e+04 lbm   
    Wem   = 5.256176e+02 lbm   
    Weg   = 0.000000e+00 lbm   
    S     = 8.353673e+02 ft^2

Initial Size:          
    MTOW  = 9.126388e+04 lbm   
    Wbatt = 2.243847e+03 lbm   
    Wfuel = 2.068639e+04 lbm   
    S     = 8.353673e+02 ft^2

Iteration  0:
    MTOW  = 8.972663e+04 lbm   
    OEW   = 5.137148e+04 lbm   
    Wbatt = 2.243847e+03 lbm   
    Wfuel = 1.914914e+04 lbm   
    Wem   = 5.256176e+02 lbm   
    Weg   = 0.000000e+00 lbm   
    S     = 8.353673e+02 ft^2

Iteration  1:
    MTOW  = 8.943539e+04 lbm   
    OEW   = 5.137148e+04 lbm   
    Wbatt = 2.243847e+03 lbm   
    Wfuel = 1.885790e+04 lbm   
    Wem   = 5.256176e+02 lbm   
    Weg   = 0.000000e+00 lbm   
    S     = 8.353673e+02 ft^2

Iteration  2:
    MTOW  = 8.939689e+04 lbm   
    OEW   = 5.137148e+04 lbm   
    Wbatt = 2.243847e+03 lbm   
    Wfuel = 1.881940e+04 lbm   
    Wem   = 5.256176e+02 lbm   
    Weg   = 0.000000e+00 lbm   
    S     = 8.353673e+02 ft^2

Iteration  3:
    MTOW  = 8.939423e+04 lbm   
    OEW   = 5.137148e+04 lbm   
    Wbatt = 2.243847e+03 lbm   
    Wfuel = 1.881674e+04 lbm   
    Wem   = 5.256176e+02 lbm   
    Weg   = 0.000000e+00 lbm   
    S     = 8.353673e+02 ft^2

Initial Size:          
    MTOW  = 9.126388e+04 lbm   
    Wbatt = 2.243847e+03 lbm   
    Wfuel = 2.068639e+04 lbm   
    S     = 8.353673e+02 ft^2

Iteration  0:
    MTOW  = 8.972663e+04 lbm   
    OEW   = 5.137148e+04 lbm   
    Wbatt = 2.243847e+03 lbm   
    Wfuel = 1.914914e+04 lbm   
    Wem   = 5.256176e+02 lbm   
    Weg   = 0.000000e+00 lbm   
    S     = 8.353673e+02 ft^2

Iteration  1:
    MTOW  = 8.943539e+04 lbm   
    OEW   = 5.137148e+04 lbm   
    Wbatt = 2.243847e+03 lbm   
    Wfuel = 1.885790e+04 lbm   
    Wem   = 5.256176e+02 lbm   
    Weg   = 0.000000e+00 lbm   
    S     = 8.353673e+02 ft^2

Iteration  2:
    MTOW  = 8.939689e+04 lbm   
    OEW   = 5.137148e+04 lbm   
    Wbatt = 2.243847e+03 lbm   
    Wfuel = 1.881940e+04 lbm   
    Wem   = 5.256176e+02 lbm   
    Weg   = 0.000000e+00 lbm   
    S     = 8.353673e+02 ft^2

Iteration  3:
    MTOW  = 8.939423e+04 lbm   
    OEW   = 5.137148e+04 lbm   
    Wbatt = 2.243847e+03 lbm   
    Wfuel = 1.881674e+04 lbm   
    Wem   = 5.256176e+02 lbm   
    Weg   = 0.000000e+00 lbm   
    S     = 8.353673e+02 ft^2

Initial Size:          
    MTOW  = 9.126388e+04 lbm   
    Wbatt = 2.243847e+03 lbm   
    Wfuel = 2.068639e+04 lbm   
    S     = 8.353673e+02 ft^2

Iteration  0:
    MTOW  = 8.972663e+04 lbm   
    OEW   = 5.137148e+04 lbm   
    Wbatt = 2.243847e+03 lbm   
    Wfuel = 1.914914e+04 lbm   
    Wem   = 5.256176e+02 lbm   
    Weg   = 0.000000e+00 lbm   
    S     = 8.353673e+02 ft^2

Iteration  1:
    MTOW  = 8.943539e+04 lbm   
    OEW   = 5.137148e+04 lbm   
    Wbatt = 2.243847e+03 lbm   
    Wfuel = 1.885790e+04 lbm   
    Wem   = 5.256176e+02 lbm   
    Weg   = 0.000000e+00 lbm   
    S     = 8.353673e+02 ft^2

Iteration  2:
    MTOW  = 8.939689e+04 lbm   
    OEW   = 5.137148e+04 lbm   
    Wbatt = 2.243847e+03 lbm   
    Wfuel = 1.881940e+04 lbm   
    Wem   = 5.256176e+02 lbm   
    Weg   = 0.000000e+00 lbm   
    S     = 8.353673e+02 ft^2

Iteration  3:
    MTOW  = 8.939423e+04 lbm   
    OEW   = 5.137148e+04 lbm   
    Wbatt = 2.243847e+03 lbm   
    Wfuel = 1.881674e+04 lbm   
    Wem   = 5.256176e+02 lbm   
    Weg   = 0.000000e+00 lbm   
    S     = 8.353673e+02 ft^2

Initial Size:          
    MTOW  = 9.126388e+04 lbm   
    Wbatt = 2.243847e+03 lbm   
    Wfuel = 2.068639e+04 lbm   
    S     = 8.353673e+02 ft^2

Iteration  0:
    MTOW  = 8.972663e+04 lbm   
    OEW   = 5.137148e+04 lbm   
    Wbatt = 2.243847e+03 lbm   
    Wfuel = 1.914914e+04 lbm   
    Wem   = 5.256176e+02 lbm   
    Weg   = 0.000000e+00 lbm   
    S     = 8.353673e+02 ft^2

Iteration  1:
    MTOW  = 8.943539e+04 lbm   
    OEW   = 5.137148e+04 lbm   
    Wbatt = 2.243847e+03 lbm   
    Wfuel = 1.885790e+04 lbm   
    Wem   = 5.256176e+02 lbm   
    Weg   = 0.000000e+00 lbm   
    S     = 8.353673e+02 ft^2

Iteration  2:
    MTOW  = 8.939689e+04 lbm   
    OEW   = 5.137148e+04 lbm   
    Wbatt = 2.243847e+03 lbm   
    Wfuel = 1.881940e+04 lbm   
    Wem   = 5.256176e+02 lbm   
    Weg   = 0.000000e+00 lbm   
    S     = 8.353673e+02 ft^2

Iteration  3:
    MTOW  = 8.939423e+04 lbm   
    OEW   = 5.137148e+04 lbm   
    Wbatt = 2.243847e+03 lbm   
    Wfuel = 1.881674e+04 lbm   
    Wem   = 5.256176e+02 lbm   
    Weg   = 0.000000e+00 lbm   
    S     = 8.353673e+02 ft^2

Initial Size:          
    MTOW  = 9.126388e+04 lbm   
    Wbatt = 2.243847e+03 lbm   
    Wfuel = 2.068639e+04 lbm   
    S     = 8.353673e+02 ft^2

Iteration  0:
    MTOW  = 8.972663e+04 lbm   
    OEW   = 5.137148e+04 lbm   
    Wbatt = 2.243847e+03 lbm   
    Wfuel = 1.914914e+04 lbm   
    Wem   = 5.256176e+02 lbm   
    Weg   = 0.000000e+00 lbm   
    S     = 8.353673e+02 ft^2

Iteration  1:
    MTOW  = 8.943539e+04 lbm   
    OEW   = 5.137148e+04 lbm   
    Wbatt = 2.243847e+03 lbm   
    Wfuel = 1.885790e+04 lbm   
    Wem   = 5.256176e+02 lbm   
    Weg   = 0.000000e+00 lbm   
    S     = 8.353673e+02 ft^2

Iteration  2:
    MTOW  = 8.939689e+04 lbm   
    OEW   = 5.137148e+04 lbm   
    Wbatt = 2.243847e+03 lbm   
    Wfuel = 1.881940e+04 lbm   
    Wem   = 5.256176e+02 lbm   
    Weg   = 0.000000e+00 lbm   
    S     = 8.353673e+02 ft^2

Iteration  3:
    MTOW  = 8.939423e+04 lbm   
    OEW   = 5.137148e+04 lbm   
    Wbatt = 2.243847e+03 lbm   
    Wfuel = 1.881674e+04 lbm   
    Wem   = 5.256176e+02 lbm   
    Weg   = 0.000000e+00 lbm   
    S     = 8.353673e+02 ft^2

Initial Size:          
    MTOW  = 9.126388e+04 lbm   
    Wbatt = 2.243847e+03 lbm   
    Wfuel = 2.068639e+04 lbm   
    S     = 8.353673e+02 ft^2

Iteration  0:
    MTOW  = 8.972663e+04 lbm   
    OEW   = 5.137148e+04 lbm   
    Wbatt = 2.243847e+03 lbm   
    Wfuel = 1.914914e+04 lbm   
    Wem   = 5.256176e+02 lbm   
    Weg   = 0.000000e+00 lbm   
    S     = 8.353673e+02 ft^2

Iteration  1:
    MTOW  = 8.943539e+04 lbm   
    OEW   = 5.137148e+04 lbm   
    Wbatt = 2.243847e+03 lbm   
    Wfuel = 1.885790e+04 lbm   
    Wem   = 5.256176e+02 lbm   
    Weg   = 0.000000e+00 lbm   
    S     = 8.353673e+02 ft^2

Iteration  2:
    MTOW  = 8.939689e+04 lbm   
    OEW   = 5.137148e+04 lbm   
    Wbatt = 2.243847e+03 lbm   
    Wfuel = 1.881940e+04 lbm   
    Wem   = 5.256176e+02 lbm   
    Weg   = 0.000000e+00 lbm   
    S     = 8.353673e+02 ft^2

Iteration  3:
    MTOW  = 8.939423e+04 lbm   
    OEW   = 5.137148e+04 lbm   
    Wbatt = 2.243847e+03 lbm   
    Wfuel = 1.881674e+04 lbm   
    Wem   = 5.256176e+02 lbm   
    Weg   = 0.000000e+00 lbm   
    S     = 8.353673e+02 ft^2

Initial Size:          
    MTOW  = 9.126388e+04 lbm   
    Wbatt = 2.243847e+03 lbm   
    Wfuel = 2.068639e+04 lbm   
    S     = 8.353673e+02 ft^2

Iteration  0:
    MTOW  = 8.972663e+04 lbm   
    OEW   = 5.137148e+04 lbm   
    Wbatt = 2.243847e+03 lbm   
    Wfuel = 1.914914e+04 lbm   
    Wem   = 5.256176e+02 lbm   
    Weg   = 0.000000e+00 lbm   
    S     = 8.353673e+02 ft^2

Iteration  1:
    MTOW  = 8.943539e+04 lbm   
    OEW   = 5.137148e+04 lbm   
    Wbatt = 2.243847e+03 lbm   
    Wfuel = 1.885790e+04 lbm   
    Wem   = 5.256176e+02 lbm   
    Weg   = 0.000000e+00 lbm   
    S     = 8.353673e+02 ft^2

Iteration  2:
    MTOW  = 8.939689e+04 lbm   
    OEW   = 5.137148e+04 lbm   
    Wbatt = 2.243847e+03 lbm   
    Wfuel = 1.881940e+04 lbm   
    Wem   = 5.256176e+02 lbm   
    Weg   = 0.000000e+00 lbm   
    S     = 8.353673e+02 ft^2

Iteration  3:
    MTOW  = 8.939423e+04 lbm   
    OEW   = 5.137148e+04 lbm   
    Wbatt = 2.243847e+03 lbm   
    Wfuel = 1.881674e+04 lbm   
    Wem   = 5.256176e+02 lbm   
    Weg   = 0.000000e+00 lbm   
    S     = 8.353673e+02 ft^2

Initial Size:          
    MTOW  = 9.126388e+04 lbm   
    Wbatt = 2.243847e+03 lbm   
    Wfuel = 2.068639e+04 lbm   
    S     = 8.353673e+02 ft^2

Iteration  0:
    MTOW  = 8.972663e+04 lbm   
    OEW   = 5.137148e+04 lbm   
    Wbatt = 2.243847e+03 lbm   
    Wfuel = 1.914914e+04 lbm   
    Wem   = 5.256176e+02 lbm   
    Weg   = 0.000000e+00 lbm   
    S     = 8.353673e+02 ft^2

Iteration  1:
    MTOW  = 8.943539e+04 lbm   
    OEW   = 5.137148e+04 lbm   
    Wbatt = 2.243847e+03 lbm   
    Wfuel = 1.885790e+04 lbm   
    Wem   = 5.256176e+02 lbm   
    Weg   = 0.000000e+00 lbm   
    S     = 8.353673e+02 ft^2

Iteration  2:
    MTOW  = 8.939689e+04 lbm   
    OEW   = 5.137148e+04 lbm   
    Wbatt = 2.243847e+03 lbm   
    Wfuel = 1.881940e+04 lbm   
    Wem   = 5.256176e+02 lbm   
    Weg   = 0.000000e+00 lbm   
    S     = 8.353673e+02 ft^2

Iteration  3:
    MTOW  = 8.939423e+04 lbm   
    OEW   = 5.137148e+04 lbm   
    Wbatt = 2.243847e+03 lbm   
    Wfuel = 1.881674e+04 lbm   
    Wem   = 5.256176e+02 lbm   
    Weg   = 0.000000e+00 lbm   
    S     = 8.353673e+02 ft^2

Initial Size:          
    MTOW  = 9.126388e+04 lbm   
    Wbatt = 2.243847e+03 lbm   
    Wfuel = 2.068639e+04 lbm   
    S     = 8.353673e+02 ft^2

Iteration  0:
    MTOW  = 8.972663e+04 lbm   
    OEW   = 5.137148e+04 lbm   
    Wbatt = 2.243847e+03 lbm   
    Wfuel = 1.914914e+04 lbm   
    Wem   = 5.256177e+02 lbm   
    Weg   = 0.000000e+00 lbm   
    S     = 8.353673e+02 ft^2

Iteration  1:
    MTOW  = 8.943539e+04 lbm   
    OEW   = 5.137148e+04 lbm   
    Wbatt = 2.243847e+03 lbm   
    Wfuel = 1.885790e+04 lbm   
    Wem   = 5.256177e+02 lbm   
    Weg   = 0.000000e+00 lbm   
    S     = 8.353673e+02 ft^2

Iteration  2:
    MTOW  = 8.939689e+04 lbm   
    OEW   = 5.137148e+04 lbm   
    Wbatt = 2.243847e+03 lbm   
    Wfuel = 1.881940e+04 lbm   
    Wem   = 5.256177e+02 lbm   
    Weg   = 0.000000e+00 lbm   
    S     = 8.353673e+02 ft^2

Iteration  3:
    MTOW  = 8.939423e+04 lbm   
    OEW   = 5.137148e+04 lbm   
    Wbatt = 2.243847e+03 lbm   
    Wfuel = 1.881674e+04 lbm   
    Wem   = 5.256177e+02 lbm   
    Weg   = 0.000000e+00 lbm   
    S     = 8.353673e+02 ft^2

Initial Size:          
    MTOW  = 9.126388e+04 lbm   
    Wbatt = 2.243847e+03 lbm   
    Wfuel = 2.068639e+04 lbm   
    S     = 8.353673e+02 ft^2

Iteration  0:
    MTOW  = 8.972663e+04 lbm   
    OEW   = 5.137148e+04 lbm   
    Wbatt = 2.243847e+03 lbm   
    Wfuel = 1.914914e+04 lbm   
    Wem   = 5.256176e+02 lbm   
    Weg   = 0.000000e+00 lbm   
    S     = 8.353673e+02 ft^2

Iteration  1:
    MTOW  = 8.943539e+04 lbm   
    OEW   = 5.137148e+04 lbm   
    Wbatt = 2.243847e+03 lbm   
    Wfuel = 1.885790e+04 lbm   
    Wem   = 5.256176e+02 lbm   
    Weg   = 0.000000e+00 lbm   
    S     = 8.353673e+02 ft^2

Iteration  2:
    MTOW  = 8.939689e+04 lbm   
    OEW   = 5.137148e+04 lbm   
    Wbatt = 2.243847e+03 lbm   
    Wfuel = 1.881940e+04 lbm   
    Wem   = 5.256176e+02 lbm   
    Weg   = 0.000000e+00 lbm   
    S     = 8.353673e+02 ft^2

Iteration  3:
    MTOW  = 8.939423e+04 lbm   
    OEW   = 5.137148e+04 lbm   
    Wbatt = 2.243847e+03 lbm   
    Wfuel = 1.881674e+04 lbm   
    Wem   = 5.256176e+02 lbm   
    Weg   = 0.000000e+00 lbm   
    S     = 8.353673e+02 ft^2

Initial Size:          
    MTOW  = 9.126388e+04 lbm   
    Wbatt = 2.243847e+03 lbm   
    Wfuel = 2.068639e+04 lbm   
    S     = 8.353673e+02 ft^2

Iteration  0:
    MTOW  = 8.972663e+04 lbm   
    OEW   = 5.137148e+04 lbm   
    Wbatt = 2.243847e+03 lbm   
    Wfuel = 1.914914e+04 lbm   
    Wem   = 5.256176e+02 lbm   
    Weg   = 0.000000e+00 lbm   
    S     = 8.353673e+02 ft^2

Iteration  1:
    MTOW  = 8.943539e+04 lbm   
    OEW   = 5.137148e+04 lbm   
    Wbatt = 2.243847e+03 lbm   
    Wfuel = 1.885790e+04 lbm   
    Wem   = 5.256176e+02 lbm   
    Weg   = 0.000000e+00 lbm   
    S     = 8.353673e+02 ft^2

Iteration  2:
    MTOW  = 8.939689e+04 lbm   
    OEW   = 5.137148e+04 lbm   
    Wbatt = 2.243847e+03 lbm   
    Wfuel = 1.881940e+04 lbm   
    Wem   = 5.256176e+02 lbm   
    Weg   = 0.000000e+00 lbm   
    S     = 8.353673e+02 ft^2

Iteration  3:
    MTOW  = 8.939423e+04 lbm   
    OEW   = 5.137148e+04 lbm   
    Wbatt = 2.243847e+03 lbm   
    Wfuel = 1.881674e+04 lbm   
    Wem   = 5.256176e+02 lbm   
    Weg   = 0.000000e+00 lbm   
    S     = 8.353673e+02 ft^2

Initial Size:          
    MTOW  = 9.126388e+04 lbm   
    Wbatt = 2.243847e+03 lbm   
    Wfuel = 2.068639e+04 lbm   
    S     = 8.353673e+02 ft^2

Iteration  0:
    MTOW  = 8.972663e+04 lbm   
    OEW   = 5.137148e+04 lbm   
    Wbatt = 2.243847e+03 lbm   
    Wfuel = 1.914914e+04 lbm   
    Wem   = 5.256176e+02 lbm   
    Weg   = 0.000000e+00 lbm   
    S     = 8.353673e+02 ft^2

Iteration  1:
    MTOW  = 8.943539e+04 lbm   
    OEW   = 5.137148e+04 lbm   
    Wbatt = 2.243847e+03 lbm   
    Wfuel = 1.885790e+04 lbm   
    Wem   = 5.256176e+02 lbm   
    Weg   = 0.000000e+00 lbm   
    S     = 8.353673e+02 ft^2

Iteration  2:
    MTOW  = 8.939689e+04 lbm   
    OEW   = 5.137148e+04 lbm   
    Wbatt = 2.243847e+03 lbm   
    Wfuel = 1.881940e+04 lbm   
    Wem   = 5.256176e+02 lbm   
    Weg   = 0.000000e+00 lbm   
    S     = 8.353673e+02 ft^2

Iteration  3:
    MTOW  = 8.939423e+04 lbm   
    OEW   = 5.137148e+04 lbm   
    Wbatt = 2.243847e+03 lbm   
    Wfuel = 1.881674e+04 lbm   
    Wem   = 5.256176e+02 lbm   
    Weg   = 0.000000e+00 lbm   
    S     = 8.353673e+02 ft^2

Initial Size:          
    MTOW  = 9.126388e+04 lbm   
    Wbatt = 2.243847e+03 lbm   
    Wfuel = 2.068639e+04 lbm   
    S     = 8.353673e+02 ft^2

Iteration  0:
    MTOW  = 8.972663e+04 lbm   
    OEW   = 5.137148e+04 lbm   
    Wbatt = 2.243847e+03 lbm   
    Wfuel = 1.914914e+04 lbm   
    Wem   = 5.256176e+02 lbm   
    Weg   = 0.000000e+00 lbm   
    S     = 8.353673e+02 ft^2

Iteration  1:
    MTOW  = 8.943539e+04 lbm   
    OEW   = 5.137148e+04 lbm   
    Wbatt = 2.243847e+03 lbm   
    Wfuel = 1.885790e+04 lbm   
    Wem   = 5.256176e+02 lbm   
    Weg   = 0.000000e+00 lbm   
    S     = 8.353673e+02 ft^2

Iteration  2:
    MTOW  = 8.939689e+04 lbm   
    OEW   = 5.137148e+04 lbm   
    Wbatt = 2.243847e+03 lbm   
    Wfuel = 1.881940e+04 lbm   
    Wem   = 5.256176e+02 lbm   
    Weg   = 0.000000e+00 lbm   
    S     = 8.353673e+02 ft^2

Iteration  3:
    MTOW  = 8.939423e+04 lbm   
    OEW   = 5.137148e+04 lbm   
    Wbatt = 2.243847e+03 lbm   
    Wfuel = 1.881674e+04 lbm   
    Wem   = 5.256176e+02 lbm   
    Weg   = 0.000000e+00 lbm   
    S     = 8.353673e+02 ft^2

Initial Size:          
    MTOW  = 9.126388e+04 lbm   
    Wbatt = 2.243847e+03 lbm   
    Wfuel = 2.068639e+04 lbm   
    S     = 8.353673e+02 ft^2

Iteration  0:
    MTOW  = 8.972663e+04 lbm   
    OEW   = 5.137148e+04 lbm   
    Wbatt = 2.243847e+03 lbm   
    Wfuel = 1.914914e+04 lbm   
    Wem   = 5.256176e+02 lbm   
    Weg   = 0.000000e+00 lbm   
    S     = 8.353673e+02 ft^2

Iteration  1:
    MTOW  = 8.943539e+04 lbm   
    OEW   = 5.137148e+04 lbm   
    Wbatt = 2.243847e+03 lbm   
    Wfuel = 1.885790e+04 lbm   
    Wem   = 5.256176e+02 lbm   
    Weg   = 0.000000e+00 lbm   
    S     = 8.353673e+02 ft^2

Iteration  2:
    MTOW  = 8.939689e+04 lbm   
    OEW   = 5.137148e+04 lbm   
    Wbatt = 2.243847e+03 lbm   
    Wfuel = 1.881940e+04 lbm   
    Wem   = 5.256176e+02 lbm   
    Weg   = 0.000000e+00 lbm   
    S     = 8.353673e+02 ft^2

Iteration  3:
    MTOW  = 8.939423e+04 lbm   
    OEW   = 5.137148e+04 lbm   
    Wbatt = 2.243847e+03 lbm   
    Wfuel = 1.881674e+04 lbm   
    Wem   = 5.256176e+02 lbm   
    Weg   = 0.000000e+00 lbm   
    S     = 8.353673e+02 ft^2

Initial Size:          
    MTOW  = 9.126388e+04 lbm   
    Wbatt = 2.243847e+03 lbm   
    Wfuel = 2.068639e+04 lbm   
    S     = 8.353673e+02 ft^2

Iteration  0:
    MTOW  = 8.972663e+04 lbm   
    OEW   = 5.137148e+04 lbm   
    Wbatt = 2.243847e+03 lbm   
    Wfuel = 1.914914e+04 lbm   
    Wem   = 5.256176e+02 lbm   
    Weg   = 0.000000e+00 lbm   
    S     = 8.353673e+02 ft^2

Iteration  1:
    MTOW  = 8.943539e+04 lbm   
    OEW   = 5.137148e+04 lbm   
    Wbatt = 2.243847e+03 lbm   
    Wfuel = 1.885790e+04 lbm   
    Wem   = 5.256176e+02 lbm   
    Weg   = 0.000000e+00 lbm   
    S     = 8.353673e+02 ft^2

Iteration  2:
    MTOW  = 8.939689e+04 lbm   
    OEW   = 5.137148e+04 lbm   
    Wbatt = 2.243847e+03 lbm   
    Wfuel = 1.881940e+04 lbm   
    Wem   = 5.256176e+02 lbm   
    Weg   = 0.000000e+00 lbm   
    S     = 8.353673e+02 ft^2

Iteration  3:
    MTOW  = 8.939423e+04 lbm   
    OEW   = 5.137148e+04 lbm   
    Wbatt = 2.243847e+03 lbm   
    Wfuel = 1.881674e+04 lbm   
    Wem   = 5.256176e+02 lbm   
    Weg   = 0.000000e+00 lbm   
    S     = 8.353673e+02 ft^2

Initial Size:          
    MTOW  = 9.126388e+04 lbm   
    Wbatt = 2.243847e+03 lbm   
    Wfuel = 2.068639e+04 lbm   
    S     = 8.353673e+02 ft^2

Iteration  0:
    MTOW  = 8.972663e+04 lbm   
    OEW   = 5.137148e+04 lbm   
    Wbatt = 2.243847e+03 lbm   
    Wfuel = 1.914914e+04 lbm   
    Wem   = 5.256176e+02 lbm   
    Weg   = 0.000000e+00 lbm   
    S     = 8.353673e+02 ft^2

Iteration  1:
    MTOW  = 8.943539e+04 lbm   
    OEW   = 5.137148e+04 lbm   
    Wbatt = 2.243847e+03 lbm   
    Wfuel = 1.885790e+04 lbm   
    Wem   = 5.256176e+02 lbm   
    Weg   = 0.000000e+00 lbm   
    S     = 8.353673e+02 ft^2

Iteration  2:
    MTOW  = 8.939689e+04 lbm   
    OEW   = 5.137148e+04 lbm   
    Wbatt = 2.243847e+03 lbm   
    Wfuel = 1.881940e+04 lbm   
    Wem   = 5.256176e+02 lbm   
    Weg   = 0.000000e+00 lbm   
    S     = 8.353673e+02 ft^2

Iteration  3:
    MTOW  = 8.939423e+04 lbm   
    OEW   = 5.137148e+04 lbm   
    Wbatt = 2.243847e+03 lbm   
    Wfuel = 1.881674e+04 lbm   
    Wem   = 5.256176e+02 lbm   
    Weg   = 0.000000e+00 lbm   
    S     = 8.353673e+02 ft^2

Initial Size:          
    MTOW  = 9.126388e+04 lbm   
    Wbatt = 2.243847e+03 lbm   
    Wfuel = 2.068639e+04 lbm   
    S     = 8.353673e+02 ft^2

Iteration  0:
    MTOW  = 8.972663e+04 lbm   
    OEW   = 5.137148e+04 lbm   
    Wbatt = 2.243847e+03 lbm   
    Wfuel = 1.914914e+04 lbm   
    Wem   = 5.256176e+02 lbm   
    Weg   = 0.000000e+00 lbm   
    S     = 8.353673e+02 ft^2

Iteration  1:
    MTOW  = 8.943539e+04 lbm   
    OEW   = 5.137148e+04 lbm   
    Wbatt = 2.243847e+03 lbm   
    Wfuel = 1.885790e+04 lbm   
    Wem   = 5.256176e+02 lbm   
    Weg   = 0.000000e+00 lbm   
    S     = 8.353673e+02 ft^2

Iteration  2:
    MTOW  = 8.939689e+04 lbm   
    OEW   = 5.137148e+04 lbm   
    Wbatt = 2.243847e+03 lbm   
    Wfuel = 1.881940e+04 lbm   
    Wem   = 5.256176e+02 lbm   
    Weg   = 0.000000e+00 lbm   
    S     = 8.353673e+02 ft^2

Iteration  3:
    MTOW  = 8.939423e+04 lbm   
    OEW   = 5.137148e+04 lbm   
    Wbatt = 2.243847e+03 lbm   
    Wfuel = 1.881674e+04 lbm   
    Wem   = 5.256176e+02 lbm   
    Weg   = 0.000000e+00 lbm   
    S     = 8.353673e+02 ft^2

Initial Size:          
    MTOW  = 9.126388e+04 lbm   
    Wbatt = 2.243847e+03 lbm   
    Wfuel = 2.068639e+04 lbm   
    S     = 8.353673e+02 ft^2

Iteration  0:
    MTOW  = 8.972663e+04 lbm   
    OEW   = 5.137148e+04 lbm   
    Wbatt = 2.243847e+03 lbm   
    Wfuel = 1.914914e+04 lbm   
    Wem   = 5.256176e+02 lbm   
    Weg   = 0.000000e+00 lbm   
    S     = 8.353673e+02 ft^2

Iteration  1:
    MTOW  = 8.943539e+04 lbm   
    OEW   = 5.137148e+04 lbm   
    Wbatt = 2.243847e+03 lbm   
    Wfuel = 1.885790e+04 lbm   
    Wem   = 5.256176e+02 lbm   
    Weg   = 0.000000e+00 lbm   
    S     = 8.353673e+02 ft^2

Iteration  2:
    MTOW  = 8.939689e+04 lbm   
    OEW   = 5.137148e+04 lbm   
    Wbatt = 2.243847e+03 lbm   
    Wfuel = 1.881940e+04 lbm   
    Wem   = 5.256176e+02 lbm   
    Weg   = 0.000000e+00 lbm   
    S     = 8.353673e+02 ft^2

Iteration  3:
    MTOW  = 8.939423e+04 lbm   
    OEW   = 5.137148e+04 lbm   
    Wbatt = 2.243847e+03 lbm   
    Wfuel = 1.881674e+04 lbm   
    Wem   = 5.256176e+02 lbm   
    Weg   = 0.000000e+00 lbm   
    S     = 8.353673e+02 ft^2

Initial Size:          
    MTOW  = 9.126388e+04 lbm   
    Wbatt = 2.243847e+03 lbm   
    Wfuel = 2.068639e+04 lbm   
    S     = 8.353673e+02 ft^2

Iteration  0:
    MTOW  = 8.972663e+04 lbm   
    OEW   = 5.137148e+04 lbm   
    Wbatt = 2.243847e+03 lbm   
    Wfuel = 1.914914e+04 lbm   
    Wem   = 5.256176e+02 lbm   
    Weg   = 0.000000e+00 lbm   
    S     = 8.353673e+02 ft^2

Iteration  1:
    MTOW  = 8.943539e+04 lbm   
    OEW   = 5.137148e+04 lbm   
    Wbatt = 2.243847e+03 lbm   
    Wfuel = 1.885790e+04 lbm   
    Wem   = 5.256176e+02 lbm   
    Weg   = 0.000000e+00 lbm   
    S     = 8.353673e+02 ft^2

Iteration  2:
    MTOW  = 8.939689e+04 lbm   
    OEW   = 5.137148e+04 lbm   
    Wbatt = 2.243847e+03 lbm   
    Wfuel = 1.881940e+04 lbm   
    Wem   = 5.256176e+02 lbm   
    Weg   = 0.000000e+00 lbm   
    S     = 8.353673e+02 ft^2

Iteration  3:
    MTOW  = 8.939423e+04 lbm   
    OEW   = 5.137148e+04 lbm   
    Wbatt = 2.243847e+03 lbm   
    Wfuel = 1.881674e+04 lbm   
    Wem   = 5.256176e+02 lbm   
    Weg   = 0.000000e+00 lbm   
    S     = 8.353673e+02 ft^2

Initial Size:          
    MTOW  = 9.126388e+04 lbm   
    Wbatt = 2.243847e+03 lbm   
    Wfuel = 2.068639e+04 lbm   
    S     = 8.353673e+02 ft^2

Iteration  0:
    MTOW  = 8.972663e+04 lbm   
    OEW   = 5.137148e+04 lbm   
    Wbatt = 2.243847e+03 lbm   
    Wfuel = 1.914914e+04 lbm   
    Wem   = 5.256176e+02 lbm   
    Weg   = 0.000000e+00 lbm   
    S     = 8.353673e+02 ft^2

Iteration  1:
    MTOW  = 8.943539e+04 lbm   
    OEW   = 5.137148e+04 lbm   
    Wbatt = 2.243847e+03 lbm   
    Wfuel = 1.885790e+04 lbm   
    Wem   = 5.256176e+02 lbm   
    Weg   = 0.000000e+00 lbm   
    S     = 8.353673e+02 ft^2

Iteration  2:
    MTOW  = 8.939689e+04 lbm   
    OEW   = 5.137148e+04 lbm   
    Wbatt = 2.243847e+03 lbm   
    Wfuel = 1.881940e+04 lbm   
    Wem   = 5.256176e+02 lbm   
    Weg   = 0.000000e+00 lbm   
    S     = 8.353673e+02 ft^2

Iteration  3:
    MTOW  = 8.939423e+04 lbm   
    OEW   = 5.137148e+04 lbm   
    Wbatt = 2.243847e+03 lbm   
    Wfuel = 1.881674e+04 lbm   
    Wem   = 5.256176e+02 lbm   
    Weg   = 0.000000e+00 lbm   
    S     = 8.353673e+02 ft^2

Initial Size:          
    MTOW  = 9.126388e+04 lbm   
    Wbatt = 2.243847e+03 lbm   
    Wfuel = 2.068639e+04 lbm   
    S     = 8.353673e+02 ft^2

Iteration  0:
    MTOW  = 8.972663e+04 lbm   
    OEW   = 5.137148e+04 lbm   
    Wbatt = 2.243847e+03 lbm   
    Wfuel = 1.914914e+04 lbm   
    Wem   = 5.256176e+02 lbm   
    Weg   = 0.000000e+00 lbm   
    S     = 8.353673e+02 ft^2

Iteration  1:
    MTOW  = 8.943539e+04 lbm   
    OEW   = 5.137148e+04 lbm   
    Wbatt = 2.243847e+03 lbm   
    Wfuel = 1.885790e+04 lbm   
    Wem   = 5.256176e+02 lbm   
    Weg   = 0.000000e+00 lbm   
    S     = 8.353673e+02 ft^2

Iteration  2:
    MTOW  = 8.939689e+04 lbm   
    OEW   = 5.137148e+04 lbm   
    Wbatt = 2.243847e+03 lbm   
    Wfuel = 1.881940e+04 lbm   
    Wem   = 5.256176e+02 lbm   
    Weg   = 0.000000e+00 lbm   
    S     = 8.353673e+02 ft^2

Iteration  3:
    MTOW  = 8.939423e+04 lbm   
    OEW   = 5.137148e+04 lbm   
    Wbatt = 2.243847e+03 lbm   
    Wfuel = 1.881674e+04 lbm   
    Wem   = 5.256176e+02 lbm   
    Weg   = 0.000000e+00 lbm   
    S     = 8.353673e+02 ft^2

Initial Size:          
    MTOW  = 9.126388e+04 lbm   
    Wbatt = 2.243847e+03 lbm   
    Wfuel = 2.068639e+04 lbm   
    S     = 8.353673e+02 ft^2

Iteration  0:
    MTOW  = 8.972663e+04 lbm   
    OEW   = 5.137148e+04 lbm   
    Wbatt = 2.243847e+03 lbm   
    Wfuel = 1.914914e+04 lbm   
    Wem   = 5.256176e+02 lbm   
    Weg   = 0.000000e+00 lbm   
    S     = 8.353673e+02 ft^2

Iteration  1:
    MTOW  = 8.943539e+04 lbm   
    OEW   = 5.137148e+04 lbm   
    Wbatt = 2.243847e+03 lbm   
    Wfuel = 1.885790e+04 lbm   
    Wem   = 5.256176e+02 lbm   
    Weg   = 0.000000e+00 lbm   
    S     = 8.353673e+02 ft^2

Iteration  2:
    MTOW  = 8.939689e+04 lbm   
    OEW   = 5.137148e+04 lbm   
    Wbatt = 2.243847e+03 lbm   
    Wfuel = 1.881940e+04 lbm   
    Wem   = 5.256176e+02 lbm   
    Weg   = 0.000000e+00 lbm   
    S     = 8.353673e+02 ft^2

Iteration  3:
    MTOW  = 8.939423e+04 lbm   
    OEW   = 5.137148e+04 lbm   
    Wbatt = 2.243847e+03 lbm   
    Wfuel = 1.881674e+04 lbm   
    Wem   = 5.256176e+02 lbm   
    Weg   = 0.000000e+00 lbm   
    S     = 8.353673e+02 ft^2

Initial Size:          
    MTOW  = 9.126388e+04 lbm   
    Wbatt = 2.243847e+03 lbm   
    Wfuel = 2.068639e+04 lbm   
    S     = 8.353673e+02 ft^2

Iteration  0:
    MTOW  = 8.972663e+04 lbm   
    OEW   = 5.137148e+04 lbm   
    Wbatt = 2.243847e+03 lbm   
    Wfuel = 1.914914e+04 lbm   
    Wem   = 5.256176e+02 lbm   
    Weg   = 0.000000e+00 lbm   
    S     = 8.353673e+02 ft^2

Iteration  1:
    MTOW  = 8.943539e+04 lbm   
    OEW   = 5.137148e+04 lbm   
    Wbatt = 2.243847e+03 lbm   
    Wfuel = 1.885790e+04 lbm   
    Wem   = 5.256176e+02 lbm   
    Weg   = 0.000000e+00 lbm   
    S     = 8.353673e+02 ft^2

Iteration  2:
    MTOW  = 8.939689e+04 lbm   
    OEW   = 5.137148e+04 lbm   
    Wbatt = 2.243847e+03 lbm   
    Wfuel = 1.881940e+04 lbm   
    Wem   = 5.256176e+02 lbm   
    Weg   = 0.000000e+00 lbm   
    S     = 8.353673e+02 ft^2

Iteration  3:
    MTOW  = 8.939423e+04 lbm   
    OEW   = 5.137148e+04 lbm   
    Wbatt = 2.243847e+03 lbm   
    Wfuel = 1.881674e+04 lbm   
    Wem   = 5.256176e+02 lbm   
    Weg   = 0.000000e+00 lbm   
    S     = 8.353673e+02 ft^2

Initial Size:          
    MTOW  = 9.126388e+04 lbm   
    Wbatt = 2.243847e+03 lbm   
    Wfuel = 2.068639e+04 lbm   
    S     = 8.353673e+02 ft^2

Iteration  0:
    MTOW  = 8.972663e+04 lbm   
    OEW   = 5.137148e+04 lbm   
    Wbatt = 2.243847e+03 lbm   
    Wfuel = 1.914914e+04 lbm   
    Wem   = 5.256176e+02 lbm   
    Weg   = 0.000000e+00 lbm   
    S     = 8.353673e+02 ft^2

Iteration  1:
    MTOW  = 8.943539e+04 lbm   
    OEW   = 5.137148e+04 lbm   
    Wbatt = 2.243847e+03 lbm   
    Wfuel = 1.885790e+04 lbm   
    Wem   = 5.256176e+02 lbm   
    Weg   = 0.000000e+00 lbm   
    S     = 8.353673e+02 ft^2

Iteration  2:
    MTOW  = 8.939689e+04 lbm   
    OEW   = 5.137148e+04 lbm   
    Wbatt = 2.243847e+03 lbm   
    Wfuel = 1.881940e+04 lbm   
    Wem   = 5.256176e+02 lbm   
    Weg   = 0.000000e+00 lbm   
    S     = 8.353673e+02 ft^2

Iteration  3:
    MTOW  = 8.939423e+04 lbm   
    OEW   = 5.137148e+04 lbm   
    Wbatt = 2.243847e+03 lbm   
    Wfuel = 1.881674e+04 lbm   
    Wem   = 5.256176e+02 lbm   
    Weg   = 0.000000e+00 lbm   
    S     = 8.353673e+02 ft^2

Initial Size:          
    MTOW  = 9.126388e+04 lbm   
    Wbatt = 2.243847e+03 lbm   
    Wfuel = 2.068639e+04 lbm   
    S     = 8.353673e+02 ft^2

Iteration  0:
    MTOW  = 8.972663e+04 lbm   
    OEW   = 5.137148e+04 lbm   
    Wbatt = 2.243847e+03 lbm   
    Wfuel = 1.914914e+04 lbm   
    Wem   = 5.256176e+02 lbm   
    Weg   = 0.000000e+00 lbm   
    S     = 8.353673e+02 ft^2

Iteration  1:
    MTOW  = 8.943539e+04 lbm   
    OEW   = 5.137148e+04 lbm   
    Wbatt = 2.243847e+03 lbm   
    Wfuel = 1.885790e+04 lbm   
    Wem   = 5.256176e+02 lbm   
    Weg   = 0.000000e+00 lbm   
    S     = 8.353673e+02 ft^2

Iteration  2:
    MTOW  = 8.939689e+04 lbm   
    OEW   = 5.137148e+04 lbm   
    Wbatt = 2.243847e+03 lbm   
    Wfuel = 1.881940e+04 lbm   
    Wem   = 5.256176e+02 lbm   
    Weg   = 0.000000e+00 lbm   
    S     = 8.353673e+02 ft^2

Iteration  3:
    MTOW  = 8.939423e+04 lbm   
    OEW   = 5.137148e+04 lbm   
    Wbatt = 2.243847e+03 lbm   
    Wfuel = 1.881674e+04 lbm   
    Wem   = 5.256176e+02 lbm   
    Weg   = 0.000000e+00 lbm   
    S     = 8.353673e+02 ft^2

Initial Size:          
    MTOW  = 9.126388e+04 lbm   
    Wbatt = 2.243847e+03 lbm   
    Wfuel = 2.068639e+04 lbm   
    S     = 8.353673e+02 ft^2

Iteration  0:
    MTOW  = 8.972663e+04 lbm   
    OEW   = 5.137148e+04 lbm   
    Wbatt = 2.243847e+03 lbm   
    Wfuel = 1.914914e+04 lbm   
    Wem   = 5.256176e+02 lbm   
    Weg   = 0.000000e+00 lbm   
    S     = 8.353673e+02 ft^2

Iteration  1:
    MTOW  = 8.943539e+04 lbm   
    OEW   = 5.137148e+04 lbm   
    Wbatt = 2.243847e+03 lbm   
    Wfuel = 1.885790e+04 lbm   
    Wem   = 5.256176e+02 lbm   
    Weg   = 0.000000e+00 lbm   
    S     = 8.353673e+02 ft^2

Iteration  2:
    MTOW  = 8.939689e+04 lbm   
    OEW   = 5.137148e+04 lbm   
    Wbatt = 2.243847e+03 lbm   
    Wfuel = 1.881940e+04 lbm   
    Wem   = 5.256176e+02 lbm   
    Weg   = 0.000000e+00 lbm   
    S     = 8.353673e+02 ft^2

Iteration  3:
    MTOW  = 8.939423e+04 lbm   
    OEW   = 5.137148e+04 lbm   
    Wbatt = 2.243847e+03 lbm   
    Wfuel = 1.881674e+04 lbm   
    Wem   = 5.256176e+02 lbm   
    Weg   = 0.000000e+00 lbm   
    S     = 8.353673e+02 ft^2

Initial Size:          
    MTOW  = 9.126388e+04 lbm   
    Wbatt = 2.243847e+03 lbm   
    Wfuel = 2.068639e+04 lbm   
    S     = 8.353673e+02 ft^2

Iteration  0:
    MTOW  = 8.972663e+04 lbm   
    OEW   = 5.137148e+04 lbm   
    Wbatt = 2.243847e+03 lbm   
    Wfuel = 1.914914e+04 lbm   
    Wem   = 5.256176e+02 lbm   
    Weg   = 0.000000e+00 lbm   
    S     = 8.353673e+02 ft^2

Iteration  1:
    MTOW  = 8.943539e+04 lbm   
    OEW   = 5.137148e+04 lbm   
    Wbatt = 2.243847e+03 lbm   
    Wfuel = 1.885790e+04 lbm   
    Wem   = 5.256176e+02 lbm   
    Weg   = 0.000000e+00 lbm   
    S     = 8.353673e+02 ft^2

Iteration  2:
    MTOW  = 8.939689e+04 lbm   
    OEW   = 5.137148e+04 lbm   
    Wbatt = 2.243847e+03 lbm   
    Wfuel = 1.881940e+04 lbm   
    Wem   = 5.256176e+02 lbm   
    Weg   = 0.000000e+00 lbm   
    S     = 8.353673e+02 ft^2

Iteration  3:
    MTOW  = 8.939423e+04 lbm   
    OEW   = 5.137148e+04 lbm   
    Wbatt = 2.243847e+03 lbm   
    Wfuel = 1.881674e+04 lbm   
    Wem   = 5.256176e+02 lbm   
    Weg   = 0.000000e+00 lbm   
    S     = 8.353673e+02 ft^2

Initial Size:          
    MTOW  = 9.126388e+04 lbm   
    Wbatt = 2.243847e+03 lbm   
    Wfuel = 2.068639e+04 lbm   
    S     = 8.353673e+02 ft^2

Iteration  0:
    MTOW  = 8.972663e+04 lbm   
    OEW   = 5.137148e+04 lbm   
    Wbatt = 2.243847e+03 lbm   
    Wfuel = 1.914914e+04 lbm   
    Wem   = 5.256176e+02 lbm   
    Weg   = 0.000000e+00 lbm   
    S     = 8.353673e+02 ft^2

Iteration  1:
    MTOW  = 8.943539e+04 lbm   
    OEW   = 5.137148e+04 lbm   
    Wbatt = 2.243847e+03 lbm   
    Wfuel = 1.885790e+04 lbm   
    Wem   = 5.256176e+02 lbm   
    Weg   = 0.000000e+00 lbm   
    S     = 8.353673e+02 ft^2

Iteration  2:
    MTOW  = 8.939689e+04 lbm   
    OEW   = 5.137148e+04 lbm   
    Wbatt = 2.243847e+03 lbm   
    Wfuel = 1.881940e+04 lbm   
    Wem   = 5.256176e+02 lbm   
    Weg   = 0.000000e+00 lbm   
    S     = 8.353673e+02 ft^2

Iteration  3:
    MTOW  = 8.939423e+04 lbm   
    OEW   = 5.137148e+04 lbm   
    Wbatt = 2.243847e+03 lbm   
    Wfuel = 1.881674e+04 lbm   
    Wem   = 5.256176e+02 lbm   
    Weg   = 0.000000e+00 lbm   
    S     = 8.353673e+02 ft^2

Initial Size:          
    MTOW  = 9.126388e+04 lbm   
    Wbatt = 2.243847e+03 lbm   
    Wfuel = 2.068639e+04 lbm   
    S     = 8.353673e+02 ft^2

Iteration  0:
    MTOW  = 8.972663e+04 lbm   
    OEW   = 5.137148e+04 lbm   
    Wbatt = 2.243847e+03 lbm   
    Wfuel = 1.914914e+04 lbm   
    Wem   = 5.256176e+02 lbm   
    Weg   = 0.000000e+00 lbm   
    S     = 8.353673e+02 ft^2

Iteration  1:
    MTOW  = 8.943539e+04 lbm   
    OEW   = 5.137148e+04 lbm   
    Wbatt = 2.243847e+03 lbm   
    Wfuel = 1.885790e+04 lbm   
    Wem   = 5.256176e+02 lbm   
    Weg   = 0.000000e+00 lbm   
    S     = 8.353673e+02 ft^2

Iteration  2:
    MTOW  = 8.939689e+04 lbm   
    OEW   = 5.137148e+04 lbm   
    Wbatt = 2.243847e+03 lbm   
    Wfuel = 1.881940e+04 lbm   
    Wem   = 5.256176e+02 lbm   
    Weg   = 0.000000e+00 lbm   
    S     = 8.353673e+02 ft^2

Iteration  3:
    MTOW  = 8.939423e+04 lbm   
    OEW   = 5.137148e+04 lbm   
    Wbatt = 2.243847e+03 lbm   
    Wfuel = 1.881674e+04 lbm   
    Wem   = 5.256176e+02 lbm   
    Weg   = 0.000000e+00 lbm   
    S     = 8.353673e+02 ft^2

Initial Size:          
    MTOW  = 9.126388e+04 lbm   
    Wbatt = 2.243847e+03 lbm   
    Wfuel = 2.068639e+04 lbm   
    S     = 8.353673e+02 ft^2

Iteration  0:
    MTOW  = 8.972663e+04 lbm   
    OEW   = 5.137148e+04 lbm   
    Wbatt = 2.243847e+03 lbm   
    Wfuel = 1.914914e+04 lbm   
    Wem   = 5.256176e+02 lbm   
    Weg   = 0.000000e+00 lbm   
    S     = 8.353673e+02 ft^2

Iteration  1:
    MTOW  = 8.943539e+04 lbm   
    OEW   = 5.137148e+04 lbm   
    Wbatt = 2.243847e+03 lbm   
    Wfuel = 1.885790e+04 lbm   
    Wem   = 5.256176e+02 lbm   
    Weg   = 0.000000e+00 lbm   
    S     = 8.353673e+02 ft^2

Iteration  2:
    MTOW  = 8.939689e+04 lbm   
    OEW   = 5.137148e+04 lbm   
    Wbatt = 2.243847e+03 lbm   
    Wfuel = 1.881940e+04 lbm   
    Wem   = 5.256176e+02 lbm   
    Weg   = 0.000000e+00 lbm   
    S     = 8.353673e+02 ft^2

Iteration  3:
    MTOW  = 8.939423e+04 lbm   
    OEW   = 5.137148e+04 lbm   
    Wbatt = 2.243847e+03 lbm   
    Wfuel = 1.881674e+04 lbm   
    Wem   = 5.256176e+02 lbm   
    Weg   = 0.000000e+00 lbm   
    S     = 8.353673e+02 ft^2

Initial Size:          
    MTOW  = 9.126388e+04 lbm   
    Wbatt = 2.243847e+03 lbm   
    Wfuel = 2.068639e+04 lbm   
    S     = 8.353673e+02 ft^2

Iteration  0:
    MTOW  = 8.972663e+04 lbm   
    OEW   = 5.137148e+04 lbm   
    Wbatt = 2.243847e+03 lbm   
    Wfuel = 1.914914e+04 lbm   
    Wem   = 5.256176e+02 lbm   
    Weg   = 0.000000e+00 lbm   
    S     = 8.353673e+02 ft^2

Iteration  1:
    MTOW  = 8.943539e+04 lbm   
    OEW   = 5.137148e+04 lbm   
    Wbatt = 2.243847e+03 lbm   
    Wfuel = 1.885790e+04 lbm   
    Wem   = 5.256176e+02 lbm   
    Weg   = 0.000000e+00 lbm   
    S     = 8.353673e+02 ft^2

Iteration  2:
    MTOW  = 8.939689e+04 lbm   
    OEW   = 5.137148e+04 lbm   
    Wbatt = 2.243847e+03 lbm   
    Wfuel = 1.881940e+04 lbm   
    Wem   = 5.256176e+02 lbm   
    Weg   = 0.000000e+00 lbm   
    S     = 8.353673e+02 ft^2

Iteration  3:
    MTOW  = 8.939423e+04 lbm   
    OEW   = 5.137148e+04 lbm   
    Wbatt = 2.243847e+03 lbm   
    Wfuel = 1.881674e+04 lbm   
    Wem   = 5.256176e+02 lbm   
    Weg   = 0.000000e+00 lbm   
    S     = 8.353673e+02 ft^2

Initial Size:          
    MTOW  = 9.126388e+04 lbm   
    Wbatt = 2.243847e+03 lbm   
    Wfuel = 2.068639e+04 lbm   
    S     = 8.353673e+02 ft^2

Iteration  0:
    MTOW  = 8.972663e+04 lbm   
    OEW   = 5.137148e+04 lbm   
    Wbatt = 2.243847e+03 lbm   
    Wfuel = 1.914914e+04 lbm   
    Wem   = 5.256176e+02 lbm   
    Weg   = 0.000000e+00 lbm   
    S     = 8.353673e+02 ft^2

Iteration  1:
    MTOW  = 8.943539e+04 lbm   
    OEW   = 5.137148e+04 lbm   
    Wbatt = 2.243847e+03 lbm   
    Wfuel = 1.885790e+04 lbm   
    Wem   = 5.256176e+02 lbm   
    Weg   = 0.000000e+00 lbm   
    S     = 8.353673e+02 ft^2

Iteration  2:
    MTOW  = 8.939689e+04 lbm   
    OEW   = 5.137148e+04 lbm   
    Wbatt = 2.243847e+03 lbm   
    Wfuel = 1.881940e+04 lbm   
    Wem   = 5.256176e+02 lbm   
    Weg   = 0.000000e+00 lbm   
    S     = 8.353673e+02 ft^2

Iteration  3:
    MTOW  = 8.939423e+04 lbm   
    OEW   = 5.137148e+04 lbm   
    Wbatt = 2.243847e+03 lbm   
    Wfuel = 1.881674e+04 lbm   
    Wem   = 5.256176e+02 lbm   
    Weg   = 0.000000e+00 lbm   
    S     = 8.353673e+02 ft^2

Initial Size:          
    MTOW  = 9.126388e+04 lbm   
    Wbatt = 2.243847e+03 lbm   
    Wfuel = 2.068639e+04 lbm   
    S     = 8.353673e+02 ft^2

Iteration  0:
    MTOW  = 8.972663e+04 lbm   
    OEW   = 5.137148e+04 lbm   
    Wbatt = 2.243847e+03 lbm   
    Wfuel = 1.914914e+04 lbm   
    Wem   = 5.256176e+02 lbm   
    Weg   = 0.000000e+00 lbm   
    S     = 8.353673e+02 ft^2

Iteration  1:
    MTOW  = 8.943539e+04 lbm   
    OEW   = 5.137148e+04 lbm   
    Wbatt = 2.243847e+03 lbm   
    Wfuel = 1.885790e+04 lbm   
    Wem   = 5.256176e+02 lbm   
    Weg   = 0.000000e+00 lbm   
    S     = 8.353673e+02 ft^2

Iteration  2:
    MTOW  = 8.939689e+04 lbm   
    OEW   = 5.137148e+04 lbm   
    Wbatt = 2.243847e+03 lbm   
    Wfuel = 1.881940e+04 lbm   
    Wem   = 5.256176e+02 lbm   
    Weg   = 0.000000e+00 lbm   
    S     = 8.353673e+02 ft^2

Iteration  3:
    MTOW  = 8.939423e+04 lbm   
    OEW   = 5.137148e+04 lbm   
    Wbatt = 2.243847e+03 lbm   
    Wfuel = 1.881674e+04 lbm   
    Wem   = 5.256176e+02 lbm   
    Weg   = 0.000000e+00 lbm   
    S     = 8.353673e+02 ft^2

Initial Size:          
    MTOW  = 9.126388e+04 lbm   
    Wbatt = 2.243847e+03 lbm   
    Wfuel = 2.068639e+04 lbm   
    S     = 8.353673e+02 ft^2

Iteration  0:
    MTOW  = 8.972663e+04 lbm   
    OEW   = 5.137148e+04 lbm   
    Wbatt = 2.243847e+03 lbm   
    Wfuel = 1.914914e+04 lbm   
    Wem   = 5.256176e+02 lbm   
    Weg   = 0.000000e+00 lbm   
    S     = 8.353673e+02 ft^2

Iteration  1:
    MTOW  = 8.943539e+04 lbm   
    OEW   = 5.137148e+04 lbm   
    Wbatt = 2.243847e+03 lbm   
    Wfuel = 1.885790e+04 lbm   
    Wem   = 5.256176e+02 lbm   
    Weg   = 0.000000e+00 lbm   
    S     = 8.353673e+02 ft^2

Iteration  2:
    MTOW  = 8.939689e+04 lbm   
    OEW   = 5.137148e+04 lbm   
    Wbatt = 2.243847e+03 lbm   
    Wfuel = 1.881940e+04 lbm   
    Wem   = 5.256176e+02 lbm   
    Weg   = 0.000000e+00 lbm   
    S     = 8.353673e+02 ft^2

Iteration  3:
    MTOW  = 8.939423e+04 lbm   
    OEW   = 5.137148e+04 lbm   
    Wbatt = 2.243847e+03 lbm   
    Wfuel = 1.881674e+04 lbm   
    Wem   = 5.256176e+02 lbm   
    Weg   = 0.000000e+00 lbm   
    S     = 8.353673e+02 ft^2

Initial Size:          
    MTOW  = 9.126388e+04 lbm   
    Wbatt = 2.243847e+03 lbm   
    Wfuel = 2.068639e+04 lbm   
    S     = 8.353673e+02 ft^2

Iteration  0:
    MTOW  = 8.972663e+04 lbm   
    OEW   = 5.137148e+04 lbm   
    Wbatt = 2.243847e+03 lbm   
    Wfuel = 1.914914e+04 lbm   
    Wem   = 5.256176e+02 lbm   
    Weg   = 0.000000e+00 lbm   
    S     = 8.353673e+02 ft^2

Iteration  1:
    MTOW  = 8.943539e+04 lbm   
    OEW   = 5.137148e+04 lbm   
    Wbatt = 2.243847e+03 lbm   
    Wfuel = 1.885790e+04 lbm   
    Wem   = 5.256176e+02 lbm   
    Weg   = 0.000000e+00 lbm   
    S     = 8.353673e+02 ft^2

Iteration  2:
    MTOW  = 8.939689e+04 lbm   
    OEW   = 5.137148e+04 lbm   
    Wbatt = 2.243847e+03 lbm   
    Wfuel = 1.881940e+04 lbm   
    Wem   = 5.256176e+02 lbm   
    Weg   = 0.000000e+00 lbm   
    S     = 8.353673e+02 ft^2

Iteration  3:
    MTOW  = 8.939423e+04 lbm   
    OEW   = 5.137148e+04 lbm   
    Wbatt = 2.243847e+03 lbm   
    Wfuel = 1.881674e+04 lbm   
    Wem   = 5.256176e+02 lbm   
    Weg   = 0.000000e+00 lbm   
    S     = 8.353673e+02 ft^2

Initial Size:          
    MTOW  = 9.126388e+04 lbm   
    Wbatt = 2.243847e+03 lbm   
    Wfuel = 2.068639e+04 lbm   
    S     = 8.353673e+02 ft^2

Iteration  0:
    MTOW  = 8.972663e+04 lbm   
    OEW   = 5.137148e+04 lbm   
    Wbatt = 2.243847e+03 lbm   
    Wfuel = 1.914914e+04 lbm   
    Wem   = 5.256176e+02 lbm   
    Weg   = 0.000000e+00 lbm   
    S     = 8.353673e+02 ft^2

Iteration  1:
    MTOW  = 8.943539e+04 lbm   
    OEW   = 5.137148e+04 lbm   
    Wbatt = 2.243847e+03 lbm   
    Wfuel = 1.885790e+04 lbm   
    Wem   = 5.256176e+02 lbm   
    Weg   = 0.000000e+00 lbm   
    S     = 8.353673e+02 ft^2

Iteration  2:
    MTOW  = 8.939689e+04 lbm   
    OEW   = 5.137148e+04 lbm   
    Wbatt = 2.243847e+03 lbm   
    Wfuel = 1.881940e+04 lbm   
    Wem   = 5.256176e+02 lbm   
    Weg   = 0.000000e+00 lbm   
    S     = 8.353673e+02 ft^2

Iteration  3:
    MTOW  = 8.939423e+04 lbm   
    OEW   = 5.137148e+04 lbm   
    Wbatt = 2.243847e+03 lbm   
    Wfuel = 1.881674e+04 lbm   
    Wem   = 5.256176e+02 lbm   
    Weg   = 0.000000e+00 lbm   
    S     = 8.353673e+02 ft^2

Initial Size:          
    MTOW  = 9.126388e+04 lbm   
    Wbatt = 2.243847e+03 lbm   
    Wfuel = 2.068639e+04 lbm   
    S     = 8.353673e+02 ft^2

Iteration  0:
    MTOW  = 8.972663e+04 lbm   
    OEW   = 5.137148e+04 lbm   
    Wbatt = 2.243847e+03 lbm   
    Wfuel = 1.914914e+04 lbm   
    Wem   = 5.256176e+02 lbm   
    Weg   = 0.000000e+00 lbm   
    S     = 8.353673e+02 ft^2

Iteration  1:
    MTOW  = 8.943539e+04 lbm   
    OEW   = 5.137148e+04 lbm   
    Wbatt = 2.243847e+03 lbm   
    Wfuel = 1.885790e+04 lbm   
    Wem   = 5.256176e+02 lbm   
    Weg   = 0.000000e+00 lbm   
    S     = 8.353673e+02 ft^2

Iteration  2:
    MTOW  = 8.939689e+04 lbm   
    OEW   = 5.137148e+04 lbm   
    Wbatt = 2.243847e+03 lbm   
    Wfuel = 1.881940e+04 lbm   
    Wem   = 5.256176e+02 lbm   
    Weg   = 0.000000e+00 lbm   
    S     = 8.353673e+02 ft^2

Iteration  3:
    MTOW  = 8.939423e+04 lbm   
    OEW   = 5.137148e+04 lbm   
    Wbatt = 2.243847e+03 lbm   
    Wfuel = 1.881674e+04 lbm   
    Wem   = 5.256176e+02 lbm   
    Weg   = 0.000000e+00 lbm   
    S     = 8.353673e+02 ft^2

Initial Size:          
    MTOW  = 9.126388e+04 lbm   
    Wbatt = 2.243847e+03 lbm   
    Wfuel = 2.068639e+04 lbm   
    S     = 8.353673e+02 ft^2

Iteration  0:
    MTOW  = 8.972663e+04 lbm   
    OEW   = 5.137148e+04 lbm   
    Wbatt = 2.243847e+03 lbm   
    Wfuel = 1.914914e+04 lbm   
    Wem   = 5.256176e+02 lbm   
    Weg   = 0.000000e+00 lbm   
    S     = 8.353673e+02 ft^2

Iteration  1:
    MTOW  = 8.943539e+04 lbm   
    OEW   = 5.137148e+04 lbm   
    Wbatt = 2.243847e+03 lbm   
    Wfuel = 1.885790e+04 lbm   
    Wem   = 5.256176e+02 lbm   
    Weg   = 0.000000e+00 lbm   
    S     = 8.353673e+02 ft^2

Iteration  2:
    MTOW  = 8.939689e+04 lbm   
    OEW   = 5.137148e+04 lbm   
    Wbatt = 2.243847e+03 lbm   
    Wfuel = 1.881940e+04 lbm   
    Wem   = 5.256176e+02 lbm   
    Weg   = 0.000000e+00 lbm   
    S     = 8.353673e+02 ft^2

Iteration  3:
    MTOW  = 8.939423e+04 lbm   
    OEW   = 5.137148e+04 lbm   
    Wbatt = 2.243847e+03 lbm   
    Wfuel = 1.881674e+04 lbm   
    Wem   = 5.256176e+02 lbm   
    Weg   = 0.000000e+00 lbm   
    S     = 8.353673e+02 ft^2

Initial Size:          
    MTOW  = 9.126388e+04 lbm   
    Wbatt = 2.243847e+03 lbm   
    Wfuel = 2.068639e+04 lbm   
    S     = 8.353673e+02 ft^2

Iteration  0:
    MTOW  = 8.972663e+04 lbm   
    OEW   = 5.137148e+04 lbm   
    Wbatt = 2.243847e+03 lbm   
    Wfuel = 1.914914e+04 lbm   
    Wem   = 5.256176e+02 lbm   
    Weg   = 0.000000e+00 lbm   
    S     = 8.353673e+02 ft^2

Iteration  1:
    MTOW  = 8.943539e+04 lbm   
    OEW   = 5.137148e+04 lbm   
    Wbatt = 2.243847e+03 lbm   
    Wfuel = 1.885790e+04 lbm   
    Wem   = 5.256176e+02 lbm   
    Weg   = 0.000000e+00 lbm   
    S     = 8.353673e+02 ft^2

Iteration  2:
    MTOW  = 8.939689e+04 lbm   
    OEW   = 5.137148e+04 lbm   
    Wbatt = 2.243847e+03 lbm   
    Wfuel = 1.881940e+04 lbm   
    Wem   = 5.256176e+02 lbm   
    Weg   = 0.000000e+00 lbm   
    S     = 8.353673e+02 ft^2

Iteration  3:
    MTOW  = 8.939423e+04 lbm   
    OEW   = 5.137148e+04 lbm   
    Wbatt = 2.243847e+03 lbm   
    Wfuel = 1.881674e+04 lbm   
    Wem   = 5.256176e+02 lbm   
    Weg   = 0.000000e+00 lbm   
    S     = 8.353673e+02 ft^2

Initial Size:          
    MTOW  = 9.126388e+04 lbm   
    Wbatt = 2.243847e+03 lbm   
    Wfuel = 2.068639e+04 lbm   
    S     = 8.353673e+02 ft^2

Iteration  0:
    MTOW  = 8.972663e+04 lbm   
    OEW   = 5.137148e+04 lbm   
    Wbatt = 2.243847e+03 lbm   
    Wfuel = 1.914914e+04 lbm   
    Wem   = 5.256176e+02 lbm   
    Weg   = 0.000000e+00 lbm   
    S     = 8.353673e+02 ft^2

Iteration  1:
    MTOW  = 8.943539e+04 lbm   
    OEW   = 5.137148e+04 lbm   
    Wbatt = 2.243847e+03 lbm   
    Wfuel = 1.885790e+04 lbm   
    Wem   = 5.256176e+02 lbm   
    Weg   = 0.000000e+00 lbm   
    S     = 8.353673e+02 ft^2

Iteration  2:
    MTOW  = 8.939689e+04 lbm   
    OEW   = 5.137148e+04 lbm   
    Wbatt = 2.243847e+03 lbm   
    Wfuel = 1.881940e+04 lbm   
    Wem   = 5.256176e+02 lbm   
    Weg   = 0.000000e+00 lbm   
    S     = 8.353673e+02 ft^2

Iteration  3:
    MTOW  = 8.939423e+04 lbm   
    OEW   = 5.137148e+04 lbm   
    Wbatt = 2.243847e+03 lbm   
    Wfuel = 1.881674e+04 lbm   
    Wem   = 5.256176e+02 lbm   
    Weg   = 0.000000e+00 lbm   
    S     = 8.353673e+02 ft^2

Initial Size:          
    MTOW  = 9.126388e+04 lbm   
    Wbatt = 2.243847e+03 lbm   
    Wfuel = 2.068639e+04 lbm   
    S     = 8.353673e+02 ft^2

Iteration  0:
    MTOW  = 8.972663e+04 lbm   
    OEW   = 5.137148e+04 lbm   
    Wbatt = 2.243847e+03 lbm   
    Wfuel = 1.914914e+04 lbm   
    Wem   = 5.256176e+02 lbm   
    Weg   = 0.000000e+00 lbm   
    S     = 8.353673e+02 ft^2

Iteration  1:
    MTOW  = 8.943539e+04 lbm   
    OEW   = 5.137148e+04 lbm   
    Wbatt = 2.243847e+03 lbm   
    Wfuel = 1.885790e+04 lbm   
    Wem   = 5.256176e+02 lbm   
    Weg   = 0.000000e+00 lbm   
    S     = 8.353673e+02 ft^2

Iteration  2:
    MTOW  = 8.939689e+04 lbm   
    OEW   = 5.137148e+04 lbm   
    Wbatt = 2.243847e+03 lbm   
    Wfuel = 1.881940e+04 lbm   
    Wem   = 5.256176e+02 lbm   
    Weg   = 0.000000e+00 lbm   
    S     = 8.353673e+02 ft^2

Iteration  3:
    MTOW  = 8.939423e+04 lbm   
    OEW   = 5.137148e+04 lbm   
    Wbatt = 2.243847e+03 lbm   
    Wfuel = 1.881674e+04 lbm   
    Wem   = 5.256176e+02 lbm   
    Weg   = 0.000000e+00 lbm   
    S     = 8.353673e+02 ft^2

Initial Size:          
    MTOW  = 9.126388e+04 lbm   
    Wbatt = 2.243847e+03 lbm   
    Wfuel = 2.068639e+04 lbm   
    S     = 8.353673e+02 ft^2

Iteration  0:
    MTOW  = 8.972663e+04 lbm   
    OEW   = 5.137148e+04 lbm   
    Wbatt = 2.243847e+03 lbm   
    Wfuel = 1.914914e+04 lbm   
    Wem   = 5.256176e+02 lbm   
    Weg   = 0.000000e+00 lbm   
    S     = 8.353673e+02 ft^2

Iteration  1:
    MTOW  = 8.943539e+04 lbm   
    OEW   = 5.137148e+04 lbm   
    Wbatt = 2.243847e+03 lbm   
    Wfuel = 1.885790e+04 lbm   
    Wem   = 5.256176e+02 lbm   
    Weg   = 0.000000e+00 lbm   
    S     = 8.353673e+02 ft^2

Iteration  2:
    MTOW  = 8.939689e+04 lbm   
    OEW   = 5.137148e+04 lbm   
    Wbatt = 2.243847e+03 lbm   
    Wfuel = 1.881940e+04 lbm   
    Wem   = 5.256176e+02 lbm   
    Weg   = 0.000000e+00 lbm   
    S     = 8.353673e+02 ft^2

Iteration  3:
    MTOW  = 8.939423e+04 lbm   
    OEW   = 5.137148e+04 lbm   
    Wbatt = 2.243847e+03 lbm   
    Wfuel = 1.881674e+04 lbm   
    Wem   = 5.256176e+02 lbm   
    Weg   = 0.000000e+00 lbm   
    S     = 8.353673e+02 ft^2

Initial Size:          
    MTOW  = 9.126388e+04 lbm   
    Wbatt = 2.243847e+03 lbm   
    Wfuel = 2.068639e+04 lbm   
    S     = 8.353673e+02 ft^2

Iteration  0:
    MTOW  = 8.972663e+04 lbm   
    OEW   = 5.137148e+04 lbm   
    Wbatt = 2.243847e+03 lbm   
    Wfuel = 1.914914e+04 lbm   
    Wem   = 5.256176e+02 lbm   
    Weg   = 0.000000e+00 lbm   
    S     = 8.353673e+02 ft^2

Iteration  1:
    MTOW  = 8.943539e+04 lbm   
    OEW   = 5.137148e+04 lbm   
    Wbatt = 2.243847e+03 lbm   
    Wfuel = 1.885790e+04 lbm   
    Wem   = 5.256176e+02 lbm   
    Weg   = 0.000000e+00 lbm   
    S     = 8.353673e+02 ft^2

Iteration  2:
    MTOW  = 8.939689e+04 lbm   
    OEW   = 5.137148e+04 lbm   
    Wbatt = 2.243847e+03 lbm   
    Wfuel = 1.881940e+04 lbm   
    Wem   = 5.256176e+02 lbm   
    Weg   = 0.000000e+00 lbm   
    S     = 8.353673e+02 ft^2

Iteration  3:
    MTOW  = 8.939423e+04 lbm   
    OEW   = 5.137148e+04 lbm   
    Wbatt = 2.243847e+03 lbm   
    Wfuel = 1.881674e+04 lbm   
    Wem   = 5.256176e+02 lbm   
    Weg   = 0.000000e+00 lbm   
    S     = 8.353673e+02 ft^2

Initial Size:          
    MTOW  = 9.126388e+04 lbm   
    Wbatt = 2.243847e+03 lbm   
    Wfuel = 2.068639e+04 lbm   
    S     = 8.353673e+02 ft^2

Iteration  0:
    MTOW  = 8.972663e+04 lbm   
    OEW   = 5.137148e+04 lbm   
    Wbatt = 2.243847e+03 lbm   
    Wfuel = 1.914914e+04 lbm   
    Wem   = 5.256176e+02 lbm   
    Weg   = 0.000000e+00 lbm   
    S     = 8.353673e+02 ft^2

Iteration  1:
    MTOW  = 8.943539e+04 lbm   
    OEW   = 5.137148e+04 lbm   
    Wbatt = 2.243847e+03 lbm   
    Wfuel = 1.885790e+04 lbm   
    Wem   = 5.256176e+02 lbm   
    Weg   = 0.000000e+00 lbm   
    S     = 8.353673e+02 ft^2

Iteration  2:
    MTOW  = 8.939689e+04 lbm   
    OEW   = 5.137148e+04 lbm   
    Wbatt = 2.243847e+03 lbm   
    Wfuel = 1.881940e+04 lbm   
    Wem   = 5.256176e+02 lbm   
    Weg   = 0.000000e+00 lbm   
    S     = 8.353673e+02 ft^2

Iteration  3:
    MTOW  = 8.939423e+04 lbm   
    OEW   = 5.137148e+04 lbm   
    Wbatt = 2.243847e+03 lbm   
    Wfuel = 1.881674e+04 lbm   
    Wem   = 5.256176e+02 lbm   
    Weg   = 0.000000e+00 lbm   
    S     = 8.353673e+02 ft^2

Initial Size:          
    MTOW  = 9.126388e+04 lbm   
    Wbatt = 2.243847e+03 lbm   
    Wfuel = 2.068639e+04 lbm   
    S     = 8.353673e+02 ft^2

Iteration  0:
    MTOW  = 8.972663e+04 lbm   
    OEW   = 5.137148e+04 lbm   
    Wbatt = 2.243847e+03 lbm   
    Wfuel = 1.914914e+04 lbm   
    Wem   = 5.256176e+02 lbm   
    Weg   = 0.000000e+00 lbm   
    S     = 8.353673e+02 ft^2

Iteration  1:
    MTOW  = 8.943539e+04 lbm   
    OEW   = 5.137148e+04 lbm   
    Wbatt = 2.243847e+03 lbm   
    Wfuel = 1.885790e+04 lbm   
    Wem   = 5.256176e+02 lbm   
    Weg   = 0.000000e+00 lbm   
    S     = 8.353673e+02 ft^2

Iteration  2:
    MTOW  = 8.939689e+04 lbm   
    OEW   = 5.137148e+04 lbm   
    Wbatt = 2.243847e+03 lbm   
    Wfuel = 1.881940e+04 lbm   
    Wem   = 5.256176e+02 lbm   
    Weg   = 0.000000e+00 lbm   
    S     = 8.353673e+02 ft^2

Iteration  3:
    MTOW  = 8.939423e+04 lbm   
    OEW   = 5.137148e+04 lbm   
    Wbatt = 2.243847e+03 lbm   
    Wfuel = 1.881674e+04 lbm   
    Wem   = 5.256176e+02 lbm   
    Weg   = 0.000000e+00 lbm   
    S     = 8.353673e+02 ft^2

 Iter  Func-count            Fval   Feasibility   Step Length       Norm of   First-order  
                                                                       step    optimality
    0          47    8.535130e+03     0.000e+00     1.000e+00     0.000e+00     3.668e+03  
Initial Size:          
    MTOW  = 9.126388e+04 lbm   
    Wbatt = 2.243847e+03 lbm   
    Wfuel = 2.068639e+04 lbm   
    S     = 8.353673e+02 ft^2

Iteration  0:
    MTOW  = 9.062370e+04 lbm   
    OEW   = 5.137148e+04 lbm   
    Wbatt = 2.243847e+03 lbm   
    Wfuel = 2.004622e+04 lbm   
    Wem   = 6.834393e+02 lbm   
    Weg   = 0.000000e+00 lbm   
    S     = 8.353673e+02 ft^2

Iteration  1:
    MTOW  = 9.054407e+04 lbm   
    OEW   = 5.137148e+04 lbm   
    Wbatt = 2.243847e+03 lbm   
    Wfuel = 1.996658e+04 lbm   
    Wem   = 6.834393e+02 lbm   
    Weg   = 0.000000e+00 lbm   
    S     = 8.353673e+02 ft^2

Iteration  2:
    MTOW  = 9.053817e+04 lbm   
    OEW   = 5.137148e+04 lbm   
    Wbatt = 2.243847e+03 lbm   
    Wfuel = 1.996068e+04 lbm   
    Wem   = 6.834393e+02 lbm   
    Weg   = 0.000000e+00 lbm   
    S     = 8.353673e+02 ft^2

Initial Size:          
    MTOW  = 9.126388e+04 lbm   
    Wbatt = 2.243847e+03 lbm   
    Wfuel = 2.068639e+04 lbm   
    S     = 8.353673e+02 ft^2

Iteration  0:
    MTOW  = 9.035637e+04 lbm   
    OEW   = 5.137148e+04 lbm   
    Wbatt = 2.243847e+03 lbm   
    Wfuel = 1.977889e+04 lbm   
    Wem   = 6.359556e+02 lbm   
    Weg   = 0.000000e+00 lbm   
    S     = 8.353673e+02 ft^2

Iteration  1:
    MTOW  = 9.014234e+04 lbm   
    OEW   = 5.137148e+04 lbm   
    Wbatt = 2.243847e+03 lbm   
    Wfuel = 1.956485e+04 lbm   
    Wem   = 6.359556e+02 lbm   
    Weg   = 0.000000e+00 lbm   
    S     = 8.353673e+02 ft^2

Iteration  2:
    MTOW  = 9.012080e+04 lbm   
    OEW   = 5.137148e+04 lbm   
    Wbatt = 2.243847e+03 lbm   
    Wfuel = 1.954331e+04 lbm   
    Wem   = 6.359556e+02 lbm   
    Weg   = 0.000000e+00 lbm   
    S     = 8.353673e+02 ft^2

Iteration  3:
    MTOW  = 9.011577e+04 lbm   
    OEW   = 5.137148e+04 lbm   
    Wbatt = 2.243847e+03 lbm   
    Wfuel = 1.953829e+04 lbm   
    Wem   = 6.359556e+02 lbm   
    Weg   = 0.000000e+00 lbm   
    S     = 8.353673e+02 ft^2

Initial Size:          
    MTOW  = 9.126388e+04 lbm   
    Wbatt = 2.243847e+03 lbm   
    Wfuel = 2.068639e+04 lbm   
    S     = 8.353673e+02 ft^2

Iteration  0:
    MTOW  = 9.047431e+04 lbm   
    OEW   = 5.137148e+04 lbm   
    Wbatt = 2.243847e+03 lbm   
    Wfuel = 1.989682e+04 lbm   
    Wem   = 6.027842e+02 lbm   
    Weg   = 0.000000e+00 lbm   
    S     = 8.353673e+02 ft^2

Iteration  1:
    MTOW  = 9.026119e+04 lbm   
    OEW   = 5.137148e+04 lbm   
    Wbatt = 2.243847e+03 lbm   
    Wfuel = 1.968371e+04 lbm   
    Wem   = 6.027842e+02 lbm   
    Weg   = 0.000000e+00 lbm   
    S     = 8.353673e+02 ft^2

Iteration  2:
    MTOW  = 9.022853e+04 lbm   
    OEW   = 5.137148e+04 lbm   
    Wbatt = 2.243847e+03 lbm   
    Wfuel = 1.965104e+04 lbm   
    Wem   = 6.027842e+02 lbm   
    Weg   = 0.000000e+00 lbm   
    S     = 8.353673e+02 ft^2

Iteration  3:
    MTOW  = 9.022566e+04 lbm   
    OEW   = 5.137148e+04 lbm   
    Wbatt = 2.243847e+03 lbm   
    Wfuel = 1.964817e+04 lbm   
    Wem   = 6.027842e+02 lbm   
    Weg   = 0.000000e+00 lbm   
    S     = 8.353673e+02 ft^2

Initial Size:          
    MTOW  = 9.126388e+04 lbm   
    Wbatt = 2.243847e+03 lbm   
    Wfuel = 2.068639e+04 lbm   
    S     = 8.353673e+02 ft^2

Iteration  0:
    MTOW  = 8.987839e+04 lbm   
    OEW   = 5.137148e+04 lbm   
    Wbatt = 2.243847e+03 lbm   
    Wfuel = 1.930090e+04 lbm   
    Wem   = 5.795989e+02 lbm   
    Weg   = 0.000000e+00 lbm   
    S     = 8.353673e+02 ft^2

Iteration  1:
    MTOW  = 8.994041e+04 lbm   
    OEW   = 5.137148e+04 lbm   
    Wbatt = 2.243847e+03 lbm   
    Wfuel = 1.936293e+04 lbm   
    Wem   = 5.795989e+02 lbm   
    Weg   = 0.000000e+00 lbm   
    S     = 8.353673e+02 ft^2

Iteration  2:
    MTOW  = 8.999319e+04 lbm   
    OEW   = 5.137148e+04 lbm   
    Wbatt = 2.243847e+03 lbm   
    Wfuel = 1.941570e+04 lbm   
    Wem   = 5.795989e+02 lbm   
    Weg   = 0.000000e+00 lbm   
    S     = 8.353673e+02 ft^2

Iteration  3:
    MTOW  = 9.000653e+04 lbm   
    OEW   = 5.137148e+04 lbm   
    Wbatt = 2.243847e+03 lbm   
    Wfuel = 1.942905e+04 lbm   
    Wem   = 5.795989e+02 lbm   
    Weg   = 0.000000e+00 lbm   
    S     = 8.353673e+02 ft^2

Initial Size:          
    MTOW  = 9.126388e+04 lbm   
    Wbatt = 2.243847e+03 lbm   
    Wfuel = 2.068639e+04 lbm   
    S     = 8.353673e+02 ft^2

Iteration  0:
    MTOW  = 9.002523e+04 lbm   
    OEW   = 5.137148e+04 lbm   
    Wbatt = 2.243847e+03 lbm   
    Wfuel = 1.944775e+04 lbm   
    Wem   = 5.633868e+02 lbm   
    Weg   = 0.000000e+00 lbm   
    S     = 8.353673e+02 ft^2

Iteration  1:
    MTOW  = 8.975121e+04 lbm   
    OEW   = 5.137148e+04 lbm   
    Wbatt = 2.243847e+03 lbm   
    Wfuel = 1.917372e+04 lbm   
    Wem   = 5.633868e+02 lbm   
    Weg   = 0.000000e+00 lbm   
    S     = 8.353673e+02 ft^2

Iteration  2:
    MTOW  = 8.972166e+04 lbm   
    OEW   = 5.137148e+04 lbm   
    Wbatt = 2.243847e+03 lbm   
    Wfuel = 1.914417e+04 lbm   
    Wem   = 5.633868e+02 lbm   
    Weg   = 0.000000e+00 lbm   
    S     = 8.353673e+02 ft^2

Iteration  3:
    MTOW  = 8.972252e+04 lbm   
    OEW   = 5.137148e+04 lbm   
    Wbatt = 2.243847e+03 lbm   
    Wfuel = 1.914503e+04 lbm   
    Wem   = 5.633868e+02 lbm   
    Weg   = 0.000000e+00 lbm   
    S     = 8.353673e+02 ft^2

Initial Size:          
    MTOW  = 9.126388e+04 lbm   
    Wbatt = 2.243847e+03 lbm   
    Wfuel = 2.068639e+04 lbm   
    S     = 8.353673e+02 ft^2

Iteration  0:
    MTOW  = 8.992566e+04 lbm   
    OEW   = 5.137148e+04 lbm   
    Wbatt = 2.243847e+03 lbm   
    Wfuel = 1.934817e+04 lbm   
    Wem   = 5.520473e+02 lbm   
    Weg   = 0.000000e+00 lbm   
    S     = 8.353673e+02 ft^2

Iteration  1:
    MTOW  = 8.967501e+04 lbm   
    OEW   = 5.137148e+04 lbm   
    Wbatt = 2.243847e+03 lbm   
    Wfuel = 1.909753e+04 lbm   
    Wem   = 5.520473e+02 lbm   
    Weg   = 0.000000e+00 lbm   
    S     = 8.353673e+02 ft^2

Iteration  2:
    MTOW  = 8.964451e+04 lbm   
    OEW   = 5.137148e+04 lbm   
    Wbatt = 2.243847e+03 lbm   
    Wfuel = 1.906703e+04 lbm   
    Wem   = 5.520473e+02 lbm   
    Weg   = 0.000000e+00 lbm   
    S     = 8.353673e+02 ft^2

Iteration  3:
    MTOW  = 8.963816e+04 lbm   
    OEW   = 5.137148e+04 lbm   
    Wbatt = 2.243847e+03 lbm   
    Wfuel = 1.906067e+04 lbm   
    Wem   = 5.520473e+02 lbm   
    Weg   = 0.000000e+00 lbm   
    S     = 8.353673e+02 ft^2

Initial Size:          
    MTOW  = 9.126388e+04 lbm   
    Wbatt = 2.243847e+03 lbm   
    Wfuel = 2.068639e+04 lbm   
    S     = 8.353673e+02 ft^2

Iteration  0:
    MTOW  = 8.980308e+04 lbm   
    OEW   = 5.137148e+04 lbm   
    Wbatt = 2.243847e+03 lbm   
    Wfuel = 1.922560e+04 lbm   
    Wem   = 5.441140e+02 lbm   
    Weg   = 0.000000e+00 lbm   
    S     = 8.353673e+02 ft^2

Iteration  1:
    MTOW  = 8.961049e+04 lbm   
    OEW   = 5.137148e+04 lbm   
    Wbatt = 2.243847e+03 lbm   
    Wfuel = 1.903301e+04 lbm   
    Wem   = 5.441140e+02 lbm   
    Weg   = 0.000000e+00 lbm   
    S     = 8.353673e+02 ft^2

Iteration  2:
    MTOW  = 8.958638e+04 lbm   
    OEW   = 5.137148e+04 lbm   
    Wbatt = 2.243847e+03 lbm   
    Wfuel = 1.900890e+04 lbm   
    Wem   = 5.441140e+02 lbm   
    Weg   = 0.000000e+00 lbm   
    S     = 8.353673e+02 ft^2

Iteration  3:
    MTOW  = 8.958640e+04 lbm   
    OEW   = 5.137148e+04 lbm   
    Wbatt = 2.243847e+03 lbm   
    Wfuel = 1.900891e+04 lbm   
    Wem   = 5.441140e+02 lbm   
    Weg   = 0.000000e+00 lbm   
    S     = 8.353673e+02 ft^2

Initial Size:          
    MTOW  = 9.126388e+04 lbm   
    Wbatt = 2.243847e+03 lbm   
    Wfuel = 2.068639e+04 lbm   
    S     = 8.353673e+02 ft^2

Iteration  0:
    MTOW  = 8.980036e+04 lbm   
    OEW   = 5.137148e+04 lbm   
    Wbatt = 2.243847e+03 lbm   
    Wfuel = 1.922287e+04 lbm   
    Wem   = 5.385629e+02 lbm   
    Weg   = 0.000000e+00 lbm   
    S     = 8.353673e+02 ft^2

Iteration  1:
    MTOW  = 8.951120e+04 lbm   
    OEW   = 5.137148e+04 lbm   
    Wbatt = 2.243847e+03 lbm   
    Wfuel = 1.893371e+04 lbm   
    Wem   = 5.385629e+02 lbm   
    Weg   = 0.000000e+00 lbm   
    S     = 8.353673e+02 ft^2

Iteration  2:
    MTOW  = 8.948033e+04 lbm   
    OEW   = 5.137148e+04 lbm   
    Wbatt = 2.243847e+03 lbm   
    Wfuel = 1.890285e+04 lbm   
    Wem   = 5.385629e+02 lbm   
    Weg   = 0.000000e+00 lbm   
    S     = 8.353673e+02 ft^2

Iteration  3:
    MTOW  = 8.947404e+04 lbm   
    OEW   = 5.137148e+04 lbm   
    Wbatt = 2.243847e+03 lbm   
    Wfuel = 1.889655e+04 lbm   
    Wem   = 5.385629e+02 lbm   
    Weg   = 0.000000e+00 lbm   
    S     = 8.353673e+02 ft^2

Initial Size:          
    MTOW  = 9.126388e+04 lbm   
    Wbatt = 2.243847e+03 lbm   
    Wfuel = 2.068639e+04 lbm   
    S     = 8.353673e+02 ft^2

Iteration  0:
    MTOW  = 8.970759e+04 lbm   
    OEW   = 5.137148e+04 lbm   
    Wbatt = 2.243847e+03 lbm   
    Wfuel = 1.913010e+04 lbm   
    Wem   = 5.346783e+02 lbm   
    Weg   = 0.000000e+00 lbm   
    S     = 8.353673e+02 ft^2

Iteration  1:
    MTOW  = 8.941195e+04 lbm   
    OEW   = 5.137148e+04 lbm   
    Wbatt = 2.243847e+03 lbm   
    Wfuel = 1.883446e+04 lbm   
    Wem   = 5.346783e+02 lbm   
    Weg   = 0.000000e+00 lbm   
    S     = 8.353673e+02 ft^2

Iteration  2:
    MTOW  = 8.938442e+04 lbm   
    OEW   = 5.137148e+04 lbm   
    Wbatt = 2.243847e+03 lbm   
    Wfuel = 1.880693e+04 lbm   
    Wem   = 5.346783e+02 lbm   
    Weg   = 0.000000e+00 lbm   
    S     = 8.353673e+02 ft^2

Iteration  3:
    MTOW  = 8.938372e+04 lbm   
    OEW   = 5.137148e+04 lbm   
    Wbatt = 2.243847e+03 lbm   
    Wfuel = 1.880624e+04 lbm   
    Wem   = 5.346783e+02 lbm   
    Weg   = 0.000000e+00 lbm   
    S     = 8.353673e+02 ft^2

Initial Size:          
    MTOW  = 9.126388e+04 lbm   
    Wbatt = 2.243847e+03 lbm   
    Wfuel = 2.068639e+04 lbm   
    S     = 8.353673e+02 ft^2

Iteration  0:
    MTOW  = 8.970759e+04 lbm   
    OEW   = 5.137148e+04 lbm   
    Wbatt = 2.243847e+03 lbm   
    Wfuel = 1.913010e+04 lbm   
    Wem   = 5.346783e+02 lbm   
    Weg   = 0.000000e+00 lbm   
    S     = 8.353673e+02 ft^2

Iteration  1:
    MTOW  = 8.941195e+04 lbm   
    OEW   = 5.137148e+04 lbm   
    Wbatt = 2.243847e+03 lbm   
    Wfuel = 1.883446e+04 lbm   
    Wem   = 5.346783e+02 lbm   
    Weg   = 0.000000e+00 lbm   
    S     = 8.353673e+02 ft^2

Iteration  2:
    MTOW  = 8.938442e+04 lbm   
    OEW   = 5.137148e+04 lbm   
    Wbatt = 2.243847e+03 lbm   
    Wfuel = 1.880693e+04 lbm   
    Wem   = 5.346783e+02 lbm   
    Weg   = 0.000000e+00 lbm   
    S     = 8.353673e+02 ft^2

Iteration  3:
    MTOW  = 8.938372e+04 lbm   
    OEW   = 5.137148e+04 lbm   
    Wbatt = 2.243847e+03 lbm   
    Wfuel = 1.880624e+04 lbm   
    Wem   = 5.346783e+02 lbm   
    Weg   = 0.000000e+00 lbm   
    S     = 8.353673e+02 ft^2

Initial Size:          
    MTOW  = 9.126388e+04 lbm   
    Wbatt = 2.243847e+03 lbm   
    Wfuel = 2.068639e+04 lbm   
    S     = 8.353673e+02 ft^2

Iteration  0:
    MTOW  = 8.970759e+04 lbm   
    OEW   = 5.137148e+04 lbm   
    Wbatt = 2.243847e+03 lbm   
    Wfuel = 1.913010e+04 lbm   
    Wem   = 5.346783e+02 lbm   
    Weg   = 0.000000e+00 lbm   
    S     = 8.353673e+02 ft^2

Iteration  1:
    MTOW  = 8.941195e+04 lbm   
    OEW   = 5.137148e+04 lbm   
    Wbatt = 2.243847e+03 lbm   
    Wfuel = 1.883446e+04 lbm   
    Wem   = 5.346783e+02 lbm   
    Weg   = 0.000000e+00 lbm   
    S     = 8.353673e+02 ft^2

Iteration  2:
    MTOW  = 8.938442e+04 lbm   
    OEW   = 5.137148e+04 lbm   
    Wbatt = 2.243847e+03 lbm   
    Wfuel = 1.880693e+04 lbm   
    Wem   = 5.346783e+02 lbm   
    Weg   = 0.000000e+00 lbm   
    S     = 8.353673e+02 ft^2

Iteration  3:
    MTOW  = 8.938372e+04 lbm   
    OEW   = 5.137148e+04 lbm   
    Wbatt = 2.243847e+03 lbm   
    Wfuel = 1.880624e+04 lbm   
    Wem   = 5.346783e+02 lbm   
    Weg   = 0.000000e+00 lbm   
    S     = 8.353673e+02 ft^2

Initial Size:          
    MTOW  = 9.126388e+04 lbm   
    Wbatt = 2.243847e+03 lbm   
    Wfuel = 2.068639e+04 lbm   
    S     = 8.353673e+02 ft^2

Iteration  0:
    MTOW  = 8.970759e+04 lbm   
    OEW   = 5.137148e+04 lbm   
    Wbatt = 2.243847e+03 lbm   
    Wfuel = 1.913010e+04 lbm   
    Wem   = 5.346783e+02 lbm   
    Weg   = 0.000000e+00 lbm   
    S     = 8.353673e+02 ft^2

Iteration  1:
    MTOW  = 8.941195e+04 lbm   
    OEW   = 5.137148e+04 lbm   
    Wbatt = 2.243847e+03 lbm   
    Wfuel = 1.883446e+04 lbm   
    Wem   = 5.346783e+02 lbm   
    Weg   = 0.000000e+00 lbm   
    S     = 8.353673e+02 ft^2

Iteration  2:
    MTOW  = 8.938442e+04 lbm   
    OEW   = 5.137148e+04 lbm   
    Wbatt = 2.243847e+03 lbm   
    Wfuel = 1.880693e+04 lbm   
    Wem   = 5.346783e+02 lbm   
    Weg   = 0.000000e+00 lbm   
    S     = 8.353673e+02 ft^2

Iteration  3:
    MTOW  = 8.938372e+04 lbm   
    OEW   = 5.137148e+04 lbm   
    Wbatt = 2.243847e+03 lbm   
    Wfuel = 1.880624e+04 lbm   
    Wem   = 5.346783e+02 lbm   
    Weg   = 0.000000e+00 lbm   
    S     = 8.353673e+02 ft^2

Initial Size:          
    MTOW  = 9.126388e+04 lbm   
    Wbatt = 2.243847e+03 lbm   
    Wfuel = 2.068639e+04 lbm   
    S     = 8.353673e+02 ft^2

Iteration  0:
    MTOW  = 8.970759e+04 lbm   
    OEW   = 5.137148e+04 lbm   
    Wbatt = 2.243847e+03 lbm   
    Wfuel = 1.913010e+04 lbm   
    Wem   = 5.346783e+02 lbm   
    Weg   = 0.000000e+00 lbm   
    S     = 8.353673e+02 ft^2

Iteration  1:
    MTOW  = 8.941195e+04 lbm   
    OEW   = 5.137148e+04 lbm   
    Wbatt = 2.243847e+03 lbm   
    Wfuel = 1.883446e+04 lbm   
    Wem   = 5.346783e+02 lbm   
    Weg   = 0.000000e+00 lbm   
    S     = 8.353673e+02 ft^2

Iteration  2:
    MTOW  = 8.938442e+04 lbm   
    OEW   = 5.137148e+04 lbm   
    Wbatt = 2.243847e+03 lbm   
    Wfuel = 1.880693e+04 lbm   
    Wem   = 5.346783e+02 lbm   
    Weg   = 0.000000e+00 lbm   
    S     = 8.353673e+02 ft^2

Iteration  3:
    MTOW  = 8.938372e+04 lbm   
    OEW   = 5.137148e+04 lbm   
    Wbatt = 2.243847e+03 lbm   
    Wfuel = 1.880624e+04 lbm   
    Wem   = 5.346783e+02 lbm   
    Weg   = 0.000000e+00 lbm   
    S     = 8.353673e+02 ft^2

Initial Size:          
    MTOW  = 9.126388e+04 lbm   
    Wbatt = 2.243847e+03 lbm   
    Wfuel = 2.068639e+04 lbm   
    S     = 8.353673e+02 ft^2

Iteration  0:
    MTOW  = 8.970759e+04 lbm   
    OEW   = 5.137148e+04 lbm   
    Wbatt = 2.243847e+03 lbm   
    Wfuel = 1.913010e+04 lbm   
    Wem   = 5.346783e+02 lbm   
    Weg   = 0.000000e+00 lbm   
    S     = 8.353673e+02 ft^2

Iteration  1:
    MTOW  = 8.941195e+04 lbm   
    OEW   = 5.137148e+04 lbm   
    Wbatt = 2.243847e+03 lbm   
    Wfuel = 1.883446e+04 lbm   
    Wem   = 5.346783e+02 lbm   
    Weg   = 0.000000e+00 lbm   
    S     = 8.353673e+02 ft^2

Iteration  2:
    MTOW  = 8.938442e+04 lbm   
    OEW   = 5.137148e+04 lbm   
    Wbatt = 2.243847e+03 lbm   
    Wfuel = 1.880693e+04 lbm   
    Wem   = 5.346783e+02 lbm   
    Weg   = 0.000000e+00 lbm   
    S     = 8.353673e+02 ft^2

Iteration  3:
    MTOW  = 8.938372e+04 lbm   
    OEW   = 5.137148e+04 lbm   
    Wbatt = 2.243847e+03 lbm   
    Wfuel = 1.880624e+04 lbm   
    Wem   = 5.346783e+02 lbm   
    Weg   = 0.000000e+00 lbm   
    S     = 8.353673e+02 ft^2

Initial Size:          
    MTOW  = 9.126388e+04 lbm   
    Wbatt = 2.243847e+03 lbm   
    Wfuel = 2.068639e+04 lbm   
    S     = 8.353673e+02 ft^2

Iteration  0:
    MTOW  = 8.970759e+04 lbm   
    OEW   = 5.137148e+04 lbm   
    Wbatt = 2.243847e+03 lbm   
    Wfuel = 1.913010e+04 lbm   
    Wem   = 5.346783e+02 lbm   
    Weg   = 0.000000e+00 lbm   
    S     = 8.353673e+02 ft^2

Iteration  1:
    MTOW  = 8.941195e+04 lbm   
    OEW   = 5.137148e+04 lbm   
    Wbatt = 2.243847e+03 lbm   
    Wfuel = 1.883446e+04 lbm   
    Wem   = 5.346783e+02 lbm   
    Weg   = 0.000000e+00 lbm   
    S     = 8.353673e+02 ft^2

Iteration  2:
    MTOW  = 8.938442e+04 lbm   
    OEW   = 5.137148e+04 lbm   
    Wbatt = 2.243847e+03 lbm   
    Wfuel = 1.880693e+04 lbm   
    Wem   = 5.346783e+02 lbm   
    Weg   = 0.000000e+00 lbm   
    S     = 8.353673e+02 ft^2

Iteration  3:
    MTOW  = 8.938372e+04 lbm   
    OEW   = 5.137148e+04 lbm   
    Wbatt = 2.243847e+03 lbm   
    Wfuel = 1.880624e+04 lbm   
    Wem   = 5.346783e+02 lbm   
    Weg   = 0.000000e+00 lbm   
    S     = 8.353673e+02 ft^2

Initial Size:          
    MTOW  = 9.126388e+04 lbm   
    Wbatt = 2.243847e+03 lbm   
    Wfuel = 2.068639e+04 lbm   
    S     = 8.353673e+02 ft^2

Iteration  0:
    MTOW  = 8.970759e+04 lbm   
    OEW   = 5.137148e+04 lbm   
    Wbatt = 2.243847e+03 lbm   
    Wfuel = 1.913010e+04 lbm   
    Wem   = 5.346783e+02 lbm   
    Weg   = 0.000000e+00 lbm   
    S     = 8.353673e+02 ft^2

Iteration  1:
    MTOW  = 8.941195e+04 lbm   
    OEW   = 5.137148e+04 lbm   
    Wbatt = 2.243847e+03 lbm   
    Wfuel = 1.883446e+04 lbm   
    Wem   = 5.346783e+02 lbm   
    Weg   = 0.000000e+00 lbm   
    S     = 8.353673e+02 ft^2

Iteration  2:
    MTOW  = 8.938442e+04 lbm   
    OEW   = 5.137148e+04 lbm   
    Wbatt = 2.243847e+03 lbm   
    Wfuel = 1.880693e+04 lbm   
    Wem   = 5.346783e+02 lbm   
    Weg   = 0.000000e+00 lbm   
    S     = 8.353673e+02 ft^2

Iteration  3:
    MTOW  = 8.938372e+04 lbm   
    OEW   = 5.137148e+04 lbm   
    Wbatt = 2.243847e+03 lbm   
    Wfuel = 1.880624e+04 lbm   
    Wem   = 5.346783e+02 lbm   
    Weg   = 0.000000e+00 lbm   
    S     = 8.353673e+02 ft^2

Initial Size:          
    MTOW  = 9.126388e+04 lbm   
    Wbatt = 2.243847e+03 lbm   
    Wfuel = 2.068639e+04 lbm   
    S     = 8.353673e+02 ft^2

Iteration  0:
    MTOW  = 8.970759e+04 lbm   
    OEW   = 5.137148e+04 lbm   
    Wbatt = 2.243847e+03 lbm   
    Wfuel = 1.913010e+04 lbm   
    Wem   = 5.346783e+02 lbm   
    Weg   = 0.000000e+00 lbm   
    S     = 8.353673e+02 ft^2

Iteration  1:
    MTOW  = 8.941195e+04 lbm   
    OEW   = 5.137148e+04 lbm   
    Wbatt = 2.243847e+03 lbm   
    Wfuel = 1.883446e+04 lbm   
    Wem   = 5.346783e+02 lbm   
    Weg   = 0.000000e+00 lbm   
    S     = 8.353673e+02 ft^2

Iteration  2:
    MTOW  = 8.938442e+04 lbm   
    OEW   = 5.137148e+04 lbm   
    Wbatt = 2.243847e+03 lbm   
    Wfuel = 1.880693e+04 lbm   
    Wem   = 5.346783e+02 lbm   
    Weg   = 0.000000e+00 lbm   
    S     = 8.353673e+02 ft^2

Iteration  3:
    MTOW  = 8.938372e+04 lbm   
    OEW   = 5.137148e+04 lbm   
    Wbatt = 2.243847e+03 lbm   
    Wfuel = 1.880624e+04 lbm   
    Wem   = 5.346783e+02 lbm   
    Weg   = 0.000000e+00 lbm   
    S     = 8.353673e+02 ft^2

Initial Size:          
    MTOW  = 9.126388e+04 lbm   
    Wbatt = 2.243847e+03 lbm   
    Wfuel = 2.068639e+04 lbm   
    S     = 8.353673e+02 ft^2

Iteration  0:
    MTOW  = 8.970759e+04 lbm   
    OEW   = 5.137148e+04 lbm   
    Wbatt = 2.243847e+03 lbm   
    Wfuel = 1.913010e+04 lbm   
    Wem   = 5.346783e+02 lbm   
    Weg   = 0.000000e+00 lbm   
    S     = 8.353673e+02 ft^2

Iteration  1:
    MTOW  = 8.941195e+04 lbm   
    OEW   = 5.137148e+04 lbm   
    Wbatt = 2.243847e+03 lbm   
    Wfuel = 1.883446e+04 lbm   
    Wem   = 5.346783e+02 lbm   
    Weg   = 0.000000e+00 lbm   
    S     = 8.353673e+02 ft^2

Iteration  2:
    MTOW  = 8.938442e+04 lbm   
    OEW   = 5.137148e+04 lbm   
    Wbatt = 2.243847e+03 lbm   
    Wfuel = 1.880693e+04 lbm   
    Wem   = 5.346783e+02 lbm   
    Weg   = 0.000000e+00 lbm   
    S     = 8.353673e+02 ft^2

Iteration  3:
    MTOW  = 8.938372e+04 lbm   
    OEW   = 5.137148e+04 lbm   
    Wbatt = 2.243847e+03 lbm   
    Wfuel = 1.880624e+04 lbm   
    Wem   = 5.346783e+02 lbm   
    Weg   = 0.000000e+00 lbm   
    S     = 8.353673e+02 ft^2

Initial Size:          
    MTOW  = 9.126388e+04 lbm   
    Wbatt = 2.243847e+03 lbm   
    Wfuel = 2.068639e+04 lbm   
    S     = 8.353673e+02 ft^2

Iteration  0:
    MTOW  = 8.970759e+04 lbm   
    OEW   = 5.137148e+04 lbm   
    Wbatt = 2.243847e+03 lbm   
    Wfuel = 1.913010e+04 lbm   
    Wem   = 5.346784e+02 lbm   
    Weg   = 0.000000e+00 lbm   
    S     = 8.353673e+02 ft^2

Iteration  1:
    MTOW  = 8.941195e+04 lbm   
    OEW   = 5.137148e+04 lbm   
    Wbatt = 2.243847e+03 lbm   
    Wfuel = 1.883446e+04 lbm   
    Wem   = 5.346784e+02 lbm   
    Weg   = 0.000000e+00 lbm   
    S     = 8.353673e+02 ft^2

Iteration  2:
    MTOW  = 8.938442e+04 lbm   
    OEW   = 5.137148e+04 lbm   
    Wbatt = 2.243847e+03 lbm   
    Wfuel = 1.880693e+04 lbm   
    Wem   = 5.346784e+02 lbm   
    Weg   = 0.000000e+00 lbm   
    S     = 8.353673e+02 ft^2

Iteration  3:
    MTOW  = 8.938372e+04 lbm   
    OEW   = 5.137148e+04 lbm   
    Wbatt = 2.243847e+03 lbm   
    Wfuel = 1.880624e+04 lbm   
    Wem   = 5.346784e+02 lbm   
    Weg   = 0.000000e+00 lbm   
    S     = 8.353673e+02 ft^2

Initial Size:          
    MTOW  = 9.126388e+04 lbm   
    Wbatt = 2.243847e+03 lbm   
    Wfuel = 2.068639e+04 lbm   
    S     = 8.353673e+02 ft^2

Iteration  0:
    MTOW  = 8.970759e+04 lbm   
    OEW   = 5.137148e+04 lbm   
    Wbatt = 2.243847e+03 lbm   
    Wfuel = 1.913010e+04 lbm   
    Wem   = 5.346783e+02 lbm   
    Weg   = 0.000000e+00 lbm   
    S     = 8.353673e+02 ft^2

Iteration  1:
    MTOW  = 8.941195e+04 lbm   
    OEW   = 5.137148e+04 lbm   
    Wbatt = 2.243847e+03 lbm   
    Wfuel = 1.883446e+04 lbm   
    Wem   = 5.346783e+02 lbm   
    Weg   = 0.000000e+00 lbm   
    S     = 8.353673e+02 ft^2

Iteration  2:
    MTOW  = 8.938442e+04 lbm   
    OEW   = 5.137148e+04 lbm   
    Wbatt = 2.243847e+03 lbm   
    Wfuel = 1.880693e+04 lbm   
    Wem   = 5.346783e+02 lbm   
    Weg   = 0.000000e+00 lbm   
    S     = 8.353673e+02 ft^2

Iteration  3:
    MTOW  = 8.938372e+04 lbm   
    OEW   = 5.137148e+04 lbm   
    Wbatt = 2.243847e+03 lbm   
    Wfuel = 1.880624e+04 lbm   
    Wem   = 5.346783e+02 lbm   
    Weg   = 0.000000e+00 lbm   
    S     = 8.353673e+02 ft^2

Initial Size:          
    MTOW  = 9.126388e+04 lbm   
    Wbatt = 2.243847e+03 lbm   
    Wfuel = 2.068639e+04 lbm   
    S     = 8.353673e+02 ft^2

Iteration  0:
    MTOW  = 8.970759e+04 lbm   
    OEW   = 5.137148e+04 lbm   
    Wbatt = 2.243847e+03 lbm   
    Wfuel = 1.913010e+04 lbm   
    Wem   = 5.346783e+02 lbm   
    Weg   = 0.000000e+00 lbm   
    S     = 8.353673e+02 ft^2

Iteration  1:
    MTOW  = 8.941195e+04 lbm   
    OEW   = 5.137148e+04 lbm   
    Wbatt = 2.243847e+03 lbm   
    Wfuel = 1.883446e+04 lbm   
    Wem   = 5.346783e+02 lbm   
    Weg   = 0.000000e+00 lbm   
    S     = 8.353673e+02 ft^2

Iteration  2:
    MTOW  = 8.938442e+04 lbm   
    OEW   = 5.137148e+04 lbm   
    Wbatt = 2.243847e+03 lbm   
    Wfuel = 1.880693e+04 lbm   
    Wem   = 5.346783e+02 lbm   
    Weg   = 0.000000e+00 lbm   
    S     = 8.353673e+02 ft^2

Iteration  3:
    MTOW  = 8.938372e+04 lbm   
    OEW   = 5.137148e+04 lbm   
    Wbatt = 2.243847e+03 lbm   
    Wfuel = 1.880624e+04 lbm   
    Wem   = 5.346783e+02 lbm   
    Weg   = 0.000000e+00 lbm   
    S     = 8.353673e+02 ft^2

Initial Size:          
    MTOW  = 9.126388e+04 lbm   
    Wbatt = 2.243847e+03 lbm   
    Wfuel = 2.068639e+04 lbm   
    S     = 8.353673e+02 ft^2

Iteration  0:
    MTOW  = 8.970759e+04 lbm   
    OEW   = 5.137148e+04 lbm   
    Wbatt = 2.243847e+03 lbm   
    Wfuel = 1.913010e+04 lbm   
    Wem   = 5.346783e+02 lbm   
    Weg   = 0.000000e+00 lbm   
    S     = 8.353673e+02 ft^2

Iteration  1:
    MTOW  = 8.941195e+04 lbm   
    OEW   = 5.137148e+04 lbm   
    Wbatt = 2.243847e+03 lbm   
    Wfuel = 1.883446e+04 lbm   
    Wem   = 5.346783e+02 lbm   
    Weg   = 0.000000e+00 lbm   
    S     = 8.353673e+02 ft^2

Iteration  2:
    MTOW  = 8.938442e+04 lbm   
    OEW   = 5.137148e+04 lbm   
    Wbatt = 2.243847e+03 lbm   
    Wfuel = 1.880693e+04 lbm   
    Wem   = 5.346783e+02 lbm   
    Weg   = 0.000000e+00 lbm   
    S     = 8.353673e+02 ft^2

Iteration  3:
    MTOW  = 8.938372e+04 lbm   
    OEW   = 5.137148e+04 lbm   
    Wbatt = 2.243847e+03 lbm   
    Wfuel = 1.880624e+04 lbm   
    Wem   = 5.346783e+02 lbm   
    Weg   = 0.000000e+00 lbm   
    S     = 8.353673e+02 ft^2

Initial Size:          
    MTOW  = 9.126388e+04 lbm   
    Wbatt = 2.243847e+03 lbm   
    Wfuel = 2.068639e+04 lbm   
    S     = 8.353673e+02 ft^2

Iteration  0:
    MTOW  = 8.970759e+04 lbm   
    OEW   = 5.137148e+04 lbm   
    Wbatt = 2.243847e+03 lbm   
    Wfuel = 1.913010e+04 lbm   
    Wem   = 5.346783e+02 lbm   
    Weg   = 0.000000e+00 lbm   
    S     = 8.353673e+02 ft^2

Iteration  1:
    MTOW  = 8.941195e+04 lbm   
    OEW   = 5.137148e+04 lbm   
    Wbatt = 2.243847e+03 lbm   
    Wfuel = 1.883446e+04 lbm   
    Wem   = 5.346783e+02 lbm   
    Weg   = 0.000000e+00 lbm   
    S     = 8.353673e+02 ft^2

Iteration  2:
    MTOW  = 8.938442e+04 lbm   
    OEW   = 5.137148e+04 lbm   
    Wbatt = 2.243847e+03 lbm   
    Wfuel = 1.880693e+04 lbm   
    Wem   = 5.346783e+02 lbm   
    Weg   = 0.000000e+00 lbm   
    S     = 8.353673e+02 ft^2

Iteration  3:
    MTOW  = 8.938372e+04 lbm   
    OEW   = 5.137148e+04 lbm   
    Wbatt = 2.243847e+03 lbm   
    Wfuel = 1.880624e+04 lbm   
    Wem   = 5.346783e+02 lbm   
    Weg   = 0.000000e+00 lbm   
    S     = 8.353673e+02 ft^2

Initial Size:          
    MTOW  = 9.126388e+04 lbm   
    Wbatt = 2.243847e+03 lbm   
    Wfuel = 2.068639e+04 lbm   
    S     = 8.353673e+02 ft^2

Iteration  0:
    MTOW  = 8.970759e+04 lbm   
    OEW   = 5.137148e+04 lbm   
    Wbatt = 2.243847e+03 lbm   
    Wfuel = 1.913010e+04 lbm   
    Wem   = 5.346783e+02 lbm   
    Weg   = 0.000000e+00 lbm   
    S     = 8.353673e+02 ft^2

Iteration  1:
    MTOW  = 8.941195e+04 lbm   
    OEW   = 5.137148e+04 lbm   
    Wbatt = 2.243847e+03 lbm   
    Wfuel = 1.883446e+04 lbm   
    Wem   = 5.346783e+02 lbm   
    Weg   = 0.000000e+00 lbm   
    S     = 8.353673e+02 ft^2

Iteration  2:
    MTOW  = 8.938442e+04 lbm   
    OEW   = 5.137148e+04 lbm   
    Wbatt = 2.243847e+03 lbm   
    Wfuel = 1.880693e+04 lbm   
    Wem   = 5.346783e+02 lbm   
    Weg   = 0.000000e+00 lbm   
    S     = 8.353673e+02 ft^2

Iteration  3:
    MTOW  = 8.938372e+04 lbm   
    OEW   = 5.137148e+04 lbm   
    Wbatt = 2.243847e+03 lbm   
    Wfuel = 1.880624e+04 lbm   
    Wem   = 5.346783e+02 lbm   
    Weg   = 0.000000e+00 lbm   
    S     = 8.353673e+02 ft^2

Initial Size:          
    MTOW  = 9.126388e+04 lbm   
    Wbatt = 2.243847e+03 lbm   
    Wfuel = 2.068639e+04 lbm   
    S     = 8.353673e+02 ft^2

Iteration  0:
    MTOW  = 8.970759e+04 lbm   
    OEW   = 5.137148e+04 lbm   
    Wbatt = 2.243847e+03 lbm   
    Wfuel = 1.913010e+04 lbm   
    Wem   = 5.346783e+02 lbm   
    Weg   = 0.000000e+00 lbm   
    S     = 8.353673e+02 ft^2

Iteration  1:
    MTOW  = 8.941195e+04 lbm   
    OEW   = 5.137148e+04 lbm   
    Wbatt = 2.243847e+03 lbm   
    Wfuel = 1.883446e+04 lbm   
    Wem   = 5.346783e+02 lbm   
    Weg   = 0.000000e+00 lbm   
    S     = 8.353673e+02 ft^2

Iteration  2:
    MTOW  = 8.938442e+04 lbm   
    OEW   = 5.137148e+04 lbm   
    Wbatt = 2.243847e+03 lbm   
    Wfuel = 1.880693e+04 lbm   
    Wem   = 5.346783e+02 lbm   
    Weg   = 0.000000e+00 lbm   
    S     = 8.353673e+02 ft^2

Iteration  3:
    MTOW  = 8.938372e+04 lbm   
    OEW   = 5.137148e+04 lbm   
    Wbatt = 2.243847e+03 lbm   
    Wfuel = 1.880624e+04 lbm   
    Wem   = 5.346783e+02 lbm   
    Weg   = 0.000000e+00 lbm   
    S     = 8.353673e+02 ft^2

Initial Size:          
    MTOW  = 9.126388e+04 lbm   
    Wbatt = 2.243847e+03 lbm   
    Wfuel = 2.068639e+04 lbm   
    S     = 8.353673e+02 ft^2

Iteration  0:
    MTOW  = 8.970759e+04 lbm   
    OEW   = 5.137148e+04 lbm   
    Wbatt = 2.243847e+03 lbm   
    Wfuel = 1.913010e+04 lbm   
    Wem   = 5.346783e+02 lbm   
    Weg   = 0.000000e+00 lbm   
    S     = 8.353673e+02 ft^2

Iteration  1:
    MTOW  = 8.941195e+04 lbm   
    OEW   = 5.137148e+04 lbm   
    Wbatt = 2.243847e+03 lbm   
    Wfuel = 1.883446e+04 lbm   
    Wem   = 5.346783e+02 lbm   
    Weg   = 0.000000e+00 lbm   
    S     = 8.353673e+02 ft^2

Iteration  2:
    MTOW  = 8.938442e+04 lbm   
    OEW   = 5.137148e+04 lbm   
    Wbatt = 2.243847e+03 lbm   
    Wfuel = 1.880693e+04 lbm   
    Wem   = 5.346783e+02 lbm   
    Weg   = 0.000000e+00 lbm   
    S     = 8.353673e+02 ft^2

Iteration  3:
    MTOW  = 8.938372e+04 lbm   
    OEW   = 5.137148e+04 lbm   
    Wbatt = 2.243847e+03 lbm   
    Wfuel = 1.880624e+04 lbm   
    Wem   = 5.346783e+02 lbm   
    Weg   = 0.000000e+00 lbm   
    S     = 8.353673e+02 ft^2

Initial Size:          
    MTOW  = 9.126388e+04 lbm   
    Wbatt = 2.243847e+03 lbm   
    Wfuel = 2.068639e+04 lbm   
    S     = 8.353673e+02 ft^2

Iteration  0:
    MTOW  = 8.970759e+04 lbm   
    OEW   = 5.137148e+04 lbm   
    Wbatt = 2.243847e+03 lbm   
    Wfuel = 1.913010e+04 lbm   
    Wem   = 5.346783e+02 lbm   
    Weg   = 0.000000e+00 lbm   
    S     = 8.353673e+02 ft^2

Iteration  1:
    MTOW  = 8.941195e+04 lbm   
    OEW   = 5.137148e+04 lbm   
    Wbatt = 2.243847e+03 lbm   
    Wfuel = 1.883446e+04 lbm   
    Wem   = 5.346783e+02 lbm   
    Weg   = 0.000000e+00 lbm   
    S     = 8.353673e+02 ft^2

Iteration  2:
    MTOW  = 8.938442e+04 lbm   
    OEW   = 5.137148e+04 lbm   
    Wbatt = 2.243847e+03 lbm   
    Wfuel = 1.880693e+04 lbm   
    Wem   = 5.346783e+02 lbm   
    Weg   = 0.000000e+00 lbm   
    S     = 8.353673e+02 ft^2

Iteration  3:
    MTOW  = 8.938372e+04 lbm   
    OEW   = 5.137148e+04 lbm   
    Wbatt = 2.243847e+03 lbm   
    Wfuel = 1.880624e+04 lbm   
    Wem   = 5.346783e+02 lbm   
    Weg   = 0.000000e+00 lbm   
    S     = 8.353673e+02 ft^2

Initial Size:          
    MTOW  = 9.126388e+04 lbm   
    Wbatt = 2.243847e+03 lbm   
    Wfuel = 2.068639e+04 lbm   
    S     = 8.353673e+02 ft^2

Iteration  0:
    MTOW  = 8.970759e+04 lbm   
    OEW   = 5.137148e+04 lbm   
    Wbatt = 2.243847e+03 lbm   
    Wfuel = 1.913010e+04 lbm   
    Wem   = 5.346783e+02 lbm   
    Weg   = 0.000000e+00 lbm   
    S     = 8.353673e+02 ft^2

Iteration  1:
    MTOW  = 8.941195e+04 lbm   
    OEW   = 5.137148e+04 lbm   
    Wbatt = 2.243847e+03 lbm   
    Wfuel = 1.883446e+04 lbm   
    Wem   = 5.346783e+02 lbm   
    Weg   = 0.000000e+00 lbm   
    S     = 8.353673e+02 ft^2

Iteration  2:
    MTOW  = 8.938442e+04 lbm   
    OEW   = 5.137148e+04 lbm   
    Wbatt = 2.243847e+03 lbm   
    Wfuel = 1.880693e+04 lbm   
    Wem   = 5.346783e+02 lbm   
    Weg   = 0.000000e+00 lbm   
    S     = 8.353673e+02 ft^2

Iteration  3:
    MTOW  = 8.938372e+04 lbm   
    OEW   = 5.137148e+04 lbm   
    Wbatt = 2.243847e+03 lbm   
    Wfuel = 1.880624e+04 lbm   
    Wem   = 5.346783e+02 lbm   
    Weg   = 0.000000e+00 lbm   
    S     = 8.353673e+02 ft^2

Initial Size:          
    MTOW  = 9.126388e+04 lbm   
    Wbatt = 2.243847e+03 lbm   
    Wfuel = 2.068639e+04 lbm   
    S     = 8.353673e+02 ft^2

Iteration  0:
    MTOW  = 8.970759e+04 lbm   
    OEW   = 5.137148e+04 lbm   
    Wbatt = 2.243847e+03 lbm   
    Wfuel = 1.913010e+04 lbm   
    Wem   = 5.346783e+02 lbm   
    Weg   = 0.000000e+00 lbm   
    S     = 8.353673e+02 ft^2

Iteration  1:
    MTOW  = 8.941195e+04 lbm   
    OEW   = 5.137148e+04 lbm   
    Wbatt = 2.243847e+03 lbm   
    Wfuel = 1.883446e+04 lbm   
    Wem   = 5.346783e+02 lbm   
    Weg   = 0.000000e+00 lbm   
    S     = 8.353673e+02 ft^2

Iteration  2:
    MTOW  = 8.938442e+04 lbm   
    OEW   = 5.137148e+04 lbm   
    Wbatt = 2.243847e+03 lbm   
    Wfuel = 1.880693e+04 lbm   
    Wem   = 5.346783e+02 lbm   
    Weg   = 0.000000e+00 lbm   
    S     = 8.353673e+02 ft^2

Iteration  3:
    MTOW  = 8.938372e+04 lbm   
    OEW   = 5.137148e+04 lbm   
    Wbatt = 2.243847e+03 lbm   
    Wfuel = 1.880624e+04 lbm   
    Wem   = 5.346783e+02 lbm   
    Weg   = 0.000000e+00 lbm   
    S     = 8.353673e+02 ft^2

Initial Size:          
    MTOW  = 9.126388e+04 lbm   
    Wbatt = 2.243847e+03 lbm   
    Wfuel = 2.068639e+04 lbm   
    S     = 8.353673e+02 ft^2

Iteration  0:
    MTOW  = 8.970759e+04 lbm   
    OEW   = 5.137148e+04 lbm   
    Wbatt = 2.243847e+03 lbm   
    Wfuel = 1.913010e+04 lbm   
    Wem   = 5.346783e+02 lbm   
    Weg   = 0.000000e+00 lbm   
    S     = 8.353673e+02 ft^2

Iteration  1:
    MTOW  = 8.941195e+04 lbm   
    OEW   = 5.137148e+04 lbm   
    Wbatt = 2.243847e+03 lbm   
    Wfuel = 1.883446e+04 lbm   
    Wem   = 5.346783e+02 lbm   
    Weg   = 0.000000e+00 lbm   
    S     = 8.353673e+02 ft^2

Iteration  2:
    MTOW  = 8.938442e+04 lbm   
    OEW   = 5.137148e+04 lbm   
    Wbatt = 2.243847e+03 lbm   
    Wfuel = 1.880693e+04 lbm   
    Wem   = 5.346783e+02 lbm   
    Weg   = 0.000000e+00 lbm   
    S     = 8.353673e+02 ft^2

Iteration  3:
    MTOW  = 8.938372e+04 lbm   
    OEW   = 5.137148e+04 lbm   
    Wbatt = 2.243847e+03 lbm   
    Wfuel = 1.880624e+04 lbm   
    Wem   = 5.346783e+02 lbm   
    Weg   = 0.000000e+00 lbm   
    S     = 8.353673e+02 ft^2

Initial Size:          
    MTOW  = 9.126388e+04 lbm   
    Wbatt = 2.243847e+03 lbm   
    Wfuel = 2.068639e+04 lbm   
    S     = 8.353673e+02 ft^2

Iteration  0:
    MTOW  = 8.970759e+04 lbm   
    OEW   = 5.137148e+04 lbm   
    Wbatt = 2.243847e+03 lbm   
    Wfuel = 1.913010e+04 lbm   
    Wem   = 5.346783e+02 lbm   
    Weg   = 0.000000e+00 lbm   
    S     = 8.353673e+02 ft^2

Iteration  1:
    MTOW  = 8.941195e+04 lbm   
    OEW   = 5.137148e+04 lbm   
    Wbatt = 2.243847e+03 lbm   
    Wfuel = 1.883446e+04 lbm   
    Wem   = 5.346783e+02 lbm   
    Weg   = 0.000000e+00 lbm   
    S     = 8.353673e+02 ft^2

Iteration  2:
    MTOW  = 8.938442e+04 lbm   
    OEW   = 5.137148e+04 lbm   
    Wbatt = 2.243847e+03 lbm   
    Wfuel = 1.880693e+04 lbm   
    Wem   = 5.346783e+02 lbm   
    Weg   = 0.000000e+00 lbm   
    S     = 8.353673e+02 ft^2

Iteration  3:
    MTOW  = 8.938372e+04 lbm   
    OEW   = 5.137148e+04 lbm   
    Wbatt = 2.243847e+03 lbm   
    Wfuel = 1.880624e+04 lbm   
    Wem   = 5.346783e+02 lbm   
    Weg   = 0.000000e+00 lbm   
    S     = 8.353673e+02 ft^2

Initial Size:          
    MTOW  = 9.126388e+04 lbm   
    Wbatt = 2.243847e+03 lbm   
    Wfuel = 2.068639e+04 lbm   
    S     = 8.353673e+02 ft^2

Iteration  0:
    MTOW  = 8.970759e+04 lbm   
    OEW   = 5.137148e+04 lbm   
    Wbatt = 2.243847e+03 lbm   
    Wfuel = 1.913010e+04 lbm   
    Wem   = 5.346783e+02 lbm   
    Weg   = 0.000000e+00 lbm   
    S     = 8.353673e+02 ft^2

Iteration  1:
    MTOW  = 8.941195e+04 lbm   
    OEW   = 5.137148e+04 lbm   
    Wbatt = 2.243847e+03 lbm   
    Wfuel = 1.883446e+04 lbm   
    Wem   = 5.346783e+02 lbm   
    Weg   = 0.000000e+00 lbm   
    S     = 8.353673e+02 ft^2

Iteration  2:
    MTOW  = 8.938442e+04 lbm   
    OEW   = 5.137148e+04 lbm   
    Wbatt = 2.243847e+03 lbm   
    Wfuel = 1.880693e+04 lbm   
    Wem   = 5.346783e+02 lbm   
    Weg   = 0.000000e+00 lbm   
    S     = 8.353673e+02 ft^2

Iteration  3:
    MTOW  = 8.938372e+04 lbm   
    OEW   = 5.137148e+04 lbm   
    Wbatt = 2.243847e+03 lbm   
    Wfuel = 1.880624e+04 lbm   
    Wem   = 5.346783e+02 lbm   
    Weg   = 0.000000e+00 lbm   
    S     = 8.353673e+02 ft^2

Initial Size:          
    MTOW  = 9.126388e+04 lbm   
    Wbatt = 2.243847e+03 lbm   
    Wfuel = 2.068639e+04 lbm   
    S     = 8.353673e+02 ft^2

Iteration  0:
    MTOW  = 8.970759e+04 lbm   
    OEW   = 5.137148e+04 lbm   
    Wbatt = 2.243847e+03 lbm   
    Wfuel = 1.913010e+04 lbm   
    Wem   = 5.346783e+02 lbm   
    Weg   = 0.000000e+00 lbm   
    S     = 8.353673e+02 ft^2

Iteration  1:
    MTOW  = 8.941195e+04 lbm   
    OEW   = 5.137148e+04 lbm   
    Wbatt = 2.243847e+03 lbm   
    Wfuel = 1.883446e+04 lbm   
    Wem   = 5.346783e+02 lbm   
    Weg   = 0.000000e+00 lbm   
    S     = 8.353673e+02 ft^2

Iteration  2:
    MTOW  = 8.938442e+04 lbm   
    OEW   = 5.137148e+04 lbm   
    Wbatt = 2.243847e+03 lbm   
    Wfuel = 1.880693e+04 lbm   
    Wem   = 5.346783e+02 lbm   
    Weg   = 0.000000e+00 lbm   
    S     = 8.353673e+02 ft^2

Iteration  3:
    MTOW  = 8.938372e+04 lbm   
    OEW   = 5.137148e+04 lbm   
    Wbatt = 2.243847e+03 lbm   
    Wfuel = 1.880624e+04 lbm   
    Wem   = 5.346783e+02 lbm   
    Weg   = 0.000000e+00 lbm   
    S     = 8.353673e+02 ft^2

Initial Size:          
    MTOW  = 9.126388e+04 lbm   
    Wbatt = 2.243847e+03 lbm   
    Wfuel = 2.068639e+04 lbm   
    S     = 8.353673e+02 ft^2

Iteration  0:
    MTOW  = 8.970759e+04 lbm   
    OEW   = 5.137148e+04 lbm   
    Wbatt = 2.243847e+03 lbm   
    Wfuel = 1.913010e+04 lbm   
    Wem   = 5.346783e+02 lbm   
    Weg   = 0.000000e+00 lbm   
    S     = 8.353673e+02 ft^2

Iteration  1:
    MTOW  = 8.941195e+04 lbm   
    OEW   = 5.137148e+04 lbm   
    Wbatt = 2.243847e+03 lbm   
    Wfuel = 1.883446e+04 lbm   
    Wem   = 5.346783e+02 lbm   
    Weg   = 0.000000e+00 lbm   
    S     = 8.353673e+02 ft^2

Iteration  2:
    MTOW  = 8.938442e+04 lbm   
    OEW   = 5.137148e+04 lbm   
    Wbatt = 2.243847e+03 lbm   
    Wfuel = 1.880693e+04 lbm   
    Wem   = 5.346783e+02 lbm   
    Weg   = 0.000000e+00 lbm   
    S     = 8.353673e+02 ft^2

Iteration  3:
    MTOW  = 8.938372e+04 lbm   
    OEW   = 5.137148e+04 lbm   
    Wbatt = 2.243847e+03 lbm   
    Wfuel = 1.880624e+04 lbm   
    Wem   = 5.346783e+02 lbm   
    Weg   = 0.000000e+00 lbm   
    S     = 8.353673e+02 ft^2

Initial Size:          
    MTOW  = 9.126388e+04 lbm   
    Wbatt = 2.243847e+03 lbm   
    Wfuel = 2.068639e+04 lbm   
    S     = 8.353673e+02 ft^2

Iteration  0:
    MTOW  = 8.970759e+04 lbm   
    OEW   = 5.137148e+04 lbm   
    Wbatt = 2.243847e+03 lbm   
    Wfuel = 1.913010e+04 lbm   
    Wem   = 5.346783e+02 lbm   
    Weg   = 0.000000e+00 lbm   
    S     = 8.353673e+02 ft^2

Iteration  1:
    MTOW  = 8.941195e+04 lbm   
    OEW   = 5.137148e+04 lbm   
    Wbatt = 2.243847e+03 lbm   
    Wfuel = 1.883446e+04 lbm   
    Wem   = 5.346783e+02 lbm   
    Weg   = 0.000000e+00 lbm   
    S     = 8.353673e+02 ft^2

Iteration  2:
    MTOW  = 8.938442e+04 lbm   
    OEW   = 5.137148e+04 lbm   
    Wbatt = 2.243847e+03 lbm   
    Wfuel = 1.880693e+04 lbm   
    Wem   = 5.346783e+02 lbm   
    Weg   = 0.000000e+00 lbm   
    S     = 8.353673e+02 ft^2

Iteration  3:
    MTOW  = 8.938372e+04 lbm   
    OEW   = 5.137148e+04 lbm   
    Wbatt = 2.243847e+03 lbm   
    Wfuel = 1.880624e+04 lbm   
    Wem   = 5.346783e+02 lbm   
    Weg   = 0.000000e+00 lbm   
    S     = 8.353673e+02 ft^2

Initial Size:          
    MTOW  = 9.126388e+04 lbm   
    Wbatt = 2.243847e+03 lbm   
    Wfuel = 2.068639e+04 lbm   
    S     = 8.353673e+02 ft^2

Iteration  0:
    MTOW  = 8.970759e+04 lbm   
    OEW   = 5.137148e+04 lbm   
    Wbatt = 2.243847e+03 lbm   
    Wfuel = 1.913010e+04 lbm   
    Wem   = 5.346783e+02 lbm   
    Weg   = 0.000000e+00 lbm   
    S     = 8.353673e+02 ft^2

Iteration  1:
    MTOW  = 8.941195e+04 lbm   
    OEW   = 5.137148e+04 lbm   
    Wbatt = 2.243847e+03 lbm   
    Wfuel = 1.883446e+04 lbm   
    Wem   = 5.346783e+02 lbm   
    Weg   = 0.000000e+00 lbm   
    S     = 8.353673e+02 ft^2

Iteration  2:
    MTOW  = 8.938442e+04 lbm   
    OEW   = 5.137148e+04 lbm   
    Wbatt = 2.243847e+03 lbm   
    Wfuel = 1.880693e+04 lbm   
    Wem   = 5.346783e+02 lbm   
    Weg   = 0.000000e+00 lbm   
    S     = 8.353673e+02 ft^2

Iteration  3:
    MTOW  = 8.938372e+04 lbm   
    OEW   = 5.137148e+04 lbm   
    Wbatt = 2.243847e+03 lbm   
    Wfuel = 1.880624e+04 lbm   
    Wem   = 5.346783e+02 lbm   
    Weg   = 0.000000e+00 lbm   
    S     = 8.353673e+02 ft^2

Initial Size:          
    MTOW  = 9.126388e+04 lbm   
    Wbatt = 2.243847e+03 lbm   
    Wfuel = 2.068639e+04 lbm   
    S     = 8.353673e+02 ft^2

Iteration  0:
    MTOW  = 8.970759e+04 lbm   
    OEW   = 5.137148e+04 lbm   
    Wbatt = 2.243847e+03 lbm   
    Wfuel = 1.913010e+04 lbm   
    Wem   = 5.346783e+02 lbm   
    Weg   = 0.000000e+00 lbm   
    S     = 8.353673e+02 ft^2

Iteration  1:
    MTOW  = 8.941195e+04 lbm   
    OEW   = 5.137148e+04 lbm   
    Wbatt = 2.243847e+03 lbm   
    Wfuel = 1.883446e+04 lbm   
    Wem   = 5.346783e+02 lbm   
    Weg   = 0.000000e+00 lbm   
    S     = 8.353673e+02 ft^2

Iteration  2:
    MTOW  = 8.938442e+04 lbm   
    OEW   = 5.137148e+04 lbm   
    Wbatt = 2.243847e+03 lbm   
    Wfuel = 1.880693e+04 lbm   
    Wem   = 5.346783e+02 lbm   
    Weg   = 0.000000e+00 lbm   
    S     = 8.353673e+02 ft^2

Iteration  3:
    MTOW  = 8.938372e+04 lbm   
    OEW   = 5.137148e+04 lbm   
    Wbatt = 2.243847e+03 lbm   
    Wfuel = 1.880624e+04 lbm   
    Wem   = 5.346783e+02 lbm   
    Weg   = 0.000000e+00 lbm   
    S     = 8.353673e+02 ft^2

Initial Size:          
    MTOW  = 9.126388e+04 lbm   
    Wbatt = 2.243847e+03 lbm   
    Wfuel = 2.068639e+04 lbm   
    S     = 8.353673e+02 ft^2

Iteration  0:
    MTOW  = 8.970759e+04 lbm   
    OEW   = 5.137148e+04 lbm   
    Wbatt = 2.243847e+03 lbm   
    Wfuel = 1.913010e+04 lbm   
    Wem   = 5.346783e+02 lbm   
    Weg   = 0.000000e+00 lbm   
    S     = 8.353673e+02 ft^2

Iteration  1:
    MTOW  = 8.941195e+04 lbm   
    OEW   = 5.137148e+04 lbm   
    Wbatt = 2.243847e+03 lbm   
    Wfuel = 1.883446e+04 lbm   
    Wem   = 5.346783e+02 lbm   
    Weg   = 0.000000e+00 lbm   
    S     = 8.353673e+02 ft^2

Iteration  2:
    MTOW  = 8.938442e+04 lbm   
    OEW   = 5.137148e+04 lbm   
    Wbatt = 2.243847e+03 lbm   
    Wfuel = 1.880693e+04 lbm   
    Wem   = 5.346783e+02 lbm   
    Weg   = 0.000000e+00 lbm   
    S     = 8.353673e+02 ft^2

Iteration  3:
    MTOW  = 8.938372e+04 lbm   
    OEW   = 5.137148e+04 lbm   
    Wbatt = 2.243847e+03 lbm   
    Wfuel = 1.880624e+04 lbm   
    Wem   = 5.346783e+02 lbm   
    Weg   = 0.000000e+00 lbm   
    S     = 8.353673e+02 ft^2

Initial Size:          
    MTOW  = 9.126388e+04 lbm   
    Wbatt = 2.243847e+03 lbm   
    Wfuel = 2.068639e+04 lbm   
    S     = 8.353673e+02 ft^2

Iteration  0:
    MTOW  = 8.970759e+04 lbm   
    OEW   = 5.137148e+04 lbm   
    Wbatt = 2.243847e+03 lbm   
    Wfuel = 1.913010e+04 lbm   
    Wem   = 5.346783e+02 lbm   
    Weg   = 0.000000e+00 lbm   
    S     = 8.353673e+02 ft^2

Iteration  1:
    MTOW  = 8.941195e+04 lbm   
    OEW   = 5.137148e+04 lbm   
    Wbatt = 2.243847e+03 lbm   
    Wfuel = 1.883446e+04 lbm   
    Wem   = 5.346783e+02 lbm   
    Weg   = 0.000000e+00 lbm   
    S     = 8.353673e+02 ft^2

Iteration  2:
    MTOW  = 8.938442e+04 lbm   
    OEW   = 5.137148e+04 lbm   
    Wbatt = 2.243847e+03 lbm   
    Wfuel = 1.880693e+04 lbm   
    Wem   = 5.346783e+02 lbm   
    Weg   = 0.000000e+00 lbm   
    S     = 8.353673e+02 ft^2

Iteration  3:
    MTOW  = 8.938372e+04 lbm   
    OEW   = 5.137148e+04 lbm   
    Wbatt = 2.243847e+03 lbm   
    Wfuel = 1.880624e+04 lbm   
    Wem   = 5.346783e+02 lbm   
    Weg   = 0.000000e+00 lbm   
    S     = 8.353673e+02 ft^2

Initial Size:          
    MTOW  = 9.126388e+04 lbm   
    Wbatt = 2.243847e+03 lbm   
    Wfuel = 2.068639e+04 lbm   
    S     = 8.353673e+02 ft^2

Iteration  0:
    MTOW  = 8.970759e+04 lbm   
    OEW   = 5.137148e+04 lbm   
    Wbatt = 2.243847e+03 lbm   
    Wfuel = 1.913010e+04 lbm   
    Wem   = 5.346783e+02 lbm   
    Weg   = 0.000000e+00 lbm   
    S     = 8.353673e+02 ft^2

Iteration  1:
    MTOW  = 8.941195e+04 lbm   
    OEW   = 5.137148e+04 lbm   
    Wbatt = 2.243847e+03 lbm   
    Wfuel = 1.883446e+04 lbm   
    Wem   = 5.346783e+02 lbm   
    Weg   = 0.000000e+00 lbm   
    S     = 8.353673e+02 ft^2

Iteration  2:
    MTOW  = 8.938442e+04 lbm   
    OEW   = 5.137148e+04 lbm   
    Wbatt = 2.243847e+03 lbm   
    Wfuel = 1.880693e+04 lbm   
    Wem   = 5.346783e+02 lbm   
    Weg   = 0.000000e+00 lbm   
    S     = 8.353673e+02 ft^2

Iteration  3:
    MTOW  = 8.938372e+04 lbm   
    OEW   = 5.137148e+04 lbm   
    Wbatt = 2.243847e+03 lbm   
    Wfuel = 1.880624e+04 lbm   
    Wem   = 5.346783e+02 lbm   
    Weg   = 0.000000e+00 lbm   
    S     = 8.353673e+02 ft^2

Initial Size:          
    MTOW  = 9.126388e+04 lbm   
    Wbatt = 2.243847e+03 lbm   
    Wfuel = 2.068639e+04 lbm   
    S     = 8.353673e+02 ft^2

Iteration  0:
    MTOW  = 8.970759e+04 lbm   
    OEW   = 5.137148e+04 lbm   
    Wbatt = 2.243847e+03 lbm   
    Wfuel = 1.913010e+04 lbm   
    Wem   = 5.346783e+02 lbm   
    Weg   = 0.000000e+00 lbm   
    S     = 8.353673e+02 ft^2

Iteration  1:
    MTOW  = 8.941195e+04 lbm   
    OEW   = 5.137148e+04 lbm   
    Wbatt = 2.243847e+03 lbm   
    Wfuel = 1.883446e+04 lbm   
    Wem   = 5.346783e+02 lbm   
    Weg   = 0.000000e+00 lbm   
    S     = 8.353673e+02 ft^2

Iteration  2:
    MTOW  = 8.938442e+04 lbm   
    OEW   = 5.137148e+04 lbm   
    Wbatt = 2.243847e+03 lbm   
    Wfuel = 1.880693e+04 lbm   
    Wem   = 5.346783e+02 lbm   
    Weg   = 0.000000e+00 lbm   
    S     = 8.353673e+02 ft^2

Iteration  3:
    MTOW  = 8.938372e+04 lbm   
    OEW   = 5.137148e+04 lbm   
    Wbatt = 2.243847e+03 lbm   
    Wfuel = 1.880624e+04 lbm   
    Wem   = 5.346783e+02 lbm   
    Weg   = 0.000000e+00 lbm   
    S     = 8.353673e+02 ft^2

Initial Size:          
    MTOW  = 9.126388e+04 lbm   
    Wbatt = 2.243847e+03 lbm   
    Wfuel = 2.068639e+04 lbm   
    S     = 8.353673e+02 ft^2

Iteration  0:
    MTOW  = 8.970759e+04 lbm   
    OEW   = 5.137148e+04 lbm   
    Wbatt = 2.243847e+03 lbm   
    Wfuel = 1.913010e+04 lbm   
    Wem   = 5.346783e+02 lbm   
    Weg   = 0.000000e+00 lbm   
    S     = 8.353673e+02 ft^2

Iteration  1:
    MTOW  = 8.941195e+04 lbm   
    OEW   = 5.137148e+04 lbm   
    Wbatt = 2.243847e+03 lbm   
    Wfuel = 1.883446e+04 lbm   
    Wem   = 5.346783e+02 lbm   
    Weg   = 0.000000e+00 lbm   
    S     = 8.353673e+02 ft^2

Iteration  2:
    MTOW  = 8.938442e+04 lbm   
    OEW   = 5.137148e+04 lbm   
    Wbatt = 2.243847e+03 lbm   
    Wfuel = 1.880693e+04 lbm   
    Wem   = 5.346783e+02 lbm   
    Weg   = 0.000000e+00 lbm   
    S     = 8.353673e+02 ft^2

Iteration  3:
    MTOW  = 8.938372e+04 lbm   
    OEW   = 5.137148e+04 lbm   
    Wbatt = 2.243847e+03 lbm   
    Wfuel = 1.880624e+04 lbm   
    Wem   = 5.346783e+02 lbm   
    Weg   = 0.000000e+00 lbm   
    S     = 8.353673e+02 ft^2

Initial Size:          
    MTOW  = 9.126388e+04 lbm   
    Wbatt = 2.243847e+03 lbm   
    Wfuel = 2.068639e+04 lbm   
    S     = 8.353673e+02 ft^2

Iteration  0:
    MTOW  = 8.970759e+04 lbm   
    OEW   = 5.137148e+04 lbm   
    Wbatt = 2.243847e+03 lbm   
    Wfuel = 1.913010e+04 lbm   
    Wem   = 5.346783e+02 lbm   
    Weg   = 0.000000e+00 lbm   
    S     = 8.353673e+02 ft^2

Iteration  1:
    MTOW  = 8.941195e+04 lbm   
    OEW   = 5.137148e+04 lbm   
    Wbatt = 2.243847e+03 lbm   
    Wfuel = 1.883446e+04 lbm   
    Wem   = 5.346783e+02 lbm   
    Weg   = 0.000000e+00 lbm   
    S     = 8.353673e+02 ft^2

Iteration  2:
    MTOW  = 8.938442e+04 lbm   
    OEW   = 5.137148e+04 lbm   
    Wbatt = 2.243847e+03 lbm   
    Wfuel = 1.880693e+04 lbm   
    Wem   = 5.346783e+02 lbm   
    Weg   = 0.000000e+00 lbm   
    S     = 8.353673e+02 ft^2

Iteration  3:
    MTOW  = 8.938372e+04 lbm   
    OEW   = 5.137148e+04 lbm   
    Wbatt = 2.243847e+03 lbm   
    Wfuel = 1.880624e+04 lbm   
    Wem   = 5.346783e+02 lbm   
    Weg   = 0.000000e+00 lbm   
    S     = 8.353673e+02 ft^2

Initial Size:          
    MTOW  = 9.126388e+04 lbm   
    Wbatt = 2.243847e+03 lbm   
    Wfuel = 2.068639e+04 lbm   
    S     = 8.353673e+02 ft^2

Iteration  0:
    MTOW  = 8.970759e+04 lbm   
    OEW   = 5.137148e+04 lbm   
    Wbatt = 2.243847e+03 lbm   
    Wfuel = 1.913010e+04 lbm   
    Wem   = 5.346783e+02 lbm   
    Weg   = 0.000000e+00 lbm   
    S     = 8.353673e+02 ft^2

Iteration  1:
    MTOW  = 8.941195e+04 lbm   
    OEW   = 5.137148e+04 lbm   
    Wbatt = 2.243847e+03 lbm   
    Wfuel = 1.883446e+04 lbm   
    Wem   = 5.346783e+02 lbm   
    Weg   = 0.000000e+00 lbm   
    S     = 8.353673e+02 ft^2

Iteration  2:
    MTOW  = 8.938442e+04 lbm   
    OEW   = 5.137148e+04 lbm   
    Wbatt = 2.243847e+03 lbm   
    Wfuel = 1.880693e+04 lbm   
    Wem   = 5.346783e+02 lbm   
    Weg   = 0.000000e+00 lbm   
    S     = 8.353673e+02 ft^2

Iteration  3:
    MTOW  = 8.938372e+04 lbm   
    OEW   = 5.137148e+04 lbm   
    Wbatt = 2.243847e+03 lbm   
    Wfuel = 1.880624e+04 lbm   
    Wem   = 5.346783e+02 lbm   
    Weg   = 0.000000e+00 lbm   
    S     = 8.353673e+02 ft^2

Initial Size:          
    MTOW  = 9.126388e+04 lbm   
    Wbatt = 2.243847e+03 lbm   
    Wfuel = 2.068639e+04 lbm   
    S     = 8.353673e+02 ft^2

Iteration  0:
    MTOW  = 8.970759e+04 lbm   
    OEW   = 5.137148e+04 lbm   
    Wbatt = 2.243847e+03 lbm   
    Wfuel = 1.913010e+04 lbm   
    Wem   = 5.346783e+02 lbm   
    Weg   = 0.000000e+00 lbm   
    S     = 8.353673e+02 ft^2

Iteration  1:
    MTOW  = 8.941195e+04 lbm   
    OEW   = 5.137148e+04 lbm   
    Wbatt = 2.243847e+03 lbm   
    Wfuel = 1.883446e+04 lbm   
    Wem   = 5.346783e+02 lbm   
    Weg   = 0.000000e+00 lbm   
    S     = 8.353673e+02 ft^2

Iteration  2:
    MTOW  = 8.938442e+04 lbm   
    OEW   = 5.137148e+04 lbm   
    Wbatt = 2.243847e+03 lbm   
    Wfuel = 1.880693e+04 lbm   
    Wem   = 5.346783e+02 lbm   
    Weg   = 0.000000e+00 lbm   
    S     = 8.353673e+02 ft^2

Iteration  3:
    MTOW  = 8.938372e+04 lbm   
    OEW   = 5.137148e+04 lbm   
    Wbatt = 2.243847e+03 lbm   
    Wfuel = 1.880624e+04 lbm   
    Wem   = 5.346783e+02 lbm   
    Weg   = 0.000000e+00 lbm   
    S     = 8.353673e+02 ft^2

Initial Size:          
    MTOW  = 9.126388e+04 lbm   
    Wbatt = 2.243847e+03 lbm   
    Wfuel = 2.068639e+04 lbm   
    S     = 8.353673e+02 ft^2

Iteration  0:
    MTOW  = 8.970759e+04 lbm   
    OEW   = 5.137148e+04 lbm   
    Wbatt = 2.243847e+03 lbm   
    Wfuel = 1.913010e+04 lbm   
    Wem   = 5.346783e+02 lbm   
    Weg   = 0.000000e+00 lbm   
    S     = 8.353673e+02 ft^2

Iteration  1:
    MTOW  = 8.941195e+04 lbm   
    OEW   = 5.137148e+04 lbm   
    Wbatt = 2.243847e+03 lbm   
    Wfuel = 1.883446e+04 lbm   
    Wem   = 5.346783e+02 lbm   
    Weg   = 0.000000e+00 lbm   
    S     = 8.353673e+02 ft^2

Iteration  2:
    MTOW  = 8.938442e+04 lbm   
    OEW   = 5.137148e+04 lbm   
    Wbatt = 2.243847e+03 lbm   
    Wfuel = 1.880693e+04 lbm   
    Wem   = 5.346783e+02 lbm   
    Weg   = 0.000000e+00 lbm   
    S     = 8.353673e+02 ft^2

Iteration  3:
    MTOW  = 8.938372e+04 lbm   
    OEW   = 5.137148e+04 lbm   
    Wbatt = 2.243847e+03 lbm   
    Wfuel = 1.880624e+04 lbm   
    Wem   = 5.346783e+02 lbm   
    Weg   = 0.000000e+00 lbm   
    S     = 8.353673e+02 ft^2

Initial Size:          
    MTOW  = 9.126388e+04 lbm   
    Wbatt = 2.243847e+03 lbm   
    Wfuel = 2.068639e+04 lbm   
    S     = 8.353673e+02 ft^2

Iteration  0:
    MTOW  = 8.970759e+04 lbm   
    OEW   = 5.137148e+04 lbm   
    Wbatt = 2.243847e+03 lbm   
    Wfuel = 1.913010e+04 lbm   
    Wem   = 5.346783e+02 lbm   
    Weg   = 0.000000e+00 lbm   
    S     = 8.353673e+02 ft^2

Iteration  1:
    MTOW  = 8.941195e+04 lbm   
    OEW   = 5.137148e+04 lbm   
    Wbatt = 2.243847e+03 lbm   
    Wfuel = 1.883446e+04 lbm   
    Wem   = 5.346783e+02 lbm   
    Weg   = 0.000000e+00 lbm   
    S     = 8.353673e+02 ft^2

Iteration  2:
    MTOW  = 8.938442e+04 lbm   
    OEW   = 5.137148e+04 lbm   
    Wbatt = 2.243847e+03 lbm   
    Wfuel = 1.880693e+04 lbm   
    Wem   = 5.346783e+02 lbm   
    Weg   = 0.000000e+00 lbm   
    S     = 8.353673e+02 ft^2

Iteration  3:
    MTOW  = 8.938372e+04 lbm   
    OEW   = 5.137148e+04 lbm   
    Wbatt = 2.243847e+03 lbm   
    Wfuel = 1.880624e+04 lbm   
    Wem   = 5.346783e+02 lbm   
    Weg   = 0.000000e+00 lbm   
    S     = 8.353673e+02 ft^2

Initial Size:          
    MTOW  = 9.126388e+04 lbm   
    Wbatt = 2.243847e+03 lbm   
    Wfuel = 2.068639e+04 lbm   
    S     = 8.353673e+02 ft^2

Iteration  0:
    MTOW  = 8.970759e+04 lbm   
    OEW   = 5.137148e+04 lbm   
    Wbatt = 2.243847e+03 lbm   
    Wfuel = 1.913010e+04 lbm   
    Wem   = 5.346783e+02 lbm   
    Weg   = 0.000000e+00 lbm   
    S     = 8.353673e+02 ft^2

Iteration  1:
    MTOW  = 8.941195e+04 lbm   
    OEW   = 5.137148e+04 lbm   
    Wbatt = 2.243847e+03 lbm   
    Wfuel = 1.883446e+04 lbm   
    Wem   = 5.346783e+02 lbm   
    Weg   = 0.000000e+00 lbm   
    S     = 8.353673e+02 ft^2

Iteration  2:
    MTOW  = 8.938442e+04 lbm   
    OEW   = 5.137148e+04 lbm   
    Wbatt = 2.243847e+03 lbm   
    Wfuel = 1.880693e+04 lbm   
    Wem   = 5.346783e+02 lbm   
    Weg   = 0.000000e+00 lbm   
    S     = 8.353673e+02 ft^2

Iteration  3:
    MTOW  = 8.938372e+04 lbm   
    OEW   = 5.137148e+04 lbm   
    Wbatt = 2.243847e+03 lbm   
    Wfuel = 1.880624e+04 lbm   
    Wem   = 5.346783e+02 lbm   
    Weg   = 0.000000e+00 lbm   
    S     = 8.353673e+02 ft^2

Initial Size:          
    MTOW  = 9.126388e+04 lbm   
    Wbatt = 2.243847e+03 lbm   
    Wfuel = 2.068639e+04 lbm   
    S     = 8.353673e+02 ft^2

Iteration  0:
    MTOW  = 8.970759e+04 lbm   
    OEW   = 5.137148e+04 lbm   
    Wbatt = 2.243847e+03 lbm   
    Wfuel = 1.913010e+04 lbm   
    Wem   = 5.346783e+02 lbm   
    Weg   = 0.000000e+00 lbm   
    S     = 8.353673e+02 ft^2

Iteration  1:
    MTOW  = 8.941195e+04 lbm   
    OEW   = 5.137148e+04 lbm   
    Wbatt = 2.243847e+03 lbm   
    Wfuel = 1.883446e+04 lbm   
    Wem   = 5.346783e+02 lbm   
    Weg   = 0.000000e+00 lbm   
    S     = 8.353673e+02 ft^2

Iteration  2:
    MTOW  = 8.938442e+04 lbm   
    OEW   = 5.137148e+04 lbm   
    Wbatt = 2.243847e+03 lbm   
    Wfuel = 1.880693e+04 lbm   
    Wem   = 5.346783e+02 lbm   
    Weg   = 0.000000e+00 lbm   
    S     = 8.353673e+02 ft^2

Iteration  3:
    MTOW  = 8.938372e+04 lbm   
    OEW   = 5.137148e+04 lbm   
    Wbatt = 2.243847e+03 lbm   
    Wfuel = 1.880624e+04 lbm   
    Wem   = 5.346783e+02 lbm   
    Weg   = 0.000000e+00 lbm   
    S     = 8.353673e+02 ft^2

Initial Size:          
    MTOW  = 9.126388e+04 lbm   
    Wbatt = 2.243847e+03 lbm   
    Wfuel = 2.068639e+04 lbm   
    S     = 8.353673e+02 ft^2

Iteration  0:
    MTOW  = 8.970759e+04 lbm   
    OEW   = 5.137148e+04 lbm   
    Wbatt = 2.243847e+03 lbm   
    Wfuel = 1.913010e+04 lbm   
    Wem   = 5.346783e+02 lbm   
    Weg   = 0.000000e+00 lbm   
    S     = 8.353673e+02 ft^2

Iteration  1:
    MTOW  = 8.941195e+04 lbm   
    OEW   = 5.137148e+04 lbm   
    Wbatt = 2.243847e+03 lbm   
    Wfuel = 1.883446e+04 lbm   
    Wem   = 5.346783e+02 lbm   
    Weg   = 0.000000e+00 lbm   
    S     = 8.353673e+02 ft^2

Iteration  2:
    MTOW  = 8.938442e+04 lbm   
    OEW   = 5.137148e+04 lbm   
    Wbatt = 2.243847e+03 lbm   
    Wfuel = 1.880693e+04 lbm   
    Wem   = 5.346783e+02 lbm   
    Weg   = 0.000000e+00 lbm   
    S     = 8.353673e+02 ft^2

Iteration  3:
    MTOW  = 8.938372e+04 lbm   
    OEW   = 5.137148e+04 lbm   
    Wbatt = 2.243847e+03 lbm   
    Wfuel = 1.880624e+04 lbm   
    Wem   = 5.346783e+02 lbm   
    Weg   = 0.000000e+00 lbm   
    S     = 8.353673e+02 ft^2

Initial Size:          
    MTOW  = 9.126388e+04 lbm   
    Wbatt = 2.243847e+03 lbm   
    Wfuel = 2.068639e+04 lbm   
    S     = 8.353673e+02 ft^2

Iteration  0:
    MTOW  = 8.970759e+04 lbm   
    OEW   = 5.137148e+04 lbm   
    Wbatt = 2.243847e+03 lbm   
    Wfuel = 1.913010e+04 lbm   
    Wem   = 5.346783e+02 lbm   
    Weg   = 0.000000e+00 lbm   
    S     = 8.353673e+02 ft^2

Iteration  1:
    MTOW  = 8.941195e+04 lbm   
    OEW   = 5.137148e+04 lbm   
    Wbatt = 2.243847e+03 lbm   
    Wfuel = 1.883446e+04 lbm   
    Wem   = 5.346783e+02 lbm   
    Weg   = 0.000000e+00 lbm   
    S     = 8.353673e+02 ft^2

Iteration  2:
    MTOW  = 8.938442e+04 lbm   
    OEW   = 5.137148e+04 lbm   
    Wbatt = 2.243847e+03 lbm   
    Wfuel = 1.880693e+04 lbm   
    Wem   = 5.346783e+02 lbm   
    Weg   = 0.000000e+00 lbm   
    S     = 8.353673e+02 ft^2

Iteration  3:
    MTOW  = 8.938372e+04 lbm   
    OEW   = 5.137148e+04 lbm   
    Wbatt = 2.243847e+03 lbm   
    Wfuel = 1.880624e+04 lbm   
    Wem   = 5.346783e+02 lbm   
    Weg   = 0.000000e+00 lbm   
    S     = 8.353673e+02 ft^2

Initial Size:          
    MTOW  = 9.126388e+04 lbm   
    Wbatt = 2.243847e+03 lbm   
    Wfuel = 2.068639e+04 lbm   
    S     = 8.353673e+02 ft^2

Iteration  0:
    MTOW  = 8.970759e+04 lbm   
    OEW   = 5.137148e+04 lbm   
    Wbatt = 2.243847e+03 lbm   
    Wfuel = 1.913010e+04 lbm   
    Wem   = 5.346783e+02 lbm   
    Weg   = 0.000000e+00 lbm   
    S     = 8.353673e+02 ft^2

Iteration  1:
    MTOW  = 8.941195e+04 lbm   
    OEW   = 5.137148e+04 lbm   
    Wbatt = 2.243847e+03 lbm   
    Wfuel = 1.883446e+04 lbm   
    Wem   = 5.346783e+02 lbm   
    Weg   = 0.000000e+00 lbm   
    S     = 8.353673e+02 ft^2

Iteration  2:
    MTOW  = 8.938442e+04 lbm   
    OEW   = 5.137148e+04 lbm   
    Wbatt = 2.243847e+03 lbm   
    Wfuel = 1.880693e+04 lbm   
    Wem   = 5.346783e+02 lbm   
    Weg   = 0.000000e+00 lbm   
    S     = 8.353673e+02 ft^2

Iteration  3:
    MTOW  = 8.938372e+04 lbm   
    OEW   = 5.137148e+04 lbm   
    Wbatt = 2.243847e+03 lbm   
    Wfuel = 1.880624e+04 lbm   
    Wem   = 5.346783e+02 lbm   
    Weg   = 0.000000e+00 lbm   
    S     = 8.353673e+02 ft^2

Initial Size:          
    MTOW  = 9.126388e+04 lbm   
    Wbatt = 2.243847e+03 lbm   
    Wfuel = 2.068639e+04 lbm   
    S     = 8.353673e+02 ft^2

Iteration  0:
    MTOW  = 8.970759e+04 lbm   
    OEW   = 5.137148e+04 lbm   
    Wbatt = 2.243847e+03 lbm   
    Wfuel = 1.913010e+04 lbm   
    Wem   = 5.346783e+02 lbm   
    Weg   = 0.000000e+00 lbm   
    S     = 8.353673e+02 ft^2

Iteration  1:
    MTOW  = 8.941195e+04 lbm   
    OEW   = 5.137148e+04 lbm   
    Wbatt = 2.243847e+03 lbm   
    Wfuel = 1.883446e+04 lbm   
    Wem   = 5.346783e+02 lbm   
    Weg   = 0.000000e+00 lbm   
    S     = 8.353673e+02 ft^2

Iteration  2:
    MTOW  = 8.938442e+04 lbm   
    OEW   = 5.137148e+04 lbm   
    Wbatt = 2.243847e+03 lbm   
    Wfuel = 1.880693e+04 lbm   
    Wem   = 5.346783e+02 lbm   
    Weg   = 0.000000e+00 lbm   
    S     = 8.353673e+02 ft^2

Iteration  3:
    MTOW  = 8.938372e+04 lbm   
    OEW   = 5.137148e+04 lbm   
    Wbatt = 2.243847e+03 lbm   
    Wfuel = 1.880624e+04 lbm   
    Wem   = 5.346783e+02 lbm   
    Weg   = 0.000000e+00 lbm   
    S     = 8.353673e+02 ft^2

Initial Size:          
    MTOW  = 9.126388e+04 lbm   
    Wbatt = 2.243847e+03 lbm   
    Wfuel = 2.068639e+04 lbm   
    S     = 8.353673e+02 ft^2

Iteration  0:
    MTOW  = 8.970759e+04 lbm   
    OEW   = 5.137148e+04 lbm   
    Wbatt = 2.243847e+03 lbm   
    Wfuel = 1.913010e+04 lbm   
    Wem   = 5.346783e+02 lbm   
    Weg   = 0.000000e+00 lbm   
    S     = 8.353673e+02 ft^2

Iteration  1:
    MTOW  = 8.941195e+04 lbm   
    OEW   = 5.137148e+04 lbm   
    Wbatt = 2.243847e+03 lbm   
    Wfuel = 1.883446e+04 lbm   
    Wem   = 5.346783e+02 lbm   
    Weg   = 0.000000e+00 lbm   
    S     = 8.353673e+02 ft^2

Iteration  2:
    MTOW  = 8.938442e+04 lbm   
    OEW   = 5.137148e+04 lbm   
    Wbatt = 2.243847e+03 lbm   
    Wfuel = 1.880693e+04 lbm   
    Wem   = 5.346783e+02 lbm   
    Weg   = 0.000000e+00 lbm   
    S     = 8.353673e+02 ft^2

Iteration  3:
    MTOW  = 8.938372e+04 lbm   
    OEW   = 5.137148e+04 lbm   
    Wbatt = 2.243847e+03 lbm   
    Wfuel = 1.880624e+04 lbm   
    Wem   = 5.346783e+02 lbm   
    Weg   = 0.000000e+00 lbm   
    S     = 8.353673e+02 ft^2

Initial Size:          
    MTOW  = 9.126388e+04 lbm   
    Wbatt = 2.243847e+03 lbm   
    Wfuel = 2.068639e+04 lbm   
    S     = 8.353673e+02 ft^2

Iteration  0:
    MTOW  = 8.970759e+04 lbm   
    OEW   = 5.137148e+04 lbm   
    Wbatt = 2.243847e+03 lbm   
    Wfuel = 1.913010e+04 lbm   
    Wem   = 5.346783e+02 lbm   
    Weg   = 0.000000e+00 lbm   
    S     = 8.353673e+02 ft^2

Iteration  1:
    MTOW  = 8.941195e+04 lbm   
    OEW   = 5.137148e+04 lbm   
    Wbatt = 2.243847e+03 lbm   
    Wfuel = 1.883446e+04 lbm   
    Wem   = 5.346783e+02 lbm   
    Weg   = 0.000000e+00 lbm   
    S     = 8.353673e+02 ft^2

Iteration  2:
    MTOW  = 8.938442e+04 lbm   
    OEW   = 5.137148e+04 lbm   
    Wbatt = 2.243847e+03 lbm   
    Wfuel = 1.880693e+04 lbm   
    Wem   = 5.346783e+02 lbm   
    Weg   = 0.000000e+00 lbm   
    S     = 8.353673e+02 ft^2

Iteration  3:
    MTOW  = 8.938372e+04 lbm   
    OEW   = 5.137148e+04 lbm   
    Wbatt = 2.243847e+03 lbm   
    Wfuel = 1.880624e+04 lbm   
    Wem   = 5.346783e+02 lbm   
    Weg   = 0.000000e+00 lbm   
    S     = 8.353673e+02 ft^2

    1         102    8.530366e+03     0.000e+00     5.765e-02     6.896e-02     3.489e+03  
Initial Size:          
    MTOW  = 9.126388e+04 lbm   
    Wbatt = 2.243847e+03 lbm   
    Wfuel = 2.068639e+04 lbm   
    S     = 8.353673e+02 ft^2

Iteration  0:
    MTOW  = 9.080021e+04 lbm   
    OEW   = 5.137148e+04 lbm   
    Wbatt = 2.243847e+03 lbm   
    Wfuel = 2.022272e+04 lbm   
    Wem   = 6.834013e+02 lbm   
    Weg   = 0.000000e+00 lbm   
    S     = 8.353673e+02 ft^2

Iteration  1:
    MTOW  = 9.068122e+04 lbm   
    OEW   = 5.137148e+04 lbm   
    Wbatt = 2.243847e+03 lbm   
    Wfuel = 2.010373e+04 lbm   
    Wem   = 6.834013e+02 lbm   
    Weg   = 0.000000e+00 lbm   
    S     = 8.353673e+02 ft^2

Iteration  2:
    MTOW  = 9.065084e+04 lbm   
    OEW   = 5.137148e+04 lbm   
    Wbatt = 2.243847e+03 lbm   
    Wfuel = 2.007335e+04 lbm   
    Wem   = 6.834013e+02 lbm   
    Weg   = 0.000000e+00 lbm   
    S     = 8.353673e+02 ft^2

Iteration  3:
    MTOW  = 9.064309e+04 lbm   
    OEW   = 5.137148e+04 lbm   
    Wbatt = 2.243847e+03 lbm   
    Wfuel = 2.006561e+04 lbm   
    Wem   = 6.834013e+02 lbm   
    Weg   = 0.000000e+00 lbm   
    S     = 8.353673e+02 ft^2

Initial Size:          
    MTOW  = 9.126388e+04 lbm   
    Wbatt = 2.243847e+03 lbm   
    Wfuel = 2.068639e+04 lbm   
    S     = 8.353673e+02 ft^2

Iteration  0:
    MTOW  = 9.043847e+04 lbm   
    OEW   = 5.137148e+04 lbm   
    Wbatt = 2.243847e+03 lbm   
    Wfuel = 1.986099e+04 lbm   
    Wem   = 6.386634e+02 lbm   
    Weg   = 0.000000e+00 lbm   
    S     = 8.353673e+02 ft^2

Iteration  1:
    MTOW  = 9.031857e+04 lbm   
    OEW   = 5.137148e+04 lbm   
    Wbatt = 2.243847e+03 lbm   
    Wfuel = 1.974108e+04 lbm   
    Wem   = 6.386634e+02 lbm   
    Weg   = 0.000000e+00 lbm   
    S     = 8.353673e+02 ft^2

Iteration  2:
    MTOW  = 9.016230e+04 lbm   
    OEW   = 5.137148e+04 lbm   
    Wbatt = 2.243847e+03 lbm   
    Wfuel = 1.958481e+04 lbm   
    Wem   = 6.386634e+02 lbm   
    Weg   = 0.000000e+00 lbm   
    S     = 8.353673e+02 ft^2

Iteration  3:
    MTOW  = 9.019108e+04 lbm   
    OEW   = 5.137148e+04 lbm   
    Wbatt = 2.243847e+03 lbm   
    Wfuel = 1.961359e+04 lbm   
    Wem   = 6.386634e+02 lbm   
    Weg   = 0.000000e+00 lbm   
    S     = 8.353673e+02 ft^2

Iteration  4:
    MTOW  = 9.019079e+04 lbm   
    OEW   = 5.137148e+04 lbm   
    Wbatt = 2.243847e+03 lbm   
    Wfuel = 1.961331e+04 lbm   
    Wem   = 6.386634e+02 lbm   
    Weg   = 0.000000e+00 lbm   
    S     = 8.353673e+02 ft^2

Initial Size:          
    MTOW  = 9.126388e+04 lbm   
    Wbatt = 2.243847e+03 lbm   
    Wfuel = 2.068639e+04 lbm   
    S     = 8.353673e+02 ft^2

Iteration  0:
    MTOW  = 9.051005e+04 lbm   
    OEW   = 5.137148e+04 lbm   
    Wbatt = 2.243847e+03 lbm   
    Wfuel = 1.993256e+04 lbm   
    Wem   = 6.074063e+02 lbm   
    Weg   = 0.000000e+00 lbm   
    S     = 8.353673e+02 ft^2

Iteration  1:
    MTOW  = 9.040586e+04 lbm   
    OEW   = 5.137148e+04 lbm   
    Wbatt = 2.243847e+03 lbm   
    Wfuel = 1.982838e+04 lbm   
    Wem   = 6.074063e+02 lbm   
    Weg   = 0.000000e+00 lbm   
    S     = 8.353673e+02 ft^2

Iteration  2:
    MTOW  = 9.023033e+04 lbm   
    OEW   = 5.137148e+04 lbm   
    Wbatt = 2.243847e+03 lbm   
    Wfuel = 1.965284e+04 lbm   
    Wem   = 6.074063e+02 lbm   
    Weg   = 0.000000e+00 lbm   
    S     = 8.353673e+02 ft^2

Iteration  3:
    MTOW  = 9.025550e+04 lbm   
    OEW   = 5.137148e+04 lbm   
    Wbatt = 2.243847e+03 lbm   
    Wfuel = 1.967801e+04 lbm   
    Wem   = 6.074063e+02 lbm   
    Weg   = 0.000000e+00 lbm   
    S     = 8.353673e+02 ft^2

Iteration  4:
    MTOW  = 9.025913e+04 lbm   
    OEW   = 5.137148e+04 lbm   
    Wbatt = 2.243847e+03 lbm   
    Wfuel = 1.968165e+04 lbm   
    Wem   = 6.074063e+02 lbm   
    Weg   = 0.000000e+00 lbm   
    S     = 8.353673e+02 ft^2

Initial Size:          
    MTOW  = 9.126388e+04 lbm   
    Wbatt = 2.243847e+03 lbm   
    Wfuel = 2.068639e+04 lbm   
    S     = 8.353673e+02 ft^2

Iteration  0:
    MTOW  = 9.030247e+04 lbm   
    OEW   = 5.137148e+04 lbm   
    Wbatt = 2.243847e+03 lbm   
    Wfuel = 1.972498e+04 lbm   
    Wem   = 5.855568e+02 lbm   
    Weg   = 0.000000e+00 lbm   
    S     = 8.353673e+02 ft^2

Iteration  1:
    MTOW  = 9.011630e+04 lbm   
    OEW   = 5.137148e+04 lbm   
    Wbatt = 2.243847e+03 lbm   
    Wfuel = 1.953882e+04 lbm   
    Wem   = 5.855568e+02 lbm   
    Weg   = 0.000000e+00 lbm   
    S     = 8.353673e+02 ft^2

Iteration  2:
    MTOW  = 9.009535e+04 lbm   
    OEW   = 5.137148e+04 lbm   
    Wbatt = 2.243847e+03 lbm   
    Wfuel = 1.951787e+04 lbm   
    Wem   = 5.855568e+02 lbm   
    Weg   = 0.000000e+00 lbm   
    S     = 8.353673e+02 ft^2

Iteration  3:
    MTOW  = 9.009058e+04 lbm   
    OEW   = 5.137148e+04 lbm   
    Wbatt = 2.243847e+03 lbm   
    Wfuel = 1.951309e+04 lbm   
    Wem   = 5.855568e+02 lbm   
    Weg   = 0.000000e+00 lbm   
    S     = 8.353673e+02 ft^2

Initial Size:          
    MTOW  = 9.126388e+04 lbm   
    Wbatt = 2.243847e+03 lbm   
    Wfuel = 2.068639e+04 lbm   
    S     = 8.353673e+02 ft^2

Iteration  0:
    MTOW  = 9.014075e+04 lbm   
    OEW   = 5.137148e+04 lbm   
    Wbatt = 2.243847e+03 lbm   
    Wfuel = 1.956326e+04 lbm   
    Wem   = 5.702778e+02 lbm   
    Weg   = 0.000000e+00 lbm   
    S     = 8.353673e+02 ft^2

Iteration  1:
    MTOW  = 8.988676e+04 lbm   
    OEW   = 5.137148e+04 lbm   
    Wbatt = 2.243847e+03 lbm   
    Wfuel = 1.930927e+04 lbm   
    Wem   = 5.702778e+02 lbm   
    Weg   = 0.000000e+00 lbm   
    S     = 8.353673e+02 ft^2

Iteration  2:
    MTOW  = 8.985343e+04 lbm   
    OEW   = 5.137148e+04 lbm   
    Wbatt = 2.243847e+03 lbm   
    Wfuel = 1.927594e+04 lbm   
    Wem   = 5.702778e+02 lbm   
    Weg   = 0.000000e+00 lbm   
    S     = 8.353673e+02 ft^2

Iteration  3:
    MTOW  = 8.985094e+04 lbm   
    OEW   = 5.137148e+04 lbm   
    Wbatt = 2.243847e+03 lbm   
    Wfuel = 1.927345e+04 lbm   
    Wem   = 5.702778e+02 lbm   
    Weg   = 0.000000e+00 lbm   
    S     = 8.353673e+02 ft^2

Initial Size:          
    MTOW  = 9.126388e+04 lbm   
    Wbatt = 2.243847e+03 lbm   
    Wfuel = 2.068639e+04 lbm   
    S     = 8.353673e+02 ft^2

Iteration  0:
    MTOW  = 9.003429e+04 lbm   
    OEW   = 5.137148e+04 lbm   
    Wbatt = 2.243847e+03 lbm   
    Wfuel = 1.945681e+04 lbm   
    Wem   = 5.595902e+02 lbm   
    Weg   = 0.000000e+00 lbm   
    S     = 8.353673e+02 ft^2

Iteration  1:
    MTOW  = 8.979949e+04 lbm   
    OEW   = 5.137148e+04 lbm   
    Wbatt = 2.243847e+03 lbm   
    Wfuel = 1.922200e+04 lbm   
    Wem   = 5.595902e+02 lbm   
    Weg   = 0.000000e+00 lbm   
    S     = 8.353673e+02 ft^2

Iteration  2:
    MTOW  = 8.976767e+04 lbm   
    OEW   = 5.137148e+04 lbm   
    Wbatt = 2.243847e+03 lbm   
    Wfuel = 1.919019e+04 lbm   
    Wem   = 5.595902e+02 lbm   
    Weg   = 0.000000e+00 lbm   
    S     = 8.353673e+02 ft^2

Iteration  3:
    MTOW  = 8.976577e+04 lbm   
    OEW   = 5.137148e+04 lbm   
    Wbatt = 2.243847e+03 lbm   
    Wfuel = 1.918828e+04 lbm   
    Wem   = 5.595902e+02 lbm   
    Weg   = 0.000000e+00 lbm   
    S     = 8.353673e+02 ft^2

Initial Size:          
    MTOW  = 9.126388e+04 lbm   
    Wbatt = 2.243847e+03 lbm   
    Wfuel = 2.068639e+04 lbm   
    S     = 8.353673e+02 ft^2

Iteration  0:
    MTOW  = 8.993061e+04 lbm   
    OEW   = 5.137148e+04 lbm   
    Wbatt = 2.243847e+03 lbm   
    Wfuel = 1.935312e+04 lbm   
    Wem   = 5.521128e+02 lbm   
    Weg   = 0.000000e+00 lbm   
    S     = 8.353673e+02 ft^2

Iteration  1:
    MTOW  = 8.967657e+04 lbm   
    OEW   = 5.137148e+04 lbm   
    Wbatt = 2.243847e+03 lbm   
    Wfuel = 1.909909e+04 lbm   
    Wem   = 5.521128e+02 lbm   
    Weg   = 0.000000e+00 lbm   
    S     = 8.353673e+02 ft^2

Iteration  2:
    MTOW  = 8.965023e+04 lbm   
    OEW   = 5.137148e+04 lbm   
    Wbatt = 2.243847e+03 lbm   
    Wfuel = 1.907274e+04 lbm   
    Wem   = 5.521128e+02 lbm   
    Weg   = 0.000000e+00 lbm   
    S     = 8.353673e+02 ft^2

Iteration  3:
    MTOW  = 8.963987e+04 lbm   
    OEW   = 5.137148e+04 lbm   
    Wbatt = 2.243847e+03 lbm   
    Wfuel = 1.906238e+04 lbm   
    Wem   = 5.521128e+02 lbm   
    Weg   = 0.000000e+00 lbm   
    S     = 8.353673e+02 ft^2

Initial Size:          
    MTOW  = 9.126388e+04 lbm   
    Wbatt = 2.243847e+03 lbm   
    Wfuel = 2.068639e+04 lbm   
    S     = 8.353673e+02 ft^2

Iteration  0:
    MTOW  = 8.962553e+04 lbm   
    OEW   = 5.137148e+04 lbm   
    Wbatt = 2.243847e+03 lbm   
    Wfuel = 1.904805e+04 lbm   
    Wem   = 5.468806e+02 lbm   
    Weg   = 0.000000e+00 lbm   
    S     = 8.353673e+02 ft^2

Iteration  1:
    MTOW  = 8.958647e+04 lbm   
    OEW   = 5.137148e+04 lbm   
    Wbatt = 2.243847e+03 lbm   
    Wfuel = 1.900899e+04 lbm   
    Wem   = 5.468806e+02 lbm   
    Weg   = 0.000000e+00 lbm   
    S     = 8.353673e+02 ft^2

Iteration  2:
    MTOW  = 8.958336e+04 lbm   
    OEW   = 5.137148e+04 lbm   
    Wbatt = 2.243847e+03 lbm   
    Wfuel = 1.900588e+04 lbm   
    Wem   = 5.468806e+02 lbm   
    Weg   = 0.000000e+00 lbm   
    S     = 8.353673e+02 ft^2

Initial Size:          
    MTOW  = 9.126388e+04 lbm   
    Wbatt = 2.243847e+03 lbm   
    Wfuel = 2.068639e+04 lbm   
    S     = 8.353673e+02 ft^2

Iteration  0:
    MTOW  = 8.979386e+04 lbm   
    OEW   = 5.137148e+04 lbm   
    Wbatt = 2.243847e+03 lbm   
    Wfuel = 1.921637e+04 lbm   
    Wem   = 5.432190e+02 lbm   
    Weg   = 0.000000e+00 lbm   
    S     = 8.353673e+02 ft^2

Iteration  1:
    MTOW  = 8.959112e+04 lbm   
    OEW   = 5.137148e+04 lbm   
    Wbatt = 2.243847e+03 lbm   
    Wfuel = 1.901363e+04 lbm   
    Wem   = 5.432190e+02 lbm   
    Weg   = 0.000000e+00 lbm   
    S     = 8.353673e+02 ft^2

Iteration  2:
    MTOW  = 8.956500e+04 lbm   
    OEW   = 5.137148e+04 lbm   
    Wbatt = 2.243847e+03 lbm   
    Wfuel = 1.898752e+04 lbm   
    Wem   = 5.432190e+02 lbm   
    Weg   = 0.000000e+00 lbm   
    S     = 8.353673e+02 ft^2

Iteration  3:
    MTOW  = 8.956462e+04 lbm   
    OEW   = 5.137148e+04 lbm   
    Wbatt = 2.243847e+03 lbm   
    Wfuel = 1.898713e+04 lbm   
    Wem   = 5.432190e+02 lbm   
    Weg   = 0.000000e+00 lbm   
    S     = 8.353673e+02 ft^2

Initial Size:          
    MTOW  = 9.126388e+04 lbm   
    Wbatt = 2.243847e+03 lbm   
    Wfuel = 2.068639e+04 lbm   
    S     = 8.353673e+02 ft^2

Iteration  0:
    MTOW  = 8.971945e+04 lbm   
    OEW   = 5.137148e+04 lbm   
    Wbatt = 2.243847e+03 lbm   
    Wfuel = 1.914196e+04 lbm   
    Wem   = 5.406563e+02 lbm   
    Weg   = 0.000000e+00 lbm   
    S     = 8.353673e+02 ft^2

Iteration  1:
    MTOW  = 8.927428e+04 lbm   
    OEW   = 5.137148e+04 lbm   
    Wbatt = 2.243847e+03 lbm   
    Wfuel = 1.869679e+04 lbm   
    Wem   = 5.406563e+02 lbm   
    Weg   = 0.000000e+00 lbm   
    S     = 8.353673e+02 ft^2

Iteration  2:
    MTOW  = 8.922600e+04 lbm   
    OEW   = 5.137148e+04 lbm   
    Wbatt = 2.243847e+03 lbm   
    Wfuel = 1.864851e+04 lbm   
    Wem   = 5.406563e+02 lbm   
    Weg   = 0.000000e+00 lbm   
    S     = 8.353673e+02 ft^2

Iteration  3:
    MTOW  = 8.922394e+04 lbm   
    OEW   = 5.137148e+04 lbm   
    Wbatt = 2.243847e+03 lbm   
    Wfuel = 1.864646e+04 lbm   
    Wem   = 5.406563e+02 lbm   
    Weg   = 0.000000e+00 lbm   
    S     = 8.353673e+02 ft^2

Initial Size:          
    MTOW  = 9.126388e+04 lbm   
    Wbatt = 2.243847e+03 lbm   
    Wfuel = 2.068639e+04 lbm   
    S     = 8.353673e+02 ft^2

Iteration  0:
    MTOW  = 8.971945e+04 lbm   
    OEW   = 5.137148e+04 lbm   
    Wbatt = 2.243847e+03 lbm   
    Wfuel = 1.914196e+04 lbm   
    Wem   = 5.406563e+02 lbm   
    Weg   = 0.000000e+00 lbm   
    S     = 8.353673e+02 ft^2

Iteration  1:
    MTOW  = 8.927428e+04 lbm   
    OEW   = 5.137148e+04 lbm   
    Wbatt = 2.243847e+03 lbm   
    Wfuel = 1.869679e+04 lbm   
    Wem   = 5.406563e+02 lbm   
    Weg   = 0.000000e+00 lbm   
    S     = 8.353673e+02 ft^2

Iteration  2:
    MTOW  = 8.922600e+04 lbm   
    OEW   = 5.137148e+04 lbm   
    Wbatt = 2.243847e+03 lbm   
    Wfuel = 1.864851e+04 lbm   
    Wem   = 5.406563e+02 lbm   
    Weg   = 0.000000e+00 lbm   
    S     = 8.353673e+02 ft^2

Iteration  3:
    MTOW  = 8.922394e+04 lbm   
    OEW   = 5.137148e+04 lbm   
    Wbatt = 2.243847e+03 lbm   
    Wfuel = 1.864646e+04 lbm   
    Wem   = 5.406563e+02 lbm   
    Weg   = 0.000000e+00 lbm   
    S     = 8.353673e+02 ft^2

Initial Size:          
    MTOW  = 9.126388e+04 lbm   
    Wbatt = 2.243847e+03 lbm   
    Wfuel = 2.068639e+04 lbm   
    S     = 8.353673e+02 ft^2

Iteration  0:
    MTOW  = 8.971945e+04 lbm   
    OEW   = 5.137148e+04 lbm   
    Wbatt = 2.243847e+03 lbm   
    Wfuel = 1.914196e+04 lbm   
    Wem   = 5.406563e+02 lbm   
    Weg   = 0.000000e+00 lbm   
    S     = 8.353673e+02 ft^2

Iteration  1:
    MTOW  = 8.927428e+04 lbm   
    OEW   = 5.137148e+04 lbm   
    Wbatt = 2.243847e+03 lbm   
    Wfuel = 1.869679e+04 lbm   
    Wem   = 5.406563e+02 lbm   
    Weg   = 0.000000e+00 lbm   
    S     = 8.353673e+02 ft^2

Iteration  2:
    MTOW  = 8.922600e+04 lbm   
    OEW   = 5.137148e+04 lbm   
    Wbatt = 2.243847e+03 lbm   
    Wfuel = 1.864851e+04 lbm   
    Wem   = 5.406563e+02 lbm   
    Weg   = 0.000000e+00 lbm   
    S     = 8.353673e+02 ft^2

Iteration  3:
    MTOW  = 8.922394e+04 lbm   
    OEW   = 5.137148e+04 lbm   
    Wbatt = 2.243847e+03 lbm   
    Wfuel = 1.864646e+04 lbm   
    Wem   = 5.406563e+02 lbm   
    Weg   = 0.000000e+00 lbm   
    S     = 8.353673e+02 ft^2

Initial Size:          
    MTOW  = 9.126388e+04 lbm   
    Wbatt = 2.243847e+03 lbm   
    Wfuel = 2.068639e+04 lbm   
    S     = 8.353673e+02 ft^2

Iteration  0:
    MTOW  = 8.971945e+04 lbm   
    OEW   = 5.137148e+04 lbm   
    Wbatt = 2.243847e+03 lbm   
    Wfuel = 1.914196e+04 lbm   
    Wem   = 5.406563e+02 lbm   
    Weg   = 0.000000e+00 lbm   
    S     = 8.353673e+02 ft^2

Iteration  1:
    MTOW  = 8.927428e+04 lbm   
    OEW   = 5.137148e+04 lbm   
    Wbatt = 2.243847e+03 lbm   
    Wfuel = 1.869679e+04 lbm   
    Wem   = 5.406563e+02 lbm   
    Weg   = 0.000000e+00 lbm   
    S     = 8.353673e+02 ft^2

Iteration  2:
    MTOW  = 8.922600e+04 lbm   
    OEW   = 5.137148e+04 lbm   
    Wbatt = 2.243847e+03 lbm   
    Wfuel = 1.864851e+04 lbm   
    Wem   = 5.406563e+02 lbm   
    Weg   = 0.000000e+00 lbm   
    S     = 8.353673e+02 ft^2

Iteration  3:
    MTOW  = 8.922394e+04 lbm   
    OEW   = 5.137148e+04 lbm   
    Wbatt = 2.243847e+03 lbm   
    Wfuel = 1.864646e+04 lbm   
    Wem   = 5.406563e+02 lbm   
    Weg   = 0.000000e+00 lbm   
    S     = 8.353673e+02 ft^2

Initial Size:          
    MTOW  = 9.126388e+04 lbm   
    Wbatt = 2.243847e+03 lbm   
    Wfuel = 2.068639e+04 lbm   
    S     = 8.353673e+02 ft^2

Iteration  0:
    MTOW  = 8.971945e+04 lbm   
    OEW   = 5.137148e+04 lbm   
    Wbatt = 2.243847e+03 lbm   
    Wfuel = 1.914196e+04 lbm   
    Wem   = 5.406563e+02 lbm   
    Weg   = 0.000000e+00 lbm   
    S     = 8.353673e+02 ft^2

Iteration  1:
    MTOW  = 8.927428e+04 lbm   
    OEW   = 5.137148e+04 lbm   
    Wbatt = 2.243847e+03 lbm   
    Wfuel = 1.869679e+04 lbm   
    Wem   = 5.406563e+02 lbm   
    Weg   = 0.000000e+00 lbm   
    S     = 8.353673e+02 ft^2

Iteration  2:
    MTOW  = 8.922600e+04 lbm   
    OEW   = 5.137148e+04 lbm   
    Wbatt = 2.243847e+03 lbm   
    Wfuel = 1.864851e+04 lbm   
    Wem   = 5.406563e+02 lbm   
    Weg   = 0.000000e+00 lbm   
    S     = 8.353673e+02 ft^2

Iteration  3:
    MTOW  = 8.922394e+04 lbm   
    OEW   = 5.137148e+04 lbm   
    Wbatt = 2.243847e+03 lbm   
    Wfuel = 1.864646e+04 lbm   
    Wem   = 5.406563e+02 lbm   
    Weg   = 0.000000e+00 lbm   
    S     = 8.353673e+02 ft^2

Initial Size:          
    MTOW  = 9.126388e+04 lbm   
    Wbatt = 2.243847e+03 lbm   
    Wfuel = 2.068639e+04 lbm   
    S     = 8.353673e+02 ft^2

Iteration  0:
    MTOW  = 8.971945e+04 lbm   
    OEW   = 5.137148e+04 lbm   
    Wbatt = 2.243847e+03 lbm   
    Wfuel = 1.914196e+04 lbm   
    Wem   = 5.406563e+02 lbm   
    Weg   = 0.000000e+00 lbm   
    S     = 8.353673e+02 ft^2

Iteration  1:
    MTOW  = 8.927428e+04 lbm   
    OEW   = 5.137148e+04 lbm   
    Wbatt = 2.243847e+03 lbm   
    Wfuel = 1.869679e+04 lbm   
    Wem   = 5.406563e+02 lbm   
    Weg   = 0.000000e+00 lbm   
    S     = 8.353673e+02 ft^2

Iteration  2:
    MTOW  = 8.922600e+04 lbm   
    OEW   = 5.137148e+04 lbm   
    Wbatt = 2.243847e+03 lbm   
    Wfuel = 1.864851e+04 lbm   
    Wem   = 5.406563e+02 lbm   
    Weg   = 0.000000e+00 lbm   
    S     = 8.353673e+02 ft^2

Iteration  3:
    MTOW  = 8.922394e+04 lbm   
    OEW   = 5.137148e+04 lbm   
    Wbatt = 2.243847e+03 lbm   
    Wfuel = 1.864646e+04 lbm   
    Wem   = 5.406563e+02 lbm   
    Weg   = 0.000000e+00 lbm   
    S     = 8.353673e+02 ft^2

Initial Size:          
    MTOW  = 9.126388e+04 lbm   
    Wbatt = 2.243847e+03 lbm   
    Wfuel = 2.068639e+04 lbm   
    S     = 8.353673e+02 ft^2

Iteration  0:
    MTOW  = 8.971945e+04 lbm   
    OEW   = 5.137148e+04 lbm   
    Wbatt = 2.243847e+03 lbm   
    Wfuel = 1.914196e+04 lbm   
    Wem   = 5.406563e+02 lbm   
    Weg   = 0.000000e+00 lbm   
    S     = 8.353673e+02 ft^2

Iteration  1:
    MTOW  = 8.927428e+04 lbm   
    OEW   = 5.137148e+04 lbm   
    Wbatt = 2.243847e+03 lbm   
    Wfuel = 1.869679e+04 lbm   
    Wem   = 5.406563e+02 lbm   
    Weg   = 0.000000e+00 lbm   
    S     = 8.353673e+02 ft^2

Iteration  2:
    MTOW  = 8.922600e+04 lbm   
    OEW   = 5.137148e+04 lbm   
    Wbatt = 2.243847e+03 lbm   
    Wfuel = 1.864851e+04 lbm   
    Wem   = 5.406563e+02 lbm   
    Weg   = 0.000000e+00 lbm   
    S     = 8.353673e+02 ft^2

Iteration  3:
    MTOW  = 8.922394e+04 lbm   
    OEW   = 5.137148e+04 lbm   
    Wbatt = 2.243847e+03 lbm   
    Wfuel = 1.864646e+04 lbm   
    Wem   = 5.406563e+02 lbm   
    Weg   = 0.000000e+00 lbm   
    S     = 8.353673e+02 ft^2

Initial Size:          
    MTOW  = 9.126388e+04 lbm   
    Wbatt = 2.243847e+03 lbm   
    Wfuel = 2.068639e+04 lbm   
    S     = 8.353673e+02 ft^2

Iteration  0:
    MTOW  = 8.971945e+04 lbm   
    OEW   = 5.137148e+04 lbm   
    Wbatt = 2.243847e+03 lbm   
    Wfuel = 1.914196e+04 lbm   
    Wem   = 5.406563e+02 lbm   
    Weg   = 0.000000e+00 lbm   
    S     = 8.353673e+02 ft^2

Iteration  1:
    MTOW  = 8.927428e+04 lbm   
    OEW   = 5.137148e+04 lbm   
    Wbatt = 2.243847e+03 lbm   
    Wfuel = 1.869679e+04 lbm   
    Wem   = 5.406563e+02 lbm   
    Weg   = 0.000000e+00 lbm   
    S     = 8.353673e+02 ft^2

Iteration  2:
    MTOW  = 8.922600e+04 lbm   
    OEW   = 5.137148e+04 lbm   
    Wbatt = 2.243847e+03 lbm   
    Wfuel = 1.864851e+04 lbm   
    Wem   = 5.406563e+02 lbm   
    Weg   = 0.000000e+00 lbm   
    S     = 8.353673e+02 ft^2

Iteration  3:
    MTOW  = 8.922394e+04 lbm   
    OEW   = 5.137148e+04 lbm   
    Wbatt = 2.243847e+03 lbm   
    Wfuel = 1.864646e+04 lbm   
    Wem   = 5.406563e+02 lbm   
    Weg   = 0.000000e+00 lbm   
    S     = 8.353673e+02 ft^2

Initial Size:          
    MTOW  = 9.126388e+04 lbm   
    Wbatt = 2.243847e+03 lbm   
    Wfuel = 2.068639e+04 lbm   
    S     = 8.353673e+02 ft^2

Iteration  0:
    MTOW  = 8.971945e+04 lbm   
    OEW   = 5.137148e+04 lbm   
    Wbatt = 2.243847e+03 lbm   
    Wfuel = 1.914196e+04 lbm   
    Wem   = 5.406563e+02 lbm   
    Weg   = 0.000000e+00 lbm   
    S     = 8.353673e+02 ft^2

Iteration  1:
    MTOW  = 8.927428e+04 lbm   
    OEW   = 5.137148e+04 lbm   
    Wbatt = 2.243847e+03 lbm   
    Wfuel = 1.869679e+04 lbm   
    Wem   = 5.406563e+02 lbm   
    Weg   = 0.000000e+00 lbm   
    S     = 8.353673e+02 ft^2

Iteration  2:
    MTOW  = 8.922600e+04 lbm   
    OEW   = 5.137148e+04 lbm   
    Wbatt = 2.243847e+03 lbm   
    Wfuel = 1.864851e+04 lbm   
    Wem   = 5.406563e+02 lbm   
    Weg   = 0.000000e+00 lbm   
    S     = 8.353673e+02 ft^2

Iteration  3:
    MTOW  = 8.922394e+04 lbm   
    OEW   = 5.137148e+04 lbm   
    Wbatt = 2.243847e+03 lbm   
    Wfuel = 1.864646e+04 lbm   
    Wem   = 5.406563e+02 lbm   
    Weg   = 0.000000e+00 lbm   
    S     = 8.353673e+02 ft^2

Initial Size:          
    MTOW  = 9.126388e+04 lbm   
    Wbatt = 2.243847e+03 lbm   
    Wfuel = 2.068639e+04 lbm   
    S     = 8.353673e+02 ft^2

Iteration  0:
    MTOW  = 8.971945e+04 lbm   
    OEW   = 5.137148e+04 lbm   
    Wbatt = 2.243847e+03 lbm   
    Wfuel = 1.914196e+04 lbm   
    Wem   = 5.406563e+02 lbm   
    Weg   = 0.000000e+00 lbm   
    S     = 8.353673e+02 ft^2

Iteration  1:
    MTOW  = 8.927428e+04 lbm   
    OEW   = 5.137148e+04 lbm   
    Wbatt = 2.243847e+03 lbm   
    Wfuel = 1.869679e+04 lbm   
    Wem   = 5.406563e+02 lbm   
    Weg   = 0.000000e+00 lbm   
    S     = 8.353673e+02 ft^2

Iteration  2:
    MTOW  = 8.922600e+04 lbm   
    OEW   = 5.137148e+04 lbm   
    Wbatt = 2.243847e+03 lbm   
    Wfuel = 1.864851e+04 lbm   
    Wem   = 5.406563e+02 lbm   
    Weg   = 0.000000e+00 lbm   
    S     = 8.353673e+02 ft^2

Iteration  3:
    MTOW  = 8.922394e+04 lbm   
    OEW   = 5.137148e+04 lbm   
    Wbatt = 2.243847e+03 lbm   
    Wfuel = 1.864646e+04 lbm   
    Wem   = 5.406563e+02 lbm   
    Weg   = 0.000000e+00 lbm   
    S     = 8.353673e+02 ft^2

Initial Size:          
    MTOW  = 9.126388e+04 lbm   
    Wbatt = 2.243847e+03 lbm   
    Wfuel = 2.068639e+04 lbm   
    S     = 8.353673e+02 ft^2

Iteration  0:
    MTOW  = 8.971945e+04 lbm   
    OEW   = 5.137148e+04 lbm   
    Wbatt = 2.243847e+03 lbm   
    Wfuel = 1.914196e+04 lbm   
    Wem   = 5.406564e+02 lbm   
    Weg   = 0.000000e+00 lbm   
    S     = 8.353673e+02 ft^2

Iteration  1:
    MTOW  = 8.927428e+04 lbm   
    OEW   = 5.137148e+04 lbm   
    Wbatt = 2.243847e+03 lbm   
    Wfuel = 1.869679e+04 lbm   
    Wem   = 5.406564e+02 lbm   
    Weg   = 0.000000e+00 lbm   
    S     = 8.353673e+02 ft^2

Iteration  2:
    MTOW  = 8.922600e+04 lbm   
    OEW   = 5.137148e+04 lbm   
    Wbatt = 2.243847e+03 lbm   
    Wfuel = 1.864851e+04 lbm   
    Wem   = 5.406564e+02 lbm   
    Weg   = 0.000000e+00 lbm   
    S     = 8.353673e+02 ft^2

Iteration  3:
    MTOW  = 8.922394e+04 lbm   
    OEW   = 5.137148e+04 lbm   
    Wbatt = 2.243847e+03 lbm   
    Wfuel = 1.864646e+04 lbm   
    Wem   = 5.406564e+02 lbm   
    Weg   = 0.000000e+00 lbm   
    S     = 8.353673e+02 ft^2

Initial Size:          
    MTOW  = 9.126388e+04 lbm   
    Wbatt = 2.243847e+03 lbm   
    Wfuel = 2.068639e+04 lbm   
    S     = 8.353673e+02 ft^2

Iteration  0:
    MTOW  = 8.971945e+04 lbm   
    OEW   = 5.137148e+04 lbm   
    Wbatt = 2.243847e+03 lbm   
    Wfuel = 1.914196e+04 lbm   
    Wem   = 5.406563e+02 lbm   
    Weg   = 0.000000e+00 lbm   
    S     = 8.353673e+02 ft^2

Iteration  1:
    MTOW  = 8.927428e+04 lbm   
    OEW   = 5.137148e+04 lbm   
    Wbatt = 2.243847e+03 lbm   
    Wfuel = 1.869679e+04 lbm   
    Wem   = 5.406563e+02 lbm   
    Weg   = 0.000000e+00 lbm   
    S     = 8.353673e+02 ft^2

Iteration  2:
    MTOW  = 8.922600e+04 lbm   
    OEW   = 5.137148e+04 lbm   
    Wbatt = 2.243847e+03 lbm   
    Wfuel = 1.864851e+04 lbm   
    Wem   = 5.406563e+02 lbm   
    Weg   = 0.000000e+00 lbm   
    S     = 8.353673e+02 ft^2

Iteration  3:
    MTOW  = 8.922394e+04 lbm   
    OEW   = 5.137148e+04 lbm   
    Wbatt = 2.243847e+03 lbm   
    Wfuel = 1.864646e+04 lbm   
    Wem   = 5.406563e+02 lbm   
    Weg   = 0.000000e+00 lbm   
    S     = 8.353673e+02 ft^2

Initial Size:          
    MTOW  = 9.126388e+04 lbm   
    Wbatt = 2.243847e+03 lbm   
    Wfuel = 2.068639e+04 lbm   
    S     = 8.353673e+02 ft^2

Iteration  0:
    MTOW  = 8.971945e+04 lbm   
    OEW   = 5.137148e+04 lbm   
    Wbatt = 2.243847e+03 lbm   
    Wfuel = 1.914196e+04 lbm   
    Wem   = 5.406563e+02 lbm   
    Weg   = 0.000000e+00 lbm   
    S     = 8.353673e+02 ft^2

Iteration  1:
    MTOW  = 8.927428e+04 lbm   
    OEW   = 5.137148e+04 lbm   
    Wbatt = 2.243847e+03 lbm   
    Wfuel = 1.869679e+04 lbm   
    Wem   = 5.406563e+02 lbm   
    Weg   = 0.000000e+00 lbm   
    S     = 8.353673e+02 ft^2

Iteration  2:
    MTOW  = 8.922600e+04 lbm   
    OEW   = 5.137148e+04 lbm   
    Wbatt = 2.243847e+03 lbm   
    Wfuel = 1.864851e+04 lbm   
    Wem   = 5.406563e+02 lbm   
    Weg   = 0.000000e+00 lbm   
    S     = 8.353673e+02 ft^2

Iteration  3:
    MTOW  = 8.922394e+04 lbm   
    OEW   = 5.137148e+04 lbm   
    Wbatt = 2.243847e+03 lbm   
    Wfuel = 1.864646e+04 lbm   
    Wem   = 5.406563e+02 lbm   
    Weg   = 0.000000e+00 lbm   
    S     = 8.353673e+02 ft^2

Initial Size:          
    MTOW  = 9.126388e+04 lbm   
    Wbatt = 2.243847e+03 lbm   
    Wfuel = 2.068639e+04 lbm   
    S     = 8.353673e+02 ft^2

Iteration  0:
    MTOW  = 8.971945e+04 lbm   
    OEW   = 5.137148e+04 lbm   
    Wbatt = 2.243847e+03 lbm   
    Wfuel = 1.914196e+04 lbm   
    Wem   = 5.406563e+02 lbm   
    Weg   = 0.000000e+00 lbm   
    S     = 8.353673e+02 ft^2

Iteration  1:
    MTOW  = 8.927428e+04 lbm   
    OEW   = 5.137148e+04 lbm   
    Wbatt = 2.243847e+03 lbm   
    Wfuel = 1.869679e+04 lbm   
    Wem   = 5.406563e+02 lbm   
    Weg   = 0.000000e+00 lbm   
    S     = 8.353673e+02 ft^2

Iteration  2:
    MTOW  = 8.922600e+04 lbm   
    OEW   = 5.137148e+04 lbm   
    Wbatt = 2.243847e+03 lbm   
    Wfuel = 1.864851e+04 lbm   
    Wem   = 5.406563e+02 lbm   
    Weg   = 0.000000e+00 lbm   
    S     = 8.353673e+02 ft^2

Iteration  3:
    MTOW  = 8.922394e+04 lbm   
    OEW   = 5.137148e+04 lbm   
    Wbatt = 2.243847e+03 lbm   
    Wfuel = 1.864646e+04 lbm   
    Wem   = 5.406563e+02 lbm   
    Weg   = 0.000000e+00 lbm   
    S     = 8.353673e+02 ft^2

Initial Size:          
    MTOW  = 9.126388e+04 lbm   
    Wbatt = 2.243847e+03 lbm   
    Wfuel = 2.068639e+04 lbm   
    S     = 8.353673e+02 ft^2

Iteration  0:
    MTOW  = 8.971945e+04 lbm   
    OEW   = 5.137148e+04 lbm   
    Wbatt = 2.243847e+03 lbm   
    Wfuel = 1.914196e+04 lbm   
    Wem   = 5.406563e+02 lbm   
    Weg   = 0.000000e+00 lbm   
    S     = 8.353673e+02 ft^2

Iteration  1:
    MTOW  = 8.927428e+04 lbm   
    OEW   = 5.137148e+04 lbm   
    Wbatt = 2.243847e+03 lbm   
    Wfuel = 1.869679e+04 lbm   
    Wem   = 5.406563e+02 lbm   
    Weg   = 0.000000e+00 lbm   
    S     = 8.353673e+02 ft^2

Iteration  2:
    MTOW  = 8.922600e+04 lbm   
    OEW   = 5.137148e+04 lbm   
    Wbatt = 2.243847e+03 lbm   
    Wfuel = 1.864851e+04 lbm   
    Wem   = 5.406563e+02 lbm   
    Weg   = 0.000000e+00 lbm   
    S     = 8.353673e+02 ft^2

Iteration  3:
    MTOW  = 8.922394e+04 lbm   
    OEW   = 5.137148e+04 lbm   
    Wbatt = 2.243847e+03 lbm   
    Wfuel = 1.864646e+04 lbm   
    Wem   = 5.406563e+02 lbm   
    Weg   = 0.000000e+00 lbm   
    S     = 8.353673e+02 ft^2

Initial Size:          
    MTOW  = 9.126388e+04 lbm   
    Wbatt = 2.243847e+03 lbm   
    Wfuel = 2.068639e+04 lbm   
    S     = 8.353673e+02 ft^2

Iteration  0:
    MTOW  = 8.971945e+04 lbm   
    OEW   = 5.137148e+04 lbm   
    Wbatt = 2.243847e+03 lbm   
    Wfuel = 1.914196e+04 lbm   
    Wem   = 5.406563e+02 lbm   
    Weg   = 0.000000e+00 lbm   
    S     = 8.353673e+02 ft^2

Iteration  1:
    MTOW  = 8.927428e+04 lbm   
    OEW   = 5.137148e+04 lbm   
    Wbatt = 2.243847e+03 lbm   
    Wfuel = 1.869679e+04 lbm   
    Wem   = 5.406563e+02 lbm   
    Weg   = 0.000000e+00 lbm   
    S     = 8.353673e+02 ft^2

Iteration  2:
    MTOW  = 8.922600e+04 lbm   
    OEW   = 5.137148e+04 lbm   
    Wbatt = 2.243847e+03 lbm   
    Wfuel = 1.864851e+04 lbm   
    Wem   = 5.406563e+02 lbm   
    Weg   = 0.000000e+00 lbm   
    S     = 8.353673e+02 ft^2

Iteration  3:
    MTOW  = 8.922394e+04 lbm   
    OEW   = 5.137148e+04 lbm   
    Wbatt = 2.243847e+03 lbm   
    Wfuel = 1.864646e+04 lbm   
    Wem   = 5.406563e+02 lbm   
    Weg   = 0.000000e+00 lbm   
    S     = 8.353673e+02 ft^2

Initial Size:          
    MTOW  = 9.126388e+04 lbm   
    Wbatt = 2.243847e+03 lbm   
    Wfuel = 2.068639e+04 lbm   
    S     = 8.353673e+02 ft^2

Iteration  0:
    MTOW  = 8.971945e+04 lbm   
    OEW   = 5.137148e+04 lbm   
    Wbatt = 2.243847e+03 lbm   
    Wfuel = 1.914196e+04 lbm   
    Wem   = 5.406563e+02 lbm   
    Weg   = 0.000000e+00 lbm   
    S     = 8.353673e+02 ft^2

Iteration  1:
    MTOW  = 8.927428e+04 lbm   
    OEW   = 5.137148e+04 lbm   
    Wbatt = 2.243847e+03 lbm   
    Wfuel = 1.869679e+04 lbm   
    Wem   = 5.406563e+02 lbm   
    Weg   = 0.000000e+00 lbm   
    S     = 8.353673e+02 ft^2

Iteration  2:
    MTOW  = 8.922600e+04 lbm   
    OEW   = 5.137148e+04 lbm   
    Wbatt = 2.243847e+03 lbm   
    Wfuel = 1.864851e+04 lbm   
    Wem   = 5.406563e+02 lbm   
    Weg   = 0.000000e+00 lbm   
    S     = 8.353673e+02 ft^2

Iteration  3:
    MTOW  = 8.922394e+04 lbm   
    OEW   = 5.137148e+04 lbm   
    Wbatt = 2.243847e+03 lbm   
    Wfuel = 1.864646e+04 lbm   
    Wem   = 5.406563e+02 lbm   
    Weg   = 0.000000e+00 lbm   
    S     = 8.353673e+02 ft^2

Initial Size:          
    MTOW  = 9.126388e+04 lbm   
    Wbatt = 2.243847e+03 lbm   
    Wfuel = 2.068639e+04 lbm   
    S     = 8.353673e+02 ft^2

Iteration  0:
    MTOW  = 8.971945e+04 lbm   
    OEW   = 5.137148e+04 lbm   
    Wbatt = 2.243847e+03 lbm   
    Wfuel = 1.914196e+04 lbm   
    Wem   = 5.406563e+02 lbm   
    Weg   = 0.000000e+00 lbm   
    S     = 8.353673e+02 ft^2

Iteration  1:
    MTOW  = 8.927428e+04 lbm   
    OEW   = 5.137148e+04 lbm   
    Wbatt = 2.243847e+03 lbm   
    Wfuel = 1.869679e+04 lbm   
    Wem   = 5.406563e+02 lbm   
    Weg   = 0.000000e+00 lbm   
    S     = 8.353673e+02 ft^2

Iteration  2:
    MTOW  = 8.922600e+04 lbm   
    OEW   = 5.137148e+04 lbm   
    Wbatt = 2.243847e+03 lbm   
    Wfuel = 1.864851e+04 lbm   
    Wem   = 5.406563e+02 lbm   
    Weg   = 0.000000e+00 lbm   
    S     = 8.353673e+02 ft^2

Iteration  3:
    MTOW  = 8.922394e+04 lbm   
    OEW   = 5.137148e+04 lbm   
    Wbatt = 2.243847e+03 lbm   
    Wfuel = 1.864646e+04 lbm   
    Wem   = 5.406563e+02 lbm   
    Weg   = 0.000000e+00 lbm   
    S     = 8.353673e+02 ft^2

Initial Size:          
    MTOW  = 9.126388e+04 lbm   
    Wbatt = 2.243847e+03 lbm   
    Wfuel = 2.068639e+04 lbm   
    S     = 8.353673e+02 ft^2

Iteration  0:
    MTOW  = 8.971945e+04 lbm   
    OEW   = 5.137148e+04 lbm   
    Wbatt = 2.243847e+03 lbm   
    Wfuel = 1.914196e+04 lbm   
    Wem   = 5.406563e+02 lbm   
    Weg   = 0.000000e+00 lbm   
    S     = 8.353673e+02 ft^2

Iteration  1:
    MTOW  = 8.927428e+04 lbm   
    OEW   = 5.137148e+04 lbm   
    Wbatt = 2.243847e+03 lbm   
    Wfuel = 1.869679e+04 lbm   
    Wem   = 5.406563e+02 lbm   
    Weg   = 0.000000e+00 lbm   
    S     = 8.353673e+02 ft^2

Iteration  2:
    MTOW  = 8.922600e+04 lbm   
    OEW   = 5.137148e+04 lbm   
    Wbatt = 2.243847e+03 lbm   
    Wfuel = 1.864851e+04 lbm   
    Wem   = 5.406563e+02 lbm   
    Weg   = 0.000000e+00 lbm   
    S     = 8.353673e+02 ft^2

Iteration  3:
    MTOW  = 8.922394e+04 lbm   
    OEW   = 5.137148e+04 lbm   
    Wbatt = 2.243847e+03 lbm   
    Wfuel = 1.864646e+04 lbm   
    Wem   = 5.406563e+02 lbm   
    Weg   = 0.000000e+00 lbm   
    S     = 8.353673e+02 ft^2

Initial Size:          
    MTOW  = 9.126388e+04 lbm   
    Wbatt = 2.243847e+03 lbm   
    Wfuel = 2.068639e+04 lbm   
    S     = 8.353673e+02 ft^2

Iteration  0:
    MTOW  = 8.971945e+04 lbm   
    OEW   = 5.137148e+04 lbm   
    Wbatt = 2.243847e+03 lbm   
    Wfuel = 1.914196e+04 lbm   
    Wem   = 5.406563e+02 lbm   
    Weg   = 0.000000e+00 lbm   
    S     = 8.353673e+02 ft^2

Iteration  1:
    MTOW  = 8.927428e+04 lbm   
    OEW   = 5.137148e+04 lbm   
    Wbatt = 2.243847e+03 lbm   
    Wfuel = 1.869679e+04 lbm   
    Wem   = 5.406563e+02 lbm   
    Weg   = 0.000000e+00 lbm   
    S     = 8.353673e+02 ft^2

Iteration  2:
    MTOW  = 8.922600e+04 lbm   
    OEW   = 5.137148e+04 lbm   
    Wbatt = 2.243847e+03 lbm   
    Wfuel = 1.864851e+04 lbm   
    Wem   = 5.406563e+02 lbm   
    Weg   = 0.000000e+00 lbm   
    S     = 8.353673e+02 ft^2

Iteration  3:
    MTOW  = 8.922394e+04 lbm   
    OEW   = 5.137148e+04 lbm   
    Wbatt = 2.243847e+03 lbm   
    Wfuel = 1.864646e+04 lbm   
    Wem   = 5.406563e+02 lbm   
    Weg   = 0.000000e+00 lbm   
    S     = 8.353673e+02 ft^2

Initial Size:          
    MTOW  = 9.126388e+04 lbm   
    Wbatt = 2.243847e+03 lbm   
    Wfuel = 2.068639e+04 lbm   
    S     = 8.353673e+02 ft^2

Iteration  0:
    MTOW  = 8.971945e+04 lbm   
    OEW   = 5.137148e+04 lbm   
    Wbatt = 2.243847e+03 lbm   
    Wfuel = 1.914196e+04 lbm   
    Wem   = 5.406563e+02 lbm   
    Weg   = 0.000000e+00 lbm   
    S     = 8.353673e+02 ft^2

Iteration  1:
    MTOW  = 8.927428e+04 lbm   
    OEW   = 5.137148e+04 lbm   
    Wbatt = 2.243847e+03 lbm   
    Wfuel = 1.869679e+04 lbm   
    Wem   = 5.406563e+02 lbm   
    Weg   = 0.000000e+00 lbm   
    S     = 8.353673e+02 ft^2

Iteration  2:
    MTOW  = 8.922600e+04 lbm   
    OEW   = 5.137148e+04 lbm   
    Wbatt = 2.243847e+03 lbm   
    Wfuel = 1.864851e+04 lbm   
    Wem   = 5.406563e+02 lbm   
    Weg   = 0.000000e+00 lbm   
    S     = 8.353673e+02 ft^2

Iteration  3:
    MTOW  = 8.922394e+04 lbm   
    OEW   = 5.137148e+04 lbm   
    Wbatt = 2.243847e+03 lbm   
    Wfuel = 1.864646e+04 lbm   
    Wem   = 5.406563e+02 lbm   
    Weg   = 0.000000e+00 lbm   
    S     = 8.353673e+02 ft^2

Initial Size:          
    MTOW  = 9.126388e+04 lbm   
    Wbatt = 2.243847e+03 lbm   
    Wfuel = 2.068639e+04 lbm   
    S     = 8.353673e+02 ft^2

Iteration  0:
    MTOW  = 8.971945e+04 lbm   
    OEW   = 5.137148e+04 lbm   
    Wbatt = 2.243847e+03 lbm   
    Wfuel = 1.914196e+04 lbm   
    Wem   = 5.406563e+02 lbm   
    Weg   = 0.000000e+00 lbm   
    S     = 8.353673e+02 ft^2

Iteration  1:
    MTOW  = 8.927428e+04 lbm   
    OEW   = 5.137148e+04 lbm   
    Wbatt = 2.243847e+03 lbm   
    Wfuel = 1.869679e+04 lbm   
    Wem   = 5.406563e+02 lbm   
    Weg   = 0.000000e+00 lbm   
    S     = 8.353673e+02 ft^2

Iteration  2:
    MTOW  = 8.922600e+04 lbm   
    OEW   = 5.137148e+04 lbm   
    Wbatt = 2.243847e+03 lbm   
    Wfuel = 1.864851e+04 lbm   
    Wem   = 5.406563e+02 lbm   
    Weg   = 0.000000e+00 lbm   
    S     = 8.353673e+02 ft^2

Iteration  3:
    MTOW  = 8.922394e+04 lbm   
    OEW   = 5.137148e+04 lbm   
    Wbatt = 2.243847e+03 lbm   
    Wfuel = 1.864646e+04 lbm   
    Wem   = 5.406563e+02 lbm   
    Weg   = 0.000000e+00 lbm   
    S     = 8.353673e+02 ft^2

Initial Size:          
    MTOW  = 9.126388e+04 lbm   
    Wbatt = 2.243847e+03 lbm   
    Wfuel = 2.068639e+04 lbm   
    S     = 8.353673e+02 ft^2

Iteration  0:
    MTOW  = 8.971945e+04 lbm   
    OEW   = 5.137148e+04 lbm   
    Wbatt = 2.243847e+03 lbm   
    Wfuel = 1.914196e+04 lbm   
    Wem   = 5.406563e+02 lbm   
    Weg   = 0.000000e+00 lbm   
    S     = 8.353673e+02 ft^2

Iteration  1:
    MTOW  = 8.927428e+04 lbm   
    OEW   = 5.137148e+04 lbm   
    Wbatt = 2.243847e+03 lbm   
    Wfuel = 1.869679e+04 lbm   
    Wem   = 5.406563e+02 lbm   
    Weg   = 0.000000e+00 lbm   
    S     = 8.353673e+02 ft^2

Iteration  2:
    MTOW  = 8.922600e+04 lbm   
    OEW   = 5.137148e+04 lbm   
    Wbatt = 2.243847e+03 lbm   
    Wfuel = 1.864851e+04 lbm   
    Wem   = 5.406563e+02 lbm   
    Weg   = 0.000000e+00 lbm   
    S     = 8.353673e+02 ft^2

Iteration  3:
    MTOW  = 8.922394e+04 lbm   
    OEW   = 5.137148e+04 lbm   
    Wbatt = 2.243847e+03 lbm   
    Wfuel = 1.864646e+04 lbm   
    Wem   = 5.406563e+02 lbm   
    Weg   = 0.000000e+00 lbm   
    S     = 8.353673e+02 ft^2

Initial Size:          
    MTOW  = 9.126388e+04 lbm   
    Wbatt = 2.243847e+03 lbm   
    Wfuel = 2.068639e+04 lbm   
    S     = 8.353673e+02 ft^2

Iteration  0:
    MTOW  = 8.971945e+04 lbm   
    OEW   = 5.137148e+04 lbm   
    Wbatt = 2.243847e+03 lbm   
    Wfuel = 1.914196e+04 lbm   
    Wem   = 5.406563e+02 lbm   
    Weg   = 0.000000e+00 lbm   
    S     = 8.353673e+02 ft^2

Iteration  1:
    MTOW  = 8.927428e+04 lbm   
    OEW   = 5.137148e+04 lbm   
    Wbatt = 2.243847e+03 lbm   
    Wfuel = 1.869679e+04 lbm   
    Wem   = 5.406563e+02 lbm   
    Weg   = 0.000000e+00 lbm   
    S     = 8.353673e+02 ft^2

Iteration  2:
    MTOW  = 8.922600e+04 lbm   
    OEW   = 5.137148e+04 lbm   
    Wbatt = 2.243847e+03 lbm   
    Wfuel = 1.864851e+04 lbm   
    Wem   = 5.406563e+02 lbm   
    Weg   = 0.000000e+00 lbm   
    S     = 8.353673e+02 ft^2

Iteration  3:
    MTOW  = 8.922394e+04 lbm   
    OEW   = 5.137148e+04 lbm   
    Wbatt = 2.243847e+03 lbm   
    Wfuel = 1.864646e+04 lbm   
    Wem   = 5.406563e+02 lbm   
    Weg   = 0.000000e+00 lbm   
    S     = 8.353673e+02 ft^2

Initial Size:          
    MTOW  = 9.126388e+04 lbm   
    Wbatt = 2.243847e+03 lbm   
    Wfuel = 2.068639e+04 lbm   
    S     = 8.353673e+02 ft^2

Iteration  0:
    MTOW  = 8.971945e+04 lbm   
    OEW   = 5.137148e+04 lbm   
    Wbatt = 2.243847e+03 lbm   
    Wfuel = 1.914196e+04 lbm   
    Wem   = 5.406563e+02 lbm   
    Weg   = 0.000000e+00 lbm   
    S     = 8.353673e+02 ft^2

Iteration  1:
    MTOW  = 8.927428e+04 lbm   
    OEW   = 5.137148e+04 lbm   
    Wbatt = 2.243847e+03 lbm   
    Wfuel = 1.869679e+04 lbm   
    Wem   = 5.406563e+02 lbm   
    Weg   = 0.000000e+00 lbm   
    S     = 8.353673e+02 ft^2

Iteration  2:
    MTOW  = 8.922600e+04 lbm   
    OEW   = 5.137148e+04 lbm   
    Wbatt = 2.243847e+03 lbm   
    Wfuel = 1.864851e+04 lbm   
    Wem   = 5.406563e+02 lbm   
    Weg   = 0.000000e+00 lbm   
    S     = 8.353673e+02 ft^2

Iteration  3:
    MTOW  = 8.922394e+04 lbm   
    OEW   = 5.137148e+04 lbm   
    Wbatt = 2.243847e+03 lbm   
    Wfuel = 1.864646e+04 lbm   
    Wem   = 5.406563e+02 lbm   
    Weg   = 0.000000e+00 lbm   
    S     = 8.353673e+02 ft^2

Initial Size:          
    MTOW  = 9.126388e+04 lbm   
    Wbatt = 2.243847e+03 lbm   
    Wfuel = 2.068639e+04 lbm   
    S     = 8.353673e+02 ft^2

Iteration  0:
    MTOW  = 8.971945e+04 lbm   
    OEW   = 5.137148e+04 lbm   
    Wbatt = 2.243847e+03 lbm   
    Wfuel = 1.914196e+04 lbm   
    Wem   = 5.406563e+02 lbm   
    Weg   = 0.000000e+00 lbm   
    S     = 8.353673e+02 ft^2

Iteration  1:
    MTOW  = 8.927428e+04 lbm   
    OEW   = 5.137148e+04 lbm   
    Wbatt = 2.243847e+03 lbm   
    Wfuel = 1.869679e+04 lbm   
    Wem   = 5.406563e+02 lbm   
    Weg   = 0.000000e+00 lbm   
    S     = 8.353673e+02 ft^2

Iteration  2:
    MTOW  = 8.922600e+04 lbm   
    OEW   = 5.137148e+04 lbm   
    Wbatt = 2.243847e+03 lbm   
    Wfuel = 1.864851e+04 lbm   
    Wem   = 5.406563e+02 lbm   
    Weg   = 0.000000e+00 lbm   
    S     = 8.353673e+02 ft^2

Iteration  3:
    MTOW  = 8.922394e+04 lbm   
    OEW   = 5.137148e+04 lbm   
    Wbatt = 2.243847e+03 lbm   
    Wfuel = 1.864646e+04 lbm   
    Wem   = 5.406563e+02 lbm   
    Weg   = 0.000000e+00 lbm   
    S     = 8.353673e+02 ft^2

Initial Size:          
    MTOW  = 9.126388e+04 lbm   
    Wbatt = 2.243847e+03 lbm   
    Wfuel = 2.068639e+04 lbm   
    S     = 8.353673e+02 ft^2

Iteration  0:
    MTOW  = 8.971945e+04 lbm   
    OEW   = 5.137148e+04 lbm   
    Wbatt = 2.243847e+03 lbm   
    Wfuel = 1.914196e+04 lbm   
    Wem   = 5.406563e+02 lbm   
    Weg   = 0.000000e+00 lbm   
    S     = 8.353673e+02 ft^2

Iteration  1:
    MTOW  = 8.927428e+04 lbm   
    OEW   = 5.137148e+04 lbm   
    Wbatt = 2.243847e+03 lbm   
    Wfuel = 1.869679e+04 lbm   
    Wem   = 5.406563e+02 lbm   
    Weg   = 0.000000e+00 lbm   
    S     = 8.353673e+02 ft^2

Iteration  2:
    MTOW  = 8.922600e+04 lbm   
    OEW   = 5.137148e+04 lbm   
    Wbatt = 2.243847e+03 lbm   
    Wfuel = 1.864851e+04 lbm   
    Wem   = 5.406563e+02 lbm   
    Weg   = 0.000000e+00 lbm   
    S     = 8.353673e+02 ft^2

Iteration  3:
    MTOW  = 8.922394e+04 lbm   
    OEW   = 5.137148e+04 lbm   
    Wbatt = 2.243847e+03 lbm   
    Wfuel = 1.864646e+04 lbm   
    Wem   = 5.406563e+02 lbm   
    Weg   = 0.000000e+00 lbm   
    S     = 8.353673e+02 ft^2

Initial Size:          
    MTOW  = 9.126388e+04 lbm   
    Wbatt = 2.243847e+03 lbm   
    Wfuel = 2.068639e+04 lbm   
    S     = 8.353673e+02 ft^2

Iteration  0:
    MTOW  = 8.971945e+04 lbm   
    OEW   = 5.137148e+04 lbm   
    Wbatt = 2.243847e+03 lbm   
    Wfuel = 1.914196e+04 lbm   
    Wem   = 5.406563e+02 lbm   
    Weg   = 0.000000e+00 lbm   
    S     = 8.353673e+02 ft^2

Iteration  1:
    MTOW  = 8.927428e+04 lbm   
    OEW   = 5.137148e+04 lbm   
    Wbatt = 2.243847e+03 lbm   
    Wfuel = 1.869679e+04 lbm   
    Wem   = 5.406563e+02 lbm   
    Weg   = 0.000000e+00 lbm   
    S     = 8.353673e+02 ft^2

Iteration  2:
    MTOW  = 8.922600e+04 lbm   
    OEW   = 5.137148e+04 lbm   
    Wbatt = 2.243847e+03 lbm   
    Wfuel = 1.864851e+04 lbm   
    Wem   = 5.406563e+02 lbm   
    Weg   = 0.000000e+00 lbm   
    S     = 8.353673e+02 ft^2

Iteration  3:
    MTOW  = 8.922394e+04 lbm   
    OEW   = 5.137148e+04 lbm   
    Wbatt = 2.243847e+03 lbm   
    Wfuel = 1.864646e+04 lbm   
    Wem   = 5.406563e+02 lbm   
    Weg   = 0.000000e+00 lbm   
    S     = 8.353673e+02 ft^2

Initial Size:          
    MTOW  = 9.126388e+04 lbm   
    Wbatt = 2.243847e+03 lbm   
    Wfuel = 2.068639e+04 lbm   
    S     = 8.353673e+02 ft^2

Iteration  0:
    MTOW  = 8.971945e+04 lbm   
    OEW   = 5.137148e+04 lbm   
    Wbatt = 2.243847e+03 lbm   
    Wfuel = 1.914196e+04 lbm   
    Wem   = 5.406563e+02 lbm   
    Weg   = 0.000000e+00 lbm   
    S     = 8.353673e+02 ft^2

Iteration  1:
    MTOW  = 8.927428e+04 lbm   
    OEW   = 5.137148e+04 lbm   
    Wbatt = 2.243847e+03 lbm   
    Wfuel = 1.869679e+04 lbm   
    Wem   = 5.406563e+02 lbm   
    Weg   = 0.000000e+00 lbm   
    S     = 8.353673e+02 ft^2

Iteration  2:
    MTOW  = 8.922600e+04 lbm   
    OEW   = 5.137148e+04 lbm   
    Wbatt = 2.243847e+03 lbm   
    Wfuel = 1.864851e+04 lbm   
    Wem   = 5.406563e+02 lbm   
    Weg   = 0.000000e+00 lbm   
    S     = 8.353673e+02 ft^2

Iteration  3:
    MTOW  = 8.922394e+04 lbm   
    OEW   = 5.137148e+04 lbm   
    Wbatt = 2.243847e+03 lbm   
    Wfuel = 1.864646e+04 lbm   
    Wem   = 5.406563e+02 lbm   
    Weg   = 0.000000e+00 lbm   
    S     = 8.353673e+02 ft^2

Initial Size:          
    MTOW  = 9.126388e+04 lbm   
    Wbatt = 2.243847e+03 lbm   
    Wfuel = 2.068639e+04 lbm   
    S     = 8.353673e+02 ft^2

Iteration  0:
    MTOW  = 8.971945e+04 lbm   
    OEW   = 5.137148e+04 lbm   
    Wbatt = 2.243847e+03 lbm   
    Wfuel = 1.914196e+04 lbm   
    Wem   = 5.406563e+02 lbm   
    Weg   = 0.000000e+00 lbm   
    S     = 8.353673e+02 ft^2

Iteration  1:
    MTOW  = 8.927428e+04 lbm   
    OEW   = 5.137148e+04 lbm   
    Wbatt = 2.243847e+03 lbm   
    Wfuel = 1.869679e+04 lbm   
    Wem   = 5.406563e+02 lbm   
    Weg   = 0.000000e+00 lbm   
    S     = 8.353673e+02 ft^2

Iteration  2:
    MTOW  = 8.922600e+04 lbm   
    OEW   = 5.137148e+04 lbm   
    Wbatt = 2.243847e+03 lbm   
    Wfuel = 1.864851e+04 lbm   
    Wem   = 5.406563e+02 lbm   
    Weg   = 0.000000e+00 lbm   
    S     = 8.353673e+02 ft^2

Iteration  3:
    MTOW  = 8.922394e+04 lbm   
    OEW   = 5.137148e+04 lbm   
    Wbatt = 2.243847e+03 lbm   
    Wfuel = 1.864646e+04 lbm   
    Wem   = 5.406563e+02 lbm   
    Weg   = 0.000000e+00 lbm   
    S     = 8.353673e+02 ft^2

Initial Size:          
    MTOW  = 9.126388e+04 lbm   
    Wbatt = 2.243847e+03 lbm   
    Wfuel = 2.068639e+04 lbm   
    S     = 8.353673e+02 ft^2

Iteration  0:
    MTOW  = 8.971945e+04 lbm   
    OEW   = 5.137148e+04 lbm   
    Wbatt = 2.243847e+03 lbm   
    Wfuel = 1.914196e+04 lbm   
    Wem   = 5.406563e+02 lbm   
    Weg   = 0.000000e+00 lbm   
    S     = 8.353673e+02 ft^2

Iteration  1:
    MTOW  = 8.927428e+04 lbm   
    OEW   = 5.137148e+04 lbm   
    Wbatt = 2.243847e+03 lbm   
    Wfuel = 1.869679e+04 lbm   
    Wem   = 5.406563e+02 lbm   
    Weg   = 0.000000e+00 lbm   
    S     = 8.353673e+02 ft^2

Iteration  2:
    MTOW  = 8.922600e+04 lbm   
    OEW   = 5.137148e+04 lbm   
    Wbatt = 2.243847e+03 lbm   
    Wfuel = 1.864851e+04 lbm   
    Wem   = 5.406563e+02 lbm   
    Weg   = 0.000000e+00 lbm   
    S     = 8.353673e+02 ft^2

Iteration  3:
    MTOW  = 8.922394e+04 lbm   
    OEW   = 5.137148e+04 lbm   
    Wbatt = 2.243847e+03 lbm   
    Wfuel = 1.864646e+04 lbm   
    Wem   = 5.406563e+02 lbm   
    Weg   = 0.000000e+00 lbm   
    S     = 8.353673e+02 ft^2

Initial Size:          
    MTOW  = 9.126388e+04 lbm   
    Wbatt = 2.243847e+03 lbm   
    Wfuel = 2.068639e+04 lbm   
    S     = 8.353673e+02 ft^2

Iteration  0:
    MTOW  = 8.971945e+04 lbm   
    OEW   = 5.137148e+04 lbm   
    Wbatt = 2.243847e+03 lbm   
    Wfuel = 1.914196e+04 lbm   
    Wem   = 5.406563e+02 lbm   
    Weg   = 0.000000e+00 lbm   
    S     = 8.353673e+02 ft^2

Iteration  1:
    MTOW  = 8.927428e+04 lbm   
    OEW   = 5.137148e+04 lbm   
    Wbatt = 2.243847e+03 lbm   
    Wfuel = 1.869679e+04 lbm   
    Wem   = 5.406563e+02 lbm   
    Weg   = 0.000000e+00 lbm   
    S     = 8.353673e+02 ft^2

Iteration  2:
    MTOW  = 8.922600e+04 lbm   
    OEW   = 5.137148e+04 lbm   
    Wbatt = 2.243847e+03 lbm   
    Wfuel = 1.864851e+04 lbm   
    Wem   = 5.406563e+02 lbm   
    Weg   = 0.000000e+00 lbm   
    S     = 8.353673e+02 ft^2

Iteration  3:
    MTOW  = 8.922394e+04 lbm   
    OEW   = 5.137148e+04 lbm   
    Wbatt = 2.243847e+03 lbm   
    Wfuel = 1.864646e+04 lbm   
    Wem   = 5.406563e+02 lbm   
    Weg   = 0.000000e+00 lbm   
    S     = 8.353673e+02 ft^2

Initial Size:          
    MTOW  = 9.126388e+04 lbm   
    Wbatt = 2.243847e+03 lbm   
    Wfuel = 2.068639e+04 lbm   
    S     = 8.353673e+02 ft^2

Iteration  0:
    MTOW  = 8.971945e+04 lbm   
    OEW   = 5.137148e+04 lbm   
    Wbatt = 2.243847e+03 lbm   
    Wfuel = 1.914196e+04 lbm   
    Wem   = 5.406563e+02 lbm   
    Weg   = 0.000000e+00 lbm   
    S     = 8.353673e+02 ft^2

Iteration  1:
    MTOW  = 8.927428e+04 lbm   
    OEW   = 5.137148e+04 lbm   
    Wbatt = 2.243847e+03 lbm   
    Wfuel = 1.869679e+04 lbm   
    Wem   = 5.406563e+02 lbm   
    Weg   = 0.000000e+00 lbm   
    S     = 8.353673e+02 ft^2

Iteration  2:
    MTOW  = 8.922600e+04 lbm   
    OEW   = 5.137148e+04 lbm   
    Wbatt = 2.243847e+03 lbm   
    Wfuel = 1.864851e+04 lbm   
    Wem   = 5.406563e+02 lbm   
    Weg   = 0.000000e+00 lbm   
    S     = 8.353673e+02 ft^2

Iteration  3:
    MTOW  = 8.922394e+04 lbm   
    OEW   = 5.137148e+04 lbm   
    Wbatt = 2.243847e+03 lbm   
    Wfuel = 1.864646e+04 lbm   
    Wem   = 5.406563e+02 lbm   
    Weg   = 0.000000e+00 lbm   
    S     = 8.353673e+02 ft^2

Initial Size:          
    MTOW  = 9.126388e+04 lbm   
    Wbatt = 2.243847e+03 lbm   
    Wfuel = 2.068639e+04 lbm   
    S     = 8.353673e+02 ft^2

Iteration  0:
    MTOW  = 8.971945e+04 lbm   
    OEW   = 5.137148e+04 lbm   
    Wbatt = 2.243847e+03 lbm   
    Wfuel = 1.914196e+04 lbm   
    Wem   = 5.406563e+02 lbm   
    Weg   = 0.000000e+00 lbm   
    S     = 8.353673e+02 ft^2

Iteration  1:
    MTOW  = 8.927428e+04 lbm   
    OEW   = 5.137148e+04 lbm   
    Wbatt = 2.243847e+03 lbm   
    Wfuel = 1.869679e+04 lbm   
    Wem   = 5.406563e+02 lbm   
    Weg   = 0.000000e+00 lbm   
    S     = 8.353673e+02 ft^2

Iteration  2:
    MTOW  = 8.922600e+04 lbm   
    OEW   = 5.137148e+04 lbm   
    Wbatt = 2.243847e+03 lbm   
    Wfuel = 1.864851e+04 lbm   
    Wem   = 5.406563e+02 lbm   
    Weg   = 0.000000e+00 lbm   
    S     = 8.353673e+02 ft^2

Iteration  3:
    MTOW  = 8.922394e+04 lbm   
    OEW   = 5.137148e+04 lbm   
    Wbatt = 2.243847e+03 lbm   
    Wfuel = 1.864646e+04 lbm   
    Wem   = 5.406563e+02 lbm   
    Weg   = 0.000000e+00 lbm   
    S     = 8.353673e+02 ft^2

Initial Size:          
    MTOW  = 9.126388e+04 lbm   
    Wbatt = 2.243847e+03 lbm   
    Wfuel = 2.068639e+04 lbm   
    S     = 8.353673e+02 ft^2

Iteration  0:
    MTOW  = 8.971945e+04 lbm   
    OEW   = 5.137148e+04 lbm   
    Wbatt = 2.243847e+03 lbm   
    Wfuel = 1.914196e+04 lbm   
    Wem   = 5.406563e+02 lbm   
    Weg   = 0.000000e+00 lbm   
    S     = 8.353673e+02 ft^2

Iteration  1:
    MTOW  = 8.927428e+04 lbm   
    OEW   = 5.137148e+04 lbm   
    Wbatt = 2.243847e+03 lbm   
    Wfuel = 1.869679e+04 lbm   
    Wem   = 5.406563e+02 lbm   
    Weg   = 0.000000e+00 lbm   
    S     = 8.353673e+02 ft^2

Iteration  2:
    MTOW  = 8.922600e+04 lbm   
    OEW   = 5.137148e+04 lbm   
    Wbatt = 2.243847e+03 lbm   
    Wfuel = 1.864851e+04 lbm   
    Wem   = 5.406563e+02 lbm   
    Weg   = 0.000000e+00 lbm   
    S     = 8.353673e+02 ft^2

Iteration  3:
    MTOW  = 8.922394e+04 lbm   
    OEW   = 5.137148e+04 lbm   
    Wbatt = 2.243847e+03 lbm   
    Wfuel = 1.864646e+04 lbm   
    Wem   = 5.406563e+02 lbm   
    Weg   = 0.000000e+00 lbm   
    S     = 8.353673e+02 ft^2

Initial Size:          
    MTOW  = 9.126388e+04 lbm   
    Wbatt = 2.243847e+03 lbm   
    Wfuel = 2.068639e+04 lbm   
    S     = 8.353673e+02 ft^2

Iteration  0:
    MTOW  = 8.971945e+04 lbm   
    OEW   = 5.137148e+04 lbm   
    Wbatt = 2.243847e+03 lbm   
    Wfuel = 1.914196e+04 lbm   
    Wem   = 5.406563e+02 lbm   
    Weg   = 0.000000e+00 lbm   
    S     = 8.353673e+02 ft^2

Iteration  1:
    MTOW  = 8.927428e+04 lbm   
    OEW   = 5.137148e+04 lbm   
    Wbatt = 2.243847e+03 lbm   
    Wfuel = 1.869679e+04 lbm   
    Wem   = 5.406563e+02 lbm   
    Weg   = 0.000000e+00 lbm   
    S     = 8.353673e+02 ft^2

Iteration  2:
    MTOW  = 8.922600e+04 lbm   
    OEW   = 5.137148e+04 lbm   
    Wbatt = 2.243847e+03 lbm   
    Wfuel = 1.864851e+04 lbm   
    Wem   = 5.406563e+02 lbm   
    Weg   = 0.000000e+00 lbm   
    S     = 8.353673e+02 ft^2

Iteration  3:
    MTOW  = 8.922394e+04 lbm   
    OEW   = 5.137148e+04 lbm   
    Wbatt = 2.243847e+03 lbm   
    Wfuel = 1.864646e+04 lbm   
    Wem   = 5.406563e+02 lbm   
    Weg   = 0.000000e+00 lbm   
    S     = 8.353673e+02 ft^2

Initial Size:          
    MTOW  = 9.126388e+04 lbm   
    Wbatt = 2.243847e+03 lbm   
    Wfuel = 2.068639e+04 lbm   
    S     = 8.353673e+02 ft^2

Iteration  0:
    MTOW  = 8.971945e+04 lbm   
    OEW   = 5.137148e+04 lbm   
    Wbatt = 2.243847e+03 lbm   
    Wfuel = 1.914196e+04 lbm   
    Wem   = 5.406563e+02 lbm   
    Weg   = 0.000000e+00 lbm   
    S     = 8.353673e+02 ft^2

Iteration  1:
    MTOW  = 8.927428e+04 lbm   
    OEW   = 5.137148e+04 lbm   
    Wbatt = 2.243847e+03 lbm   
    Wfuel = 1.869679e+04 lbm   
    Wem   = 5.406563e+02 lbm   
    Weg   = 0.000000e+00 lbm   
    S     = 8.353673e+02 ft^2

Iteration  2:
    MTOW  = 8.922600e+04 lbm   
    OEW   = 5.137148e+04 lbm   
    Wbatt = 2.243847e+03 lbm   
    Wfuel = 1.864851e+04 lbm   
    Wem   = 5.406563e+02 lbm   
    Weg   = 0.000000e+00 lbm   
    S     = 8.353673e+02 ft^2

Iteration  3:
    MTOW  = 8.922394e+04 lbm   
    OEW   = 5.137148e+04 lbm   
    Wbatt = 2.243847e+03 lbm   
    Wfuel = 1.864646e+04 lbm   
    Wem   = 5.406563e+02 lbm   
    Weg   = 0.000000e+00 lbm   
    S     = 8.353673e+02 ft^2

Initial Size:          
    MTOW  = 9.126388e+04 lbm   
    Wbatt = 2.243847e+03 lbm   
    Wfuel = 2.068639e+04 lbm   
    S     = 8.353673e+02 ft^2

Iteration  0:
    MTOW  = 8.971945e+04 lbm   
    OEW   = 5.137148e+04 lbm   
    Wbatt = 2.243847e+03 lbm   
    Wfuel = 1.914196e+04 lbm   
    Wem   = 5.406563e+02 lbm   
    Weg   = 0.000000e+00 lbm   
    S     = 8.353673e+02 ft^2

Iteration  1:
    MTOW  = 8.927428e+04 lbm   
    OEW   = 5.137148e+04 lbm   
    Wbatt = 2.243847e+03 lbm   
    Wfuel = 1.869679e+04 lbm   
    Wem   = 5.406563e+02 lbm   
    Weg   = 0.000000e+00 lbm   
    S     = 8.353673e+02 ft^2

Iteration  2:
    MTOW  = 8.922600e+04 lbm   
    OEW   = 5.137148e+04 lbm   
    Wbatt = 2.243847e+03 lbm   
    Wfuel = 1.864851e+04 lbm   
    Wem   = 5.406563e+02 lbm   
    Weg   = 0.000000e+00 lbm   
    S     = 8.353673e+02 ft^2

Iteration  3:
    MTOW  = 8.922394e+04 lbm   
    OEW   = 5.137148e+04 lbm   
    Wbatt = 2.243847e+03 lbm   
    Wfuel = 1.864646e+04 lbm   
    Wem   = 5.406563e+02 lbm   
    Weg   = 0.000000e+00 lbm   
    S     = 8.353673e+02 ft^2

Initial Size:          
    MTOW  = 9.126388e+04 lbm   
    Wbatt = 2.243847e+03 lbm   
    Wfuel = 2.068639e+04 lbm   
    S     = 8.353673e+02 ft^2

Iteration  0:
    MTOW  = 8.971945e+04 lbm   
    OEW   = 5.137148e+04 lbm   
    Wbatt = 2.243847e+03 lbm   
    Wfuel = 1.914196e+04 lbm   
    Wem   = 5.406563e+02 lbm   
    Weg   = 0.000000e+00 lbm   
    S     = 8.353673e+02 ft^2

Iteration  1:
    MTOW  = 8.927428e+04 lbm   
    OEW   = 5.137148e+04 lbm   
    Wbatt = 2.243847e+03 lbm   
    Wfuel = 1.869679e+04 lbm   
    Wem   = 5.406563e+02 lbm   
    Weg   = 0.000000e+00 lbm   
    S     = 8.353673e+02 ft^2

Iteration  2:
    MTOW  = 8.922600e+04 lbm   
    OEW   = 5.137148e+04 lbm   
    Wbatt = 2.243847e+03 lbm   
    Wfuel = 1.864851e+04 lbm   
    Wem   = 5.406563e+02 lbm   
    Weg   = 0.000000e+00 lbm   
    S     = 8.353673e+02 ft^2

Iteration  3:
    MTOW  = 8.922394e+04 lbm   
    OEW   = 5.137148e+04 lbm   
    Wbatt = 2.243847e+03 lbm   
    Wfuel = 1.864646e+04 lbm   
    Wem   = 5.406563e+02 lbm   
    Weg   = 0.000000e+00 lbm   
    S     = 8.353673e+02 ft^2

Initial Size:          
    MTOW  = 9.126388e+04 lbm   
    Wbatt = 2.243847e+03 lbm   
    Wfuel = 2.068639e+04 lbm   
    S     = 8.353673e+02 ft^2

Iteration  0:
    MTOW  = 8.971945e+04 lbm   
    OEW   = 5.137148e+04 lbm   
    Wbatt = 2.243847e+03 lbm   
    Wfuel = 1.914196e+04 lbm   
    Wem   = 5.406563e+02 lbm   
    Weg   = 0.000000e+00 lbm   
    S     = 8.353673e+02 ft^2

Iteration  1:
    MTOW  = 8.927428e+04 lbm   
    OEW   = 5.137148e+04 lbm   
    Wbatt = 2.243847e+03 lbm   
    Wfuel = 1.869679e+04 lbm   
    Wem   = 5.406563e+02 lbm   
    Weg   = 0.000000e+00 lbm   
    S     = 8.353673e+02 ft^2

Iteration  2:
    MTOW  = 8.922600e+04 lbm   
    OEW   = 5.137148e+04 lbm   
    Wbatt = 2.243847e+03 lbm   
    Wfuel = 1.864851e+04 lbm   
    Wem   = 5.406563e+02 lbm   
    Weg   = 0.000000e+00 lbm   
    S     = 8.353673e+02 ft^2

Iteration  3:
    MTOW  = 8.922394e+04 lbm   
    OEW   = 5.137148e+04 lbm   
    Wbatt = 2.243847e+03 lbm   
    Wfuel = 1.864646e+04 lbm   
    Wem   = 5.406563e+02 lbm   
    Weg   = 0.000000e+00 lbm   
    S     = 8.353673e+02 ft^2

Initial Size:          
    MTOW  = 9.126388e+04 lbm   
    Wbatt = 2.243847e+03 lbm   
    Wfuel = 2.068639e+04 lbm   
    S     = 8.353673e+02 ft^2

Iteration  0:
    MTOW  = 8.971945e+04 lbm   
    OEW   = 5.137148e+04 lbm   
    Wbatt = 2.243847e+03 lbm   
    Wfuel = 1.914196e+04 lbm   
    Wem   = 5.406563e+02 lbm   
    Weg   = 0.000000e+00 lbm   
    S     = 8.353673e+02 ft^2

Iteration  1:
    MTOW  = 8.927428e+04 lbm   
    OEW   = 5.137148e+04 lbm   
    Wbatt = 2.243847e+03 lbm   
    Wfuel = 1.869679e+04 lbm   
    Wem   = 5.406563e+02 lbm   
    Weg   = 0.000000e+00 lbm   
    S     = 8.353673e+02 ft^2

Iteration  2:
    MTOW  = 8.922600e+04 lbm   
    OEW   = 5.137148e+04 lbm   
    Wbatt = 2.243847e+03 lbm   
    Wfuel = 1.864851e+04 lbm   
    Wem   = 5.406563e+02 lbm   
    Weg   = 0.000000e+00 lbm   
    S     = 8.353673e+02 ft^2

Iteration  3:
    MTOW  = 8.922394e+04 lbm   
    OEW   = 5.137148e+04 lbm   
    Wbatt = 2.243847e+03 lbm   
    Wfuel = 1.864646e+04 lbm   
    Wem   = 5.406563e+02 lbm   
    Weg   = 0.000000e+00 lbm   
    S     = 8.353673e+02 ft^2

Initial Size:          
    MTOW  = 9.126388e+04 lbm   
    Wbatt = 2.243847e+03 lbm   
    Wfuel = 2.068639e+04 lbm   
    S     = 8.353673e+02 ft^2

Iteration  0:
    MTOW  = 8.971945e+04 lbm   
    OEW   = 5.137148e+04 lbm   
    Wbatt = 2.243847e+03 lbm   
    Wfuel = 1.914196e+04 lbm   
    Wem   = 5.406563e+02 lbm   
    Weg   = 0.000000e+00 lbm   
    S     = 8.353673e+02 ft^2

Iteration  1:
    MTOW  = 8.927428e+04 lbm   
    OEW   = 5.137148e+04 lbm   
    Wbatt = 2.243847e+03 lbm   
    Wfuel = 1.869679e+04 lbm   
    Wem   = 5.406563e+02 lbm   
    Weg   = 0.000000e+00 lbm   
    S     = 8.353673e+02 ft^2

Iteration  2:
    MTOW  = 8.922600e+04 lbm   
    OEW   = 5.137148e+04 lbm   
    Wbatt = 2.243847e+03 lbm   
    Wfuel = 1.864851e+04 lbm   
    Wem   = 5.406563e+02 lbm   
    Weg   = 0.000000e+00 lbm   
    S     = 8.353673e+02 ft^2

Iteration  3:
    MTOW  = 8.922394e+04 lbm   
    OEW   = 5.137148e+04 lbm   
    Wbatt = 2.243847e+03 lbm   
    Wfuel = 1.864646e+04 lbm   
    Wem   = 5.406563e+02 lbm   
    Weg   = 0.000000e+00 lbm   
    S     = 8.353673e+02 ft^2

Initial Size:          
    MTOW  = 9.126388e+04 lbm   
    Wbatt = 2.243847e+03 lbm   
    Wfuel = 2.068639e+04 lbm   
    S     = 8.353673e+02 ft^2

Iteration  0:
    MTOW  = 8.971945e+04 lbm   
    OEW   = 5.137148e+04 lbm   
    Wbatt = 2.243847e+03 lbm   
    Wfuel = 1.914196e+04 lbm   
    Wem   = 5.406563e+02 lbm   
    Weg   = 0.000000e+00 lbm   
    S     = 8.353673e+02 ft^2

Iteration  1:
    MTOW  = 8.927428e+04 lbm   
    OEW   = 5.137148e+04 lbm   
    Wbatt = 2.243847e+03 lbm   
    Wfuel = 1.869679e+04 lbm   
    Wem   = 5.406563e+02 lbm   
    Weg   = 0.000000e+00 lbm   
    S     = 8.353673e+02 ft^2

Iteration  2:
    MTOW  = 8.922600e+04 lbm   
    OEW   = 5.137148e+04 lbm   
    Wbatt = 2.243847e+03 lbm   
    Wfuel = 1.864851e+04 lbm   
    Wem   = 5.406563e+02 lbm   
    Weg   = 0.000000e+00 lbm   
    S     = 8.353673e+02 ft^2

Iteration  3:
    MTOW  = 8.922394e+04 lbm   
    OEW   = 5.137148e+04 lbm   
    Wbatt = 2.243847e+03 lbm   
    Wfuel = 1.864646e+04 lbm   
    Wem   = 5.406563e+02 lbm   
    Weg   = 0.000000e+00 lbm   
    S     = 8.353673e+02 ft^2

Initial Size:          
    MTOW  = 9.126388e+04 lbm   
    Wbatt = 2.243847e+03 lbm   
    Wfuel = 2.068639e+04 lbm   
    S     = 8.353673e+02 ft^2

Iteration  0:
    MTOW  = 8.971945e+04 lbm   
    OEW   = 5.137148e+04 lbm   
    Wbatt = 2.243847e+03 lbm   
    Wfuel = 1.914196e+04 lbm   
    Wem   = 5.406563e+02 lbm   
    Weg   = 0.000000e+00 lbm   
    S     = 8.353673e+02 ft^2

Iteration  1:
    MTOW  = 8.927428e+04 lbm   
    OEW   = 5.137148e+04 lbm   
    Wbatt = 2.243847e+03 lbm   
    Wfuel = 1.869679e+04 lbm   
    Wem   = 5.406563e+02 lbm   
    Weg   = 0.000000e+00 lbm   
    S     = 8.353673e+02 ft^2

Iteration  2:
    MTOW  = 8.922600e+04 lbm   
    OEW   = 5.137148e+04 lbm   
    Wbatt = 2.243847e+03 lbm   
    Wfuel = 1.864851e+04 lbm   
    Wem   = 5.406563e+02 lbm   
    Weg   = 0.000000e+00 lbm   
    S     = 8.353673e+02 ft^2

Iteration  3:
    MTOW  = 8.922394e+04 lbm   
    OEW   = 5.137148e+04 lbm   
    Wbatt = 2.243847e+03 lbm   
    Wfuel = 1.864646e+04 lbm   
    Wem   = 5.406563e+02 lbm   
    Weg   = 0.000000e+00 lbm   
    S     = 8.353673e+02 ft^2

Initial Size:          
    MTOW  = 9.126388e+04 lbm   
    Wbatt = 2.243847e+03 lbm   
    Wfuel = 2.068639e+04 lbm   
    S     = 8.353673e+02 ft^2

Iteration  0:
    MTOW  = 8.971945e+04 lbm   
    OEW   = 5.137148e+04 lbm   
    Wbatt = 2.243847e+03 lbm   
    Wfuel = 1.914196e+04 lbm   
    Wem   = 5.406563e+02 lbm   
    Weg   = 0.000000e+00 lbm   
    S     = 8.353673e+02 ft^2

Iteration  1:
    MTOW  = 8.927428e+04 lbm   
    OEW   = 5.137148e+04 lbm   
    Wbatt = 2.243847e+03 lbm   
    Wfuel = 1.869679e+04 lbm   
    Wem   = 5.406563e+02 lbm   
    Weg   = 0.000000e+00 lbm   
    S     = 8.353673e+02 ft^2

Iteration  2:
    MTOW  = 8.922600e+04 lbm   
    OEW   = 5.137148e+04 lbm   
    Wbatt = 2.243847e+03 lbm   
    Wfuel = 1.864851e+04 lbm   
    Wem   = 5.406563e+02 lbm   
    Weg   = 0.000000e+00 lbm   
    S     = 8.353673e+02 ft^2

Iteration  3:
    MTOW  = 8.922394e+04 lbm   
    OEW   = 5.137148e+04 lbm   
    Wbatt = 2.243847e+03 lbm   
    Wfuel = 1.864646e+04 lbm   
    Wem   = 5.406563e+02 lbm   
    Weg   = 0.000000e+00 lbm   
    S     = 8.353673e+02 ft^2

Initial Size:          
    MTOW  = 9.126388e+04 lbm   
    Wbatt = 2.243847e+03 lbm   
    Wfuel = 2.068639e+04 lbm   
    S     = 8.353673e+02 ft^2

Iteration  0:
    MTOW  = 8.971945e+04 lbm   
    OEW   = 5.137148e+04 lbm   
    Wbatt = 2.243847e+03 lbm   
    Wfuel = 1.914196e+04 lbm   
    Wem   = 5.406563e+02 lbm   
    Weg   = 0.000000e+00 lbm   
    S     = 8.353673e+02 ft^2

Iteration  1:
    MTOW  = 8.927428e+04 lbm   
    OEW   = 5.137148e+04 lbm   
    Wbatt = 2.243847e+03 lbm   
    Wfuel = 1.869679e+04 lbm   
    Wem   = 5.406563e+02 lbm   
    Weg   = 0.000000e+00 lbm   
    S     = 8.353673e+02 ft^2

Iteration  2:
    MTOW  = 8.922600e+04 lbm   
    OEW   = 5.137148e+04 lbm   
    Wbatt = 2.243847e+03 lbm   
    Wfuel = 1.864851e+04 lbm   
    Wem   = 5.406563e+02 lbm   
    Weg   = 0.000000e+00 lbm   
    S     = 8.353673e+02 ft^2

Iteration  3:
    MTOW  = 8.922394e+04 lbm   
    OEW   = 5.137148e+04 lbm   
    Wbatt = 2.243847e+03 lbm   
    Wfuel = 1.864646e+04 lbm   
    Wem   = 5.406563e+02 lbm   
    Weg   = 0.000000e+00 lbm   
    S     = 8.353673e+02 ft^2

Initial Size:          
    MTOW  = 9.126388e+04 lbm   
    Wbatt = 2.243847e+03 lbm   
    Wfuel = 2.068639e+04 lbm   
    S     = 8.353673e+02 ft^2

Iteration  0:
    MTOW  = 8.971945e+04 lbm   
    OEW   = 5.137148e+04 lbm   
    Wbatt = 2.243847e+03 lbm   
    Wfuel = 1.914196e+04 lbm   
    Wem   = 5.406563e+02 lbm   
    Weg   = 0.000000e+00 lbm   
    S     = 8.353673e+02 ft^2

Iteration  1:
    MTOW  = 8.927428e+04 lbm   
    OEW   = 5.137148e+04 lbm   
    Wbatt = 2.243847e+03 lbm   
    Wfuel = 1.869679e+04 lbm   
    Wem   = 5.406563e+02 lbm   
    Weg   = 0.000000e+00 lbm   
    S     = 8.353673e+02 ft^2

Iteration  2:
    MTOW  = 8.922600e+04 lbm   
    OEW   = 5.137148e+04 lbm   
    Wbatt = 2.243847e+03 lbm   
    Wfuel = 1.864851e+04 lbm   
    Wem   = 5.406563e+02 lbm   
    Weg   = 0.000000e+00 lbm   
    S     = 8.353673e+02 ft^2

Iteration  3:
    MTOW  = 8.922394e+04 lbm   
    OEW   = 5.137148e+04 lbm   
    Wbatt = 2.243847e+03 lbm   
    Wfuel = 1.864646e+04 lbm   
    Wem   = 5.406563e+02 lbm   
    Weg   = 0.000000e+00 lbm   
    S     = 8.353673e+02 ft^2

    2         158    8.457891e+03     0.000e+00     4.035e-02     1.758e-02     3.551e+03  
Initial Size:          
    MTOW  = 9.126388e+04 lbm   
    Wbatt = 2.243847e+03 lbm   
    Wfuel = 2.068639e+04 lbm   
    S     = 8.353673e+02 ft^2

Iteration  0:
    MTOW  = 9.037292e+04 lbm   
    OEW   = 5.137148e+04 lbm   
    Wbatt = 2.243847e+03 lbm   
    Wfuel = 1.979543e+04 lbm   
    Wem   = 1.120247e+03 lbm   
    Weg   = 0.000000e+00 lbm   
    S     = 8.353673e+02 ft^2

Iteration  1:
    MTOW  = 8.999791e+04 lbm   
    OEW   = 5.137148e+04 lbm   
    Wbatt = 2.243847e+03 lbm   
    Wfuel = 1.942042e+04 lbm   
    Wem   = 1.120247e+03 lbm   
    Weg   = 0.000000e+00 lbm   
    S     = 8.353673e+02 ft^2

Iteration  2:
    MTOW  = 8.986656e+04 lbm   
    OEW   = 5.137148e+04 lbm   
    Wbatt = 2.243847e+03 lbm   
    Wfuel = 1.928907e+04 lbm   
    Wem   = 1.120247e+03 lbm   
    Weg   = 0.000000e+00 lbm   
    S     = 8.353673e+02 ft^2

Iteration  3:
    MTOW  = 8.982438e+04 lbm   
    OEW   = 5.137148e+04 lbm   
    Wbatt = 2.243847e+03 lbm   
    Wfuel = 1.924690e+04 lbm   
    Wem   = 1.120247e+03 lbm   
    Weg   = 0.000000e+00 lbm   
    S     = 8.353673e+02 ft^2

Iteration  4:
    MTOW  = 8.981407e+04 lbm   
    OEW   = 5.137148e+04 lbm   
    Wbatt = 2.243847e+03 lbm   
    Wfuel = 1.923659e+04 lbm   
    Wem   = 1.120247e+03 lbm   
    Weg   = 0.000000e+00 lbm   
    S     = 8.353673e+02 ft^2

Initial Size:          
    MTOW  = 9.126388e+04 lbm   
    Wbatt = 2.243847e+03 lbm   
    Wfuel = 2.068639e+04 lbm   
    S     = 8.353673e+02 ft^2

Iteration  0:
    MTOW  = 9.011092e+04 lbm   
    OEW   = 5.137148e+04 lbm   
    Wbatt = 2.243847e+03 lbm   
    Wfuel = 1.953343e+04 lbm   
    Wem   = 9.450327e+02 lbm   
    Weg   = 0.000000e+00 lbm   
    S     = 8.353673e+02 ft^2

Iteration  1:
    MTOW  = 8.972188e+04 lbm   
    OEW   = 5.137148e+04 lbm   
    Wbatt = 2.243847e+03 lbm   
    Wfuel = 1.914439e+04 lbm   
    Wem   = 9.450327e+02 lbm   
    Weg   = 0.000000e+00 lbm   
    S     = 8.353673e+02 ft^2

Iteration  2:
    MTOW  = 8.964971e+04 lbm   
    OEW   = 5.137148e+04 lbm   
    Wbatt = 2.243847e+03 lbm   
    Wfuel = 1.907222e+04 lbm   
    Wem   = 9.450327e+02 lbm   
    Weg   = 0.000000e+00 lbm   
    S     = 8.353673e+02 ft^2

Iteration  3:
    MTOW  = 8.963137e+04 lbm   
    OEW   = 5.137148e+04 lbm   
    Wbatt = 2.243847e+03 lbm   
    Wfuel = 1.905389e+04 lbm   
    Wem   = 9.450327e+02 lbm   
    Weg   = 0.000000e+00 lbm   
    S     = 8.353673e+02 ft^2

Initial Size:          
    MTOW  = 9.126388e+04 lbm   
    Wbatt = 2.243847e+03 lbm   
    Wfuel = 2.068639e+04 lbm   
    S     = 8.353673e+02 ft^2

Iteration  0:
    MTOW  = 9.002466e+04 lbm   
    OEW   = 5.137148e+04 lbm   
    Wbatt = 2.243847e+03 lbm   
    Wfuel = 1.944718e+04 lbm   
    Wem   = 8.229918e+02 lbm   
    Weg   = 0.000000e+00 lbm   
    S     = 8.353673e+02 ft^2

Iteration  1:
    MTOW  = 8.978128e+04 lbm   
    OEW   = 5.137148e+04 lbm   
    Wbatt = 2.243847e+03 lbm   
    Wfuel = 1.920380e+04 lbm   
    Wem   = 8.229918e+02 lbm   
    Weg   = 0.000000e+00 lbm   
    S     = 8.353673e+02 ft^2

Iteration  2:
    MTOW  = 8.973226e+04 lbm   
    OEW   = 5.137148e+04 lbm   
    Wbatt = 2.243847e+03 lbm   
    Wfuel = 1.915477e+04 lbm   
    Wem   = 8.229918e+02 lbm   
    Weg   = 0.000000e+00 lbm   
    S     = 8.353673e+02 ft^2

Iteration  3:
    MTOW  = 8.972083e+04 lbm   
    OEW   = 5.137148e+04 lbm   
    Wbatt = 2.243847e+03 lbm   
    Wfuel = 1.914334e+04 lbm   
    Wem   = 8.229918e+02 lbm   
    Weg   = 0.000000e+00 lbm   
    S     = 8.353673e+02 ft^2

Initial Size:          
    MTOW  = 9.126388e+04 lbm   
    Wbatt = 2.243847e+03 lbm   
    Wfuel = 2.068639e+04 lbm   
    S     = 8.353673e+02 ft^2

Iteration  0:
    MTOW  = 8.991297e+04 lbm   
    OEW   = 5.137148e+04 lbm   
    Wbatt = 2.243847e+03 lbm   
    Wfuel = 1.933548e+04 lbm   
    Wem   = 7.379036e+02 lbm   
    Weg   = 0.000000e+00 lbm   
    S     = 8.353673e+02 ft^2

Iteration  1:
    MTOW  = 8.957627e+04 lbm   
    OEW   = 5.137148e+04 lbm   
    Wbatt = 2.243847e+03 lbm   
    Wfuel = 1.899879e+04 lbm   
    Wem   = 7.379036e+02 lbm   
    Weg   = 0.000000e+00 lbm   
    S     = 8.353673e+02 ft^2

Iteration  2:
    MTOW  = 8.951988e+04 lbm   
    OEW   = 5.137148e+04 lbm   
    Wbatt = 2.243847e+03 lbm   
    Wfuel = 1.894239e+04 lbm   
    Wem   = 7.379036e+02 lbm   
    Weg   = 0.000000e+00 lbm   
    S     = 8.353673e+02 ft^2

Iteration  3:
    MTOW  = 8.951223e+04 lbm   
    OEW   = 5.137148e+04 lbm   
    Wbatt = 2.243847e+03 lbm   
    Wfuel = 1.893475e+04 lbm   
    Wem   = 7.379036e+02 lbm   
    Weg   = 0.000000e+00 lbm   
    S     = 8.353673e+02 ft^2

Initial Size:          
    MTOW  = 9.126388e+04 lbm   
    Wbatt = 2.243847e+03 lbm   
    Wfuel = 2.068639e+04 lbm   
    S     = 8.353673e+02 ft^2

Iteration  0:
    MTOW  = 8.980037e+04 lbm   
    OEW   = 5.137148e+04 lbm   
    Wbatt = 2.243847e+03 lbm   
    Wfuel = 1.922288e+04 lbm   
    Wem   = 6.785271e+02 lbm   
    Weg   = 0.000000e+00 lbm   
    S     = 8.353673e+02 ft^2

Iteration  1:
    MTOW  = 8.957663e+04 lbm   
    OEW   = 5.137148e+04 lbm   
    Wbatt = 2.243847e+03 lbm   
    Wfuel = 1.899915e+04 lbm   
    Wem   = 6.785271e+02 lbm   
    Weg   = 0.000000e+00 lbm   
    S     = 8.353673e+02 ft^2

Iteration  2:
    MTOW  = 8.954327e+04 lbm   
    OEW   = 5.137148e+04 lbm   
    Wbatt = 2.243847e+03 lbm   
    Wfuel = 1.896578e+04 lbm   
    Wem   = 6.785271e+02 lbm   
    Weg   = 0.000000e+00 lbm   
    S     = 8.353673e+02 ft^2

Iteration  3:
    MTOW  = 8.954091e+04 lbm   
    OEW   = 5.137148e+04 lbm   
    Wbatt = 2.243847e+03 lbm   
    Wfuel = 1.896343e+04 lbm   
    Wem   = 6.785271e+02 lbm   
    Weg   = 0.000000e+00 lbm   
    S     = 8.353673e+02 ft^2

Initial Size:          
    MTOW  = 9.126388e+04 lbm   
    Wbatt = 2.243847e+03 lbm   
    Wfuel = 2.068639e+04 lbm   
    S     = 8.353673e+02 ft^2

Iteration  0:
    MTOW  = 8.985257e+04 lbm   
    OEW   = 5.137148e+04 lbm   
    Wbatt = 2.243847e+03 lbm   
    Wfuel = 1.927508e+04 lbm   
    Wem   = 6.370619e+02 lbm   
    Weg   = 0.000000e+00 lbm   
    S     = 8.353673e+02 ft^2

Iteration  1:
    MTOW  = 8.963188e+04 lbm   
    OEW   = 5.137148e+04 lbm   
    Wbatt = 2.243847e+03 lbm   
    Wfuel = 1.905439e+04 lbm   
    Wem   = 6.370619e+02 lbm   
    Weg   = 0.000000e+00 lbm   
    S     = 8.353673e+02 ft^2

Iteration  2:
    MTOW  = 8.960026e+04 lbm   
    OEW   = 5.137148e+04 lbm   
    Wbatt = 2.243847e+03 lbm   
    Wfuel = 1.902278e+04 lbm   
    Wem   = 6.370619e+02 lbm   
    Weg   = 0.000000e+00 lbm   
    S     = 8.353673e+02 ft^2

Iteration  3:
    MTOW  = 8.959366e+04 lbm   
    OEW   = 5.137148e+04 lbm   
    Wbatt = 2.243847e+03 lbm   
    Wfuel = 1.901617e+04 lbm   
    Wem   = 6.370619e+02 lbm   
    Weg   = 0.000000e+00 lbm   
    S     = 8.353673e+02 ft^2

Initial Size:          
    MTOW  = 9.126388e+04 lbm   
    Wbatt = 2.243847e+03 lbm   
    Wfuel = 2.068639e+04 lbm   
    S     = 8.353673e+02 ft^2

Iteration  0:
    MTOW  = 8.983812e+04 lbm   
    OEW   = 5.137148e+04 lbm   
    Wbatt = 2.243847e+03 lbm   
    Wfuel = 1.926064e+04 lbm   
    Wem   = 6.080874e+02 lbm   
    Weg   = 0.000000e+00 lbm   
    S     = 8.353673e+02 ft^2

Iteration  1:
    MTOW  = 8.956575e+04 lbm   
    OEW   = 5.137148e+04 lbm   
    Wbatt = 2.243847e+03 lbm   
    Wfuel = 1.898827e+04 lbm   
    Wem   = 6.080874e+02 lbm   
    Weg   = 0.000000e+00 lbm   
    S     = 8.353673e+02 ft^2

Iteration  2:
    MTOW  = 8.952884e+04 lbm   
    OEW   = 5.137148e+04 lbm   
    Wbatt = 2.243847e+03 lbm   
    Wfuel = 1.895135e+04 lbm   
    Wem   = 6.080874e+02 lbm   
    Weg   = 0.000000e+00 lbm   
    S     = 8.353673e+02 ft^2

Iteration  3:
    MTOW  = 8.952120e+04 lbm   
    OEW   = 5.137148e+04 lbm   
    Wbatt = 2.243847e+03 lbm   
    Wfuel = 1.894372e+04 lbm   
    Wem   = 6.080874e+02 lbm   
    Weg   = 0.000000e+00 lbm   
    S     = 8.353673e+02 ft^2

Initial Size:          
    MTOW  = 9.126388e+04 lbm   
    Wbatt = 2.243847e+03 lbm   
    Wfuel = 2.068639e+04 lbm   
    S     = 8.353673e+02 ft^2

Iteration  0:
    MTOW  = 8.952139e+04 lbm   
    OEW   = 5.137148e+04 lbm   
    Wbatt = 2.243847e+03 lbm   
    Wfuel = 1.894390e+04 lbm   
    Wem   = 5.878316e+02 lbm   
    Weg   = 0.000000e+00 lbm   
    S     = 8.353673e+02 ft^2

Iteration  1:
    MTOW  = 8.946276e+04 lbm   
    OEW   = 5.137148e+04 lbm   
    Wbatt = 2.243847e+03 lbm   
    Wfuel = 1.888528e+04 lbm   
    Wem   = 5.878316e+02 lbm   
    Weg   = 0.000000e+00 lbm   
    S     = 8.353673e+02 ft^2

Iteration  2:
    MTOW  = 8.945558e+04 lbm   
    OEW   = 5.137148e+04 lbm   
    Wbatt = 2.243847e+03 lbm   
    Wfuel = 1.887809e+04 lbm   
    Wem   = 5.878316e+02 lbm   
    Weg   = 0.000000e+00 lbm   
    S     = 8.353673e+02 ft^2

Initial Size:          
    MTOW  = 9.126388e+04 lbm   
    Wbatt = 2.243847e+03 lbm   
    Wfuel = 2.068639e+04 lbm   
    S     = 8.353673e+02 ft^2

Iteration  0:
    MTOW  = 8.976160e+04 lbm   
    OEW   = 5.137148e+04 lbm   
    Wbatt = 2.243847e+03 lbm   
    Wfuel = 1.918411e+04 lbm   
    Wem   = 5.736657e+02 lbm   
    Weg   = 0.000000e+00 lbm   
    S     = 8.353673e+02 ft^2

Iteration  1:
    MTOW  = 8.929628e+04 lbm   
    OEW   = 5.137148e+04 lbm   
    Wbatt = 2.243847e+03 lbm   
    Wfuel = 1.871879e+04 lbm   
    Wem   = 5.736657e+02 lbm   
    Weg   = 0.000000e+00 lbm   
    S     = 8.353673e+02 ft^2

Iteration  2:
    MTOW  = 8.946434e+04 lbm   
    OEW   = 5.137148e+04 lbm   
    Wbatt = 2.243847e+03 lbm   
    Wfuel = 1.888686e+04 lbm   
    Wem   = 5.736657e+02 lbm   
    Weg   = 0.000000e+00 lbm   
    S     = 8.353673e+02 ft^2

Iteration  3:
    MTOW  = 8.948384e+04 lbm   
    OEW   = 5.137148e+04 lbm   
    Wbatt = 2.243847e+03 lbm   
    Wfuel = 1.890635e+04 lbm   
    Wem   = 5.736657e+02 lbm   
    Weg   = 0.000000e+00 lbm   
    S     = 8.353673e+02 ft^2

Iteration  4:
    MTOW  = 8.948778e+04 lbm   
    OEW   = 5.137148e+04 lbm   
    Wbatt = 2.243847e+03 lbm   
    Wfuel = 1.891030e+04 lbm   
    Wem   = 5.736657e+02 lbm   
    Weg   = 0.000000e+00 lbm   
    S     = 8.353673e+02 ft^2

Initial Size:          
    MTOW  = 9.126388e+04 lbm   
    Wbatt = 2.243847e+03 lbm   
    Wfuel = 2.068639e+04 lbm   
    S     = 8.353673e+02 ft^2

Iteration  0:
    MTOW  = 8.975289e+04 lbm   
    OEW   = 5.137148e+04 lbm   
    Wbatt = 2.243847e+03 lbm   
    Wfuel = 1.917540e+04 lbm   
    Wem   = 5.637563e+02 lbm   
    Weg   = 0.000000e+00 lbm   
    S     = 8.353673e+02 ft^2

Iteration  1:
    MTOW  = 8.927537e+04 lbm   
    OEW   = 5.137148e+04 lbm   
    Wbatt = 2.243847e+03 lbm   
    Wfuel = 1.869788e+04 lbm   
    Wem   = 5.637563e+02 lbm   
    Weg   = 0.000000e+00 lbm   
    S     = 8.353673e+02 ft^2

Iteration  2:
    MTOW  = 8.945634e+04 lbm   
    OEW   = 5.137148e+04 lbm   
    Wbatt = 2.243847e+03 lbm   
    Wfuel = 1.887885e+04 lbm   
    Wem   = 5.637563e+02 lbm   
    Weg   = 0.000000e+00 lbm   
    S     = 8.353673e+02 ft^2

Iteration  3:
    MTOW  = 8.924264e+04 lbm   
    OEW   = 5.137148e+04 lbm   
    Wbatt = 2.243847e+03 lbm   
    Wfuel = 1.866515e+04 lbm   
    Wem   = 5.637563e+02 lbm   
    Weg   = 0.000000e+00 lbm   
    S     = 8.353673e+02 ft^2

Iteration  4:
    MTOW  = 8.944973e+04 lbm   
    OEW   = 5.137148e+04 lbm   
    Wbatt = 2.243847e+03 lbm   
    Wfuel = 1.887224e+04 lbm   
    Wem   = 5.637563e+02 lbm   
    Weg   = 0.000000e+00 lbm   
    S     = 8.353673e+02 ft^2

Iteration  5:
    MTOW  = 8.924136e+04 lbm   
    OEW   = 5.137148e+04 lbm   
    Wbatt = 2.243847e+03 lbm   
    Wfuel = 1.866388e+04 lbm   
    Wem   = 5.637563e+02 lbm   
    Weg   = 0.000000e+00 lbm   
    S     = 8.353673e+02 ft^2

Iteration  6:
    MTOW  = 8.944947e+04 lbm   
    OEW   = 5.137148e+04 lbm   
    Wbatt = 2.243847e+03 lbm   
    Wfuel = 1.887198e+04 lbm   
    Wem   = 5.637563e+02 lbm   
    Weg   = 0.000000e+00 lbm   
    S     = 8.353673e+02 ft^2

Iteration  7:
    MTOW  = 8.924131e+04 lbm   
    OEW   = 5.137148e+04 lbm   
    Wbatt = 2.243847e+03 lbm   
    Wfuel = 1.866383e+04 lbm   
    Wem   = 5.637563e+02 lbm   
    Weg   = 0.000000e+00 lbm   
    S     = 8.353673e+02 ft^2

Iteration  8:
    MTOW  = 8.944946e+04 lbm   
    OEW   = 5.137148e+04 lbm   
    Wbatt = 2.243847e+03 lbm   
    Wfuel = 1.887197e+04 lbm   
    Wem   = 5.637563e+02 lbm   
    Weg   = 0.000000e+00 lbm   
    S     = 8.353673e+02 ft^2

Iteration  9:
    MTOW  = 8.924131e+04 lbm   
    OEW   = 5.137148e+04 lbm   
    Wbatt = 2.243847e+03 lbm   
    Wfuel = 1.866382e+04 lbm   
    Wem   = 5.637563e+02 lbm   
    Weg   = 0.000000e+00 lbm   
    S     = 8.353673e+02 ft^2

Iteration 10:
    MTOW  = 8.944946e+04 lbm   
    OEW   = 5.137148e+04 lbm   
    Wbatt = 2.243847e+03 lbm   
    Wfuel = 1.887197e+04 lbm   
    Wem   = 5.637563e+02 lbm   
    Weg   = 0.000000e+00 lbm   
    S     = 8.353673e+02 ft^2

Iteration 11:
    MTOW  = 8.924131e+04 lbm   
    OEW   = 5.137148e+04 lbm   
    Wbatt = 2.243847e+03 lbm   
    Wfuel = 1.866382e+04 lbm   
    Wem   = 5.637563e+02 lbm   
    Weg   = 0.000000e+00 lbm   
    S     = 8.353673e+02 ft^2

Iteration 12:
    MTOW  = 8.944946e+04 lbm   
    OEW   = 5.137148e+04 lbm   
    Wbatt = 2.243847e+03 lbm   
    Wfuel = 1.887197e+04 lbm   
    Wem   = 5.637563e+02 lbm   
    Weg   = 0.000000e+00 lbm   
    S     = 8.353673e+02 ft^2

Iteration 13:
    MTOW  = 8.924131e+04 lbm   
    OEW   = 5.137148e+04 lbm   
    Wbatt = 2.243847e+03 lbm   
    Wfuel = 1.866382e+04 lbm   
    Wem   = 5.637563e+02 lbm   
    Weg   = 0.000000e+00 lbm   
    S     = 8.353673e+02 ft^2

Iteration 14:
    MTOW  = 8.944946e+04 lbm   
    OEW   = 5.137148e+04 lbm   
    Wbatt = 2.243847e+03 lbm   
    Wfuel = 1.887197e+04 lbm   
    Wem   = 5.637563e+02 lbm   
    Weg   = 0.000000e+00 lbm   
    S     = 8.353673e+02 ft^2

Iteration 15:
    MTOW  = 8.924131e+04 lbm   
    OEW   = 5.137148e+04 lbm   
    Wbatt = 2.243847e+03 lbm   
    Wfuel = 1.866382e+04 lbm   
    Wem   = 5.637563e+02 lbm   
    Weg   = 0.000000e+00 lbm   
    S     = 8.353673e+02 ft^2

Iteration 16:
    MTOW  = 8.944946e+04 lbm   
    OEW   = 5.137148e+04 lbm   
    Wbatt = 2.243847e+03 lbm   
    Wfuel = 1.887197e+04 lbm   
    Wem   = 5.637563e+02 lbm   
    Weg   = 0.000000e+00 lbm   
    S     = 8.353673e+02 ft^2

Iteration 17:
    MTOW  = 8.924131e+04 lbm   
    OEW   = 5.137148e+04 lbm   
    Wbatt = 2.243847e+03 lbm   
    Wfuel = 1.866382e+04 lbm   
    Wem   = 5.637563e+02 lbm   
    Weg   = 0.000000e+00 lbm   
    S     = 8.353673e+02 ft^2

Iteration 18:
    MTOW  = 8.944946e+04 lbm   
    OEW   = 5.137148e+04 lbm   
    Wbatt = 2.243847e+03 lbm   
    Wfuel = 1.887197e+04 lbm   
    Wem   = 5.637563e+02 lbm   
    Weg   = 0.000000e+00 lbm   
    S     = 8.353673e+02 ft^2

Iteration 19:
    MTOW  = 8.924131e+04 lbm   
    OEW   = 5.137148e+04 lbm   
    Wbatt = 2.243847e+03 lbm   
    Wfuel = 1.866382e+04 lbm   
    Wem   = 5.637563e+02 lbm   
    Weg   = 0.000000e+00 lbm   
    S     = 8.353673e+02 ft^2

Iteration 20:
    MTOW  = 8.944946e+04 lbm   
    OEW   = 5.137148e+04 lbm   
    Wbatt = 2.243847e+03 lbm   
    Wfuel = 1.887197e+04 lbm   
    Wem   = 5.637563e+02 lbm   
    Weg   = 0.000000e+00 lbm   
    S     = 8.353673e+02 ft^2

Iteration 21:
    MTOW  = 8.924131e+04 lbm   
    OEW   = 5.137148e+04 lbm   
    Wbatt = 2.243847e+03 lbm   
    Wfuel = 1.866382e+04 lbm   
    Wem   = 5.637563e+02 lbm   
    Weg   = 0.000000e+00 lbm   
    S     = 8.353673e+02 ft^2

Iteration 22:
    MTOW  = 8.944946e+04 lbm   
    OEW   = 5.137148e+04 lbm   
    Wbatt = 2.243847e+03 lbm   
    Wfuel = 1.887197e+04 lbm   
    Wem   = 5.637563e+02 lbm   
    Weg   = 0.000000e+00 lbm   
    S     = 8.353673e+02 ft^2

Iteration 23:
    MTOW  = 8.924131e+04 lbm   
    OEW   = 5.137148e+04 lbm   
    Wbatt = 2.243847e+03 lbm   
    Wfuel = 1.866382e+04 lbm   
    Wem   = 5.637563e+02 lbm   
    Weg   = 0.000000e+00 lbm   
    S     = 8.353673e+02 ft^2

Iteration 24:
    MTOW  = 8.944946e+04 lbm   
    OEW   = 5.137148e+04 lbm   
    Wbatt = 2.243847e+03 lbm   
    Wfuel = 1.887197e+04 lbm   
    Wem   = 5.637563e+02 lbm   
    Weg   = 0.000000e+00 lbm   
    S     = 8.353673e+02 ft^2

Iteration 25:
    MTOW  = 8.924131e+04 lbm   
    OEW   = 5.137148e+04 lbm   
    Wbatt = 2.243847e+03 lbm   
    Wfuel = 1.866382e+04 lbm   
    Wem   = 5.637563e+02 lbm   
    Weg   = 0.000000e+00 lbm   
    S     = 8.353673e+02 ft^2

Iteration 26:
    MTOW  = 8.944946e+04 lbm   
    OEW   = 5.137148e+04 lbm   
    Wbatt = 2.243847e+03 lbm   
    Wfuel = 1.887197e+04 lbm   
    Wem   = 5.637563e+02 lbm   
    Weg   = 0.000000e+00 lbm   
    S     = 8.353673e+02 ft^2

Iteration 27:
    MTOW  = 8.924131e+04 lbm   
    OEW   = 5.137148e+04 lbm   
    Wbatt = 2.243847e+03 lbm   
    Wfuel = 1.866382e+04 lbm   
    Wem   = 5.637563e+02 lbm   
    Weg   = 0.000000e+00 lbm   
    S     = 8.353673e+02 ft^2

Iteration 28:
    MTOW  = 8.944946e+04 lbm   
    OEW   = 5.137148e+04 lbm   
    Wbatt = 2.243847e+03 lbm   
    Wfuel = 1.887197e+04 lbm   
    Wem   = 5.637563e+02 lbm   
    Weg   = 0.000000e+00 lbm   
    S     = 8.353673e+02 ft^2

Iteration 29:
    MTOW  = 8.924131e+04 lbm   
    OEW   = 5.137148e+04 lbm   
    Wbatt = 2.243847e+03 lbm   
    Wfuel = 1.866382e+04 lbm   
    Wem   = 5.637563e+02 lbm   
    Weg   = 0.000000e+00 lbm   
    S     = 8.353673e+02 ft^2

Initial Size:          
    MTOW  = 9.126388e+04 lbm   
    Wbatt = 2.243847e+03 lbm   
    Wfuel = 2.068639e+04 lbm   
    S     = 8.353673e+02 ft^2

Iteration  0:
    MTOW  = 8.978065e+04 lbm   
    OEW   = 5.137148e+04 lbm   
    Wbatt = 2.243847e+03 lbm   
    Wfuel = 1.920317e+04 lbm   
    Wem   = 5.568231e+02 lbm   
    Weg   = 0.000000e+00 lbm   
    S     = 8.353673e+02 ft^2

Iteration  1:
    MTOW  = 8.927297e+04 lbm   
    OEW   = 5.137148e+04 lbm   
    Wbatt = 2.243847e+03 lbm   
    Wfuel = 1.869549e+04 lbm   
    Wem   = 5.568231e+02 lbm   
    Weg   = 0.000000e+00 lbm   
    S     = 8.353673e+02 ft^2

Iteration  2:
    MTOW  = 8.921468e+04 lbm   
    OEW   = 5.137148e+04 lbm   
    Wbatt = 2.243847e+03 lbm   
    Wfuel = 1.863719e+04 lbm   
    Wem   = 5.568231e+02 lbm   
    Weg   = 0.000000e+00 lbm   
    S     = 8.353673e+02 ft^2

Iteration  3:
    MTOW  = 8.921059e+04 lbm   
    OEW   = 5.137148e+04 lbm   
    Wbatt = 2.243847e+03 lbm   
    Wfuel = 1.863310e+04 lbm   
    Wem   = 5.568231e+02 lbm   
    Weg   = 0.000000e+00 lbm   
    S     = 8.353673e+02 ft^2

Initial Size:          
    MTOW  = 9.126388e+04 lbm   
    Wbatt = 2.243847e+03 lbm   
    Wfuel = 2.068639e+04 lbm   
    S     = 8.353673e+02 ft^2

Iteration  0:
    MTOW  = 8.978065e+04 lbm   
    OEW   = 5.137148e+04 lbm   
    Wbatt = 2.243847e+03 lbm   
    Wfuel = 1.920317e+04 lbm   
    Wem   = 5.568231e+02 lbm   
    Weg   = 0.000000e+00 lbm   
    S     = 8.353673e+02 ft^2

Iteration  1:
    MTOW  = 8.927297e+04 lbm   
    OEW   = 5.137148e+04 lbm   
    Wbatt = 2.243847e+03 lbm   
    Wfuel = 1.869549e+04 lbm   
    Wem   = 5.568231e+02 lbm   
    Weg   = 0.000000e+00 lbm   
    S     = 8.353673e+02 ft^2

Iteration  2:
    MTOW  = 8.921468e+04 lbm   
    OEW   = 5.137148e+04 lbm   
    Wbatt = 2.243847e+03 lbm   
    Wfuel = 1.863719e+04 lbm   
    Wem   = 5.568231e+02 lbm   
    Weg   = 0.000000e+00 lbm   
    S     = 8.353673e+02 ft^2

Iteration  3:
    MTOW  = 8.921059e+04 lbm   
    OEW   = 5.137148e+04 lbm   
    Wbatt = 2.243847e+03 lbm   
    Wfuel = 1.863310e+04 lbm   
    Wem   = 5.568231e+02 lbm   
    Weg   = 0.000000e+00 lbm   
    S     = 8.353673e+02 ft^2

Initial Size:          
    MTOW  = 9.126388e+04 lbm   
    Wbatt = 2.243847e+03 lbm   
    Wfuel = 2.068639e+04 lbm   
    S     = 8.353673e+02 ft^2

Iteration  0:
    MTOW  = 8.978065e+04 lbm   
    OEW   = 5.137148e+04 lbm   
    Wbatt = 2.243847e+03 lbm   
    Wfuel = 1.920317e+04 lbm   
    Wem   = 5.568231e+02 lbm   
    Weg   = 0.000000e+00 lbm   
    S     = 8.353673e+02 ft^2

Iteration  1:
    MTOW  = 8.927297e+04 lbm   
    OEW   = 5.137148e+04 lbm   
    Wbatt = 2.243847e+03 lbm   
    Wfuel = 1.869549e+04 lbm   
    Wem   = 5.568231e+02 lbm   
    Weg   = 0.000000e+00 lbm   
    S     = 8.353673e+02 ft^2

Iteration  2:
    MTOW  = 8.921468e+04 lbm   
    OEW   = 5.137148e+04 lbm   
    Wbatt = 2.243847e+03 lbm   
    Wfuel = 1.863719e+04 lbm   
    Wem   = 5.568231e+02 lbm   
    Weg   = 0.000000e+00 lbm   
    S     = 8.353673e+02 ft^2

Iteration  3:
    MTOW  = 8.921059e+04 lbm   
    OEW   = 5.137148e+04 lbm   
    Wbatt = 2.243847e+03 lbm   
    Wfuel = 1.863310e+04 lbm   
    Wem   = 5.568231e+02 lbm   
    Weg   = 0.000000e+00 lbm   
    S     = 8.353673e+02 ft^2

Initial Size:          
    MTOW  = 9.126388e+04 lbm   
    Wbatt = 2.243847e+03 lbm   
    Wfuel = 2.068639e+04 lbm   
    S     = 8.353673e+02 ft^2

Iteration  0:
    MTOW  = 8.978065e+04 lbm   
    OEW   = 5.137148e+04 lbm   
    Wbatt = 2.243847e+03 lbm   
    Wfuel = 1.920317e+04 lbm   
    Wem   = 5.568231e+02 lbm   
    Weg   = 0.000000e+00 lbm   
    S     = 8.353673e+02 ft^2

Iteration  1:
    MTOW  = 8.927297e+04 lbm   
    OEW   = 5.137148e+04 lbm   
    Wbatt = 2.243847e+03 lbm   
    Wfuel = 1.869549e+04 lbm   
    Wem   = 5.568231e+02 lbm   
    Weg   = 0.000000e+00 lbm   
    S     = 8.353673e+02 ft^2

Iteration  2:
    MTOW  = 8.921468e+04 lbm   
    OEW   = 5.137148e+04 lbm   
    Wbatt = 2.243847e+03 lbm   
    Wfuel = 1.863719e+04 lbm   
    Wem   = 5.568231e+02 lbm   
    Weg   = 0.000000e+00 lbm   
    S     = 8.353673e+02 ft^2

Iteration  3:
    MTOW  = 8.921059e+04 lbm   
    OEW   = 5.137148e+04 lbm   
    Wbatt = 2.243847e+03 lbm   
    Wfuel = 1.863310e+04 lbm   
    Wem   = 5.568231e+02 lbm   
    Weg   = 0.000000e+00 lbm   
    S     = 8.353673e+02 ft^2

Initial Size:          
    MTOW  = 9.126388e+04 lbm   
    Wbatt = 2.243847e+03 lbm   
    Wfuel = 2.068639e+04 lbm   
    S     = 8.353673e+02 ft^2

Iteration  0:
    MTOW  = 8.978065e+04 lbm   
    OEW   = 5.137148e+04 lbm   
    Wbatt = 2.243847e+03 lbm   
    Wfuel = 1.920317e+04 lbm   
    Wem   = 5.568231e+02 lbm   
    Weg   = 0.000000e+00 lbm   
    S     = 8.353673e+02 ft^2

Iteration  1:
    MTOW  = 8.927297e+04 lbm   
    OEW   = 5.137148e+04 lbm   
    Wbatt = 2.243847e+03 lbm   
    Wfuel = 1.869549e+04 lbm   
    Wem   = 5.568231e+02 lbm   
    Weg   = 0.000000e+00 lbm   
    S     = 8.353673e+02 ft^2

Iteration  2:
    MTOW  = 8.921468e+04 lbm   
    OEW   = 5.137148e+04 lbm   
    Wbatt = 2.243847e+03 lbm   
    Wfuel = 1.863719e+04 lbm   
    Wem   = 5.568231e+02 lbm   
    Weg   = 0.000000e+00 lbm   
    S     = 8.353673e+02 ft^2

Iteration  3:
    MTOW  = 8.921059e+04 lbm   
    OEW   = 5.137148e+04 lbm   
    Wbatt = 2.243847e+03 lbm   
    Wfuel = 1.863310e+04 lbm   
    Wem   = 5.568231e+02 lbm   
    Weg   = 0.000000e+00 lbm   
    S     = 8.353673e+02 ft^2

Initial Size:          
    MTOW  = 9.126388e+04 lbm   
    Wbatt = 2.243847e+03 lbm   
    Wfuel = 2.068639e+04 lbm   
    S     = 8.353673e+02 ft^2

Iteration  0:
    MTOW  = 8.978065e+04 lbm   
    OEW   = 5.137148e+04 lbm   
    Wbatt = 2.243847e+03 lbm   
    Wfuel = 1.920317e+04 lbm   
    Wem   = 5.568231e+02 lbm   
    Weg   = 0.000000e+00 lbm   
    S     = 8.353673e+02 ft^2

Iteration  1:
    MTOW  = 8.927297e+04 lbm   
    OEW   = 5.137148e+04 lbm   
    Wbatt = 2.243847e+03 lbm   
    Wfuel = 1.869549e+04 lbm   
    Wem   = 5.568231e+02 lbm   
    Weg   = 0.000000e+00 lbm   
    S     = 8.353673e+02 ft^2

Iteration  2:
    MTOW  = 8.921468e+04 lbm   
    OEW   = 5.137148e+04 lbm   
    Wbatt = 2.243847e+03 lbm   
    Wfuel = 1.863719e+04 lbm   
    Wem   = 5.568231e+02 lbm   
    Weg   = 0.000000e+00 lbm   
    S     = 8.353673e+02 ft^2

Iteration  3:
    MTOW  = 8.921059e+04 lbm   
    OEW   = 5.137148e+04 lbm   
    Wbatt = 2.243847e+03 lbm   
    Wfuel = 1.863310e+04 lbm   
    Wem   = 5.568231e+02 lbm   
    Weg   = 0.000000e+00 lbm   
    S     = 8.353673e+02 ft^2

Initial Size:          
    MTOW  = 9.126388e+04 lbm   
    Wbatt = 2.243847e+03 lbm   
    Wfuel = 2.068639e+04 lbm   
    S     = 8.353673e+02 ft^2

Iteration  0:
    MTOW  = 8.978065e+04 lbm   
    OEW   = 5.137148e+04 lbm   
    Wbatt = 2.243847e+03 lbm   
    Wfuel = 1.920317e+04 lbm   
    Wem   = 5.568231e+02 lbm   
    Weg   = 0.000000e+00 lbm   
    S     = 8.353673e+02 ft^2

Iteration  1:
    MTOW  = 8.927297e+04 lbm   
    OEW   = 5.137148e+04 lbm   
    Wbatt = 2.243847e+03 lbm   
    Wfuel = 1.869549e+04 lbm   
    Wem   = 5.568231e+02 lbm   
    Weg   = 0.000000e+00 lbm   
    S     = 8.353673e+02 ft^2

Iteration  2:
    MTOW  = 8.921468e+04 lbm   
    OEW   = 5.137148e+04 lbm   
    Wbatt = 2.243847e+03 lbm   
    Wfuel = 1.863719e+04 lbm   
    Wem   = 5.568231e+02 lbm   
    Weg   = 0.000000e+00 lbm   
    S     = 8.353673e+02 ft^2

Iteration  3:
    MTOW  = 8.921059e+04 lbm   
    OEW   = 5.137148e+04 lbm   
    Wbatt = 2.243847e+03 lbm   
    Wfuel = 1.863310e+04 lbm   
    Wem   = 5.568231e+02 lbm   
    Weg   = 0.000000e+00 lbm   
    S     = 8.353673e+02 ft^2

Initial Size:          
    MTOW  = 9.126388e+04 lbm   
    Wbatt = 2.243847e+03 lbm   
    Wfuel = 2.068639e+04 lbm   
    S     = 8.353673e+02 ft^2

Iteration  0:
    MTOW  = 8.978065e+04 lbm   
    OEW   = 5.137148e+04 lbm   
    Wbatt = 2.243847e+03 lbm   
    Wfuel = 1.920317e+04 lbm   
    Wem   = 5.568231e+02 lbm   
    Weg   = 0.000000e+00 lbm   
    S     = 8.353673e+02 ft^2

Iteration  1:
    MTOW  = 8.927297e+04 lbm   
    OEW   = 5.137148e+04 lbm   
    Wbatt = 2.243847e+03 lbm   
    Wfuel = 1.869549e+04 lbm   
    Wem   = 5.568231e+02 lbm   
    Weg   = 0.000000e+00 lbm   
    S     = 8.353673e+02 ft^2

Iteration  2:
    MTOW  = 8.921468e+04 lbm   
    OEW   = 5.137148e+04 lbm   
    Wbatt = 2.243847e+03 lbm   
    Wfuel = 1.863719e+04 lbm   
    Wem   = 5.568231e+02 lbm   
    Weg   = 0.000000e+00 lbm   
    S     = 8.353673e+02 ft^2

Iteration  3:
    MTOW  = 8.921059e+04 lbm   
    OEW   = 5.137148e+04 lbm   
    Wbatt = 2.243847e+03 lbm   
    Wfuel = 1.863310e+04 lbm   
    Wem   = 5.568231e+02 lbm   
    Weg   = 0.000000e+00 lbm   
    S     = 8.353673e+02 ft^2

Initial Size:          
    MTOW  = 9.126388e+04 lbm   
    Wbatt = 2.243847e+03 lbm   
    Wfuel = 2.068639e+04 lbm   
    S     = 8.353673e+02 ft^2

Iteration  0:
    MTOW  = 8.978065e+04 lbm   
    OEW   = 5.137148e+04 lbm   
    Wbatt = 2.243847e+03 lbm   
    Wfuel = 1.920317e+04 lbm   
    Wem   = 5.568231e+02 lbm   
    Weg   = 0.000000e+00 lbm   
    S     = 8.353673e+02 ft^2

Iteration  1:
    MTOW  = 8.927297e+04 lbm   
    OEW   = 5.137148e+04 lbm   
    Wbatt = 2.243847e+03 lbm   
    Wfuel = 1.869549e+04 lbm   
    Wem   = 5.568231e+02 lbm   
    Weg   = 0.000000e+00 lbm   
    S     = 8.353673e+02 ft^2

Iteration  2:
    MTOW  = 8.921468e+04 lbm   
    OEW   = 5.137148e+04 lbm   
    Wbatt = 2.243847e+03 lbm   
    Wfuel = 1.863719e+04 lbm   
    Wem   = 5.568231e+02 lbm   
    Weg   = 0.000000e+00 lbm   
    S     = 8.353673e+02 ft^2

Iteration  3:
    MTOW  = 8.921059e+04 lbm   
    OEW   = 5.137148e+04 lbm   
    Wbatt = 2.243847e+03 lbm   
    Wfuel = 1.863310e+04 lbm   
    Wem   = 5.568231e+02 lbm   
    Weg   = 0.000000e+00 lbm   
    S     = 8.353673e+02 ft^2

Initial Size:          
    MTOW  = 9.126388e+04 lbm   
    Wbatt = 2.243847e+03 lbm   
    Wfuel = 2.068639e+04 lbm   
    S     = 8.353673e+02 ft^2

Iteration  0:
    MTOW  = 8.978065e+04 lbm   
    OEW   = 5.137148e+04 lbm   
    Wbatt = 2.243847e+03 lbm   
    Wfuel = 1.920317e+04 lbm   
    Wem   = 5.568231e+02 lbm   
    Weg   = 0.000000e+00 lbm   
    S     = 8.353673e+02 ft^2

Iteration  1:
    MTOW  = 8.927297e+04 lbm   
    OEW   = 5.137148e+04 lbm   
    Wbatt = 2.243847e+03 lbm   
    Wfuel = 1.869549e+04 lbm   
    Wem   = 5.568231e+02 lbm   
    Weg   = 0.000000e+00 lbm   
    S     = 8.353673e+02 ft^2

Iteration  2:
    MTOW  = 8.921468e+04 lbm   
    OEW   = 5.137148e+04 lbm   
    Wbatt = 2.243847e+03 lbm   
    Wfuel = 1.863719e+04 lbm   
    Wem   = 5.568231e+02 lbm   
    Weg   = 0.000000e+00 lbm   
    S     = 8.353673e+02 ft^2

Iteration  3:
    MTOW  = 8.921059e+04 lbm   
    OEW   = 5.137148e+04 lbm   
    Wbatt = 2.243847e+03 lbm   
    Wfuel = 1.863310e+04 lbm   
    Wem   = 5.568231e+02 lbm   
    Weg   = 0.000000e+00 lbm   
    S     = 8.353673e+02 ft^2

Initial Size:          
    MTOW  = 9.126388e+04 lbm   
    Wbatt = 2.243847e+03 lbm   
    Wfuel = 2.068639e+04 lbm   
    S     = 8.353673e+02 ft^2

Iteration  0:
    MTOW  = 8.978065e+04 lbm   
    OEW   = 5.137148e+04 lbm   
    Wbatt = 2.243847e+03 lbm   
    Wfuel = 1.920316e+04 lbm   
    Wem   = 5.568232e+02 lbm   
    Weg   = 0.000000e+00 lbm   
    S     = 8.353673e+02 ft^2

Iteration  1:
    MTOW  = 8.927297e+04 lbm   
    OEW   = 5.137148e+04 lbm   
    Wbatt = 2.243847e+03 lbm   
    Wfuel = 1.869548e+04 lbm   
    Wem   = 5.568232e+02 lbm   
    Weg   = 0.000000e+00 lbm   
    S     = 8.353673e+02 ft^2

Iteration  2:
    MTOW  = 8.921468e+04 lbm   
    OEW   = 5.137148e+04 lbm   
    Wbatt = 2.243847e+03 lbm   
    Wfuel = 1.863719e+04 lbm   
    Wem   = 5.568232e+02 lbm   
    Weg   = 0.000000e+00 lbm   
    S     = 8.353673e+02 ft^2

Iteration  3:
    MTOW  = 8.921059e+04 lbm   
    OEW   = 5.137148e+04 lbm   
    Wbatt = 2.243847e+03 lbm   
    Wfuel = 1.863310e+04 lbm   
    Wem   = 5.568232e+02 lbm   
    Weg   = 0.000000e+00 lbm   
    S     = 8.353673e+02 ft^2

Initial Size:          
    MTOW  = 9.126388e+04 lbm   
    Wbatt = 2.243847e+03 lbm   
    Wfuel = 2.068639e+04 lbm   
    S     = 8.353673e+02 ft^2

Iteration  0:
    MTOW  = 8.978065e+04 lbm   
    OEW   = 5.137148e+04 lbm   
    Wbatt = 2.243847e+03 lbm   
    Wfuel = 1.920317e+04 lbm   
    Wem   = 5.568231e+02 lbm   
    Weg   = 0.000000e+00 lbm   
    S     = 8.353673e+02 ft^2

Iteration  1:
    MTOW  = 8.927297e+04 lbm   
    OEW   = 5.137148e+04 lbm   
    Wbatt = 2.243847e+03 lbm   
    Wfuel = 1.869549e+04 lbm   
    Wem   = 5.568231e+02 lbm   
    Weg   = 0.000000e+00 lbm   
    S     = 8.353673e+02 ft^2

Iteration  2:
    MTOW  = 8.921468e+04 lbm   
    OEW   = 5.137148e+04 lbm   
    Wbatt = 2.243847e+03 lbm   
    Wfuel = 1.863719e+04 lbm   
    Wem   = 5.568231e+02 lbm   
    Weg   = 0.000000e+00 lbm   
    S     = 8.353673e+02 ft^2

Iteration  3:
    MTOW  = 8.921059e+04 lbm   
    OEW   = 5.137148e+04 lbm   
    Wbatt = 2.243847e+03 lbm   
    Wfuel = 1.863310e+04 lbm   
    Wem   = 5.568231e+02 lbm   
    Weg   = 0.000000e+00 lbm   
    S     = 8.353673e+02 ft^2

Initial Size:          
    MTOW  = 9.126388e+04 lbm   
    Wbatt = 2.243847e+03 lbm   
    Wfuel = 2.068639e+04 lbm   
    S     = 8.353673e+02 ft^2

Iteration  0:
    MTOW  = 8.978065e+04 lbm   
    OEW   = 5.137148e+04 lbm   
    Wbatt = 2.243847e+03 lbm   
    Wfuel = 1.920317e+04 lbm   
    Wem   = 5.568231e+02 lbm   
    Weg   = 0.000000e+00 lbm   
    S     = 8.353673e+02 ft^2

Iteration  1:
    MTOW  = 8.927297e+04 lbm   
    OEW   = 5.137148e+04 lbm   
    Wbatt = 2.243847e+03 lbm   
    Wfuel = 1.869549e+04 lbm   
    Wem   = 5.568231e+02 lbm   
    Weg   = 0.000000e+00 lbm   
    S     = 8.353673e+02 ft^2

Iteration  2:
    MTOW  = 8.921468e+04 lbm   
    OEW   = 5.137148e+04 lbm   
    Wbatt = 2.243847e+03 lbm   
    Wfuel = 1.863719e+04 lbm   
    Wem   = 5.568231e+02 lbm   
    Weg   = 0.000000e+00 lbm   
    S     = 8.353673e+02 ft^2

Iteration  3:
    MTOW  = 8.921059e+04 lbm   
    OEW   = 5.137148e+04 lbm   
    Wbatt = 2.243847e+03 lbm   
    Wfuel = 1.863310e+04 lbm   
    Wem   = 5.568231e+02 lbm   
    Weg   = 0.000000e+00 lbm   
    S     = 8.353673e+02 ft^2

Initial Size:          
    MTOW  = 9.126388e+04 lbm   
    Wbatt = 2.243847e+03 lbm   
    Wfuel = 2.068639e+04 lbm   
    S     = 8.353673e+02 ft^2

Iteration  0:
    MTOW  = 8.978065e+04 lbm   
    OEW   = 5.137148e+04 lbm   
    Wbatt = 2.243847e+03 lbm   
    Wfuel = 1.920317e+04 lbm   
    Wem   = 5.568231e+02 lbm   
    Weg   = 0.000000e+00 lbm   
    S     = 8.353673e+02 ft^2

Iteration  1:
    MTOW  = 8.927297e+04 lbm   
    OEW   = 5.137148e+04 lbm   
    Wbatt = 2.243847e+03 lbm   
    Wfuel = 1.869549e+04 lbm   
    Wem   = 5.568231e+02 lbm   
    Weg   = 0.000000e+00 lbm   
    S     = 8.353673e+02 ft^2

Iteration  2:
    MTOW  = 8.921468e+04 lbm   
    OEW   = 5.137148e+04 lbm   
    Wbatt = 2.243847e+03 lbm   
    Wfuel = 1.863719e+04 lbm   
    Wem   = 5.568231e+02 lbm   
    Weg   = 0.000000e+00 lbm   
    S     = 8.353673e+02 ft^2

Iteration  3:
    MTOW  = 8.921059e+04 lbm   
    OEW   = 5.137148e+04 lbm   
    Wbatt = 2.243847e+03 lbm   
    Wfuel = 1.863310e+04 lbm   
    Wem   = 5.568231e+02 lbm   
    Weg   = 0.000000e+00 lbm   
    S     = 8.353673e+02 ft^2

Initial Size:          
    MTOW  = 9.126388e+04 lbm   
    Wbatt = 2.243847e+03 lbm   
    Wfuel = 2.068639e+04 lbm   
    S     = 8.353673e+02 ft^2

Iteration  0:
    MTOW  = 8.978065e+04 lbm   
    OEW   = 5.137148e+04 lbm   
    Wbatt = 2.243847e+03 lbm   
    Wfuel = 1.920317e+04 lbm   
    Wem   = 5.568231e+02 lbm   
    Weg   = 0.000000e+00 lbm   
    S     = 8.353673e+02 ft^2

Iteration  1:
    MTOW  = 8.927297e+04 lbm   
    OEW   = 5.137148e+04 lbm   
    Wbatt = 2.243847e+03 lbm   
    Wfuel = 1.869549e+04 lbm   
    Wem   = 5.568231e+02 lbm   
    Weg   = 0.000000e+00 lbm   
    S     = 8.353673e+02 ft^2

Iteration  2:
    MTOW  = 8.921468e+04 lbm   
    OEW   = 5.137148e+04 lbm   
    Wbatt = 2.243847e+03 lbm   
    Wfuel = 1.863719e+04 lbm   
    Wem   = 5.568231e+02 lbm   
    Weg   = 0.000000e+00 lbm   
    S     = 8.353673e+02 ft^2

Iteration  3:
    MTOW  = 8.921059e+04 lbm   
    OEW   = 5.137148e+04 lbm   
    Wbatt = 2.243847e+03 lbm   
    Wfuel = 1.863310e+04 lbm   
    Wem   = 5.568231e+02 lbm   
    Weg   = 0.000000e+00 lbm   
    S     = 8.353673e+02 ft^2

Initial Size:          
    MTOW  = 9.126388e+04 lbm   
    Wbatt = 2.243847e+03 lbm   
    Wfuel = 2.068639e+04 lbm   
    S     = 8.353673e+02 ft^2

Iteration  0:
    MTOW  = 8.978065e+04 lbm   
    OEW   = 5.137148e+04 lbm   
    Wbatt = 2.243847e+03 lbm   
    Wfuel = 1.920317e+04 lbm   
    Wem   = 5.568231e+02 lbm   
    Weg   = 0.000000e+00 lbm   
    S     = 8.353673e+02 ft^2

Iteration  1:
    MTOW  = 8.927297e+04 lbm   
    OEW   = 5.137148e+04 lbm   
    Wbatt = 2.243847e+03 lbm   
    Wfuel = 1.869549e+04 lbm   
    Wem   = 5.568231e+02 lbm   
    Weg   = 0.000000e+00 lbm   
    S     = 8.353673e+02 ft^2

Iteration  2:
    MTOW  = 8.921468e+04 lbm   
    OEW   = 5.137148e+04 lbm   
    Wbatt = 2.243847e+03 lbm   
    Wfuel = 1.863719e+04 lbm   
    Wem   = 5.568231e+02 lbm   
    Weg   = 0.000000e+00 lbm   
    S     = 8.353673e+02 ft^2

Iteration  3:
    MTOW  = 8.921059e+04 lbm   
    OEW   = 5.137148e+04 lbm   
    Wbatt = 2.243847e+03 lbm   
    Wfuel = 1.863310e+04 lbm   
    Wem   = 5.568231e+02 lbm   
    Weg   = 0.000000e+00 lbm   
    S     = 8.353673e+02 ft^2

Initial Size:          
    MTOW  = 9.126388e+04 lbm   
    Wbatt = 2.243847e+03 lbm   
    Wfuel = 2.068639e+04 lbm   
    S     = 8.353673e+02 ft^2

Iteration  0:
    MTOW  = 8.978065e+04 lbm   
    OEW   = 5.137148e+04 lbm   
    Wbatt = 2.243847e+03 lbm   
    Wfuel = 1.920317e+04 lbm   
    Wem   = 5.568231e+02 lbm   
    Weg   = 0.000000e+00 lbm   
    S     = 8.353673e+02 ft^2

Iteration  1:
    MTOW  = 8.927297e+04 lbm   
    OEW   = 5.137148e+04 lbm   
    Wbatt = 2.243847e+03 lbm   
    Wfuel = 1.869549e+04 lbm   
    Wem   = 5.568231e+02 lbm   
    Weg   = 0.000000e+00 lbm   
    S     = 8.353673e+02 ft^2

Iteration  2:
    MTOW  = 8.921468e+04 lbm   
    OEW   = 5.137148e+04 lbm   
    Wbatt = 2.243847e+03 lbm   
    Wfuel = 1.863719e+04 lbm   
    Wem   = 5.568231e+02 lbm   
    Weg   = 0.000000e+00 lbm   
    S     = 8.353673e+02 ft^2

Iteration  3:
    MTOW  = 8.921059e+04 lbm   
    OEW   = 5.137148e+04 lbm   
    Wbatt = 2.243847e+03 lbm   
    Wfuel = 1.863310e+04 lbm   
    Wem   = 5.568231e+02 lbm   
    Weg   = 0.000000e+00 lbm   
    S     = 8.353673e+02 ft^2

Initial Size:          
    MTOW  = 9.126388e+04 lbm   
    Wbatt = 2.243847e+03 lbm   
    Wfuel = 2.068639e+04 lbm   
    S     = 8.353673e+02 ft^2

Iteration  0:
    MTOW  = 8.978065e+04 lbm   
    OEW   = 5.137148e+04 lbm   
    Wbatt = 2.243847e+03 lbm   
    Wfuel = 1.920317e+04 lbm   
    Wem   = 5.568231e+02 lbm   
    Weg   = 0.000000e+00 lbm   
    S     = 8.353673e+02 ft^2

Iteration  1:
    MTOW  = 8.927297e+04 lbm   
    OEW   = 5.137148e+04 lbm   
    Wbatt = 2.243847e+03 lbm   
    Wfuel = 1.869549e+04 lbm   
    Wem   = 5.568231e+02 lbm   
    Weg   = 0.000000e+00 lbm   
    S     = 8.353673e+02 ft^2

Iteration  2:
    MTOW  = 8.921468e+04 lbm   
    OEW   = 5.137148e+04 lbm   
    Wbatt = 2.243847e+03 lbm   
    Wfuel = 1.863719e+04 lbm   
    Wem   = 5.568231e+02 lbm   
    Weg   = 0.000000e+00 lbm   
    S     = 8.353673e+02 ft^2

Iteration  3:
    MTOW  = 8.921059e+04 lbm   
    OEW   = 5.137148e+04 lbm   
    Wbatt = 2.243847e+03 lbm   
    Wfuel = 1.863310e+04 lbm   
    Wem   = 5.568231e+02 lbm   
    Weg   = 0.000000e+00 lbm   
    S     = 8.353673e+02 ft^2

Initial Size:          
    MTOW  = 9.126388e+04 lbm   
    Wbatt = 2.243847e+03 lbm   
    Wfuel = 2.068639e+04 lbm   
    S     = 8.353673e+02 ft^2

Iteration  0:
    MTOW  = 8.978065e+04 lbm   
    OEW   = 5.137148e+04 lbm   
    Wbatt = 2.243847e+03 lbm   
    Wfuel = 1.920317e+04 lbm   
    Wem   = 5.568231e+02 lbm   
    Weg   = 0.000000e+00 lbm   
    S     = 8.353673e+02 ft^2

Iteration  1:
    MTOW  = 8.927297e+04 lbm   
    OEW   = 5.137148e+04 lbm   
    Wbatt = 2.243847e+03 lbm   
    Wfuel = 1.869549e+04 lbm   
    Wem   = 5.568231e+02 lbm   
    Weg   = 0.000000e+00 lbm   
    S     = 8.353673e+02 ft^2

Iteration  2:
    MTOW  = 8.921468e+04 lbm   
    OEW   = 5.137148e+04 lbm   
    Wbatt = 2.243847e+03 lbm   
    Wfuel = 1.863719e+04 lbm   
    Wem   = 5.568231e+02 lbm   
    Weg   = 0.000000e+00 lbm   
    S     = 8.353673e+02 ft^2

Iteration  3:
    MTOW  = 8.921059e+04 lbm   
    OEW   = 5.137148e+04 lbm   
    Wbatt = 2.243847e+03 lbm   
    Wfuel = 1.863310e+04 lbm   
    Wem   = 5.568231e+02 lbm   
    Weg   = 0.000000e+00 lbm   
    S     = 8.353673e+02 ft^2

Initial Size:          
    MTOW  = 9.126388e+04 lbm   
    Wbatt = 2.243847e+03 lbm   
    Wfuel = 2.068639e+04 lbm   
    S     = 8.353673e+02 ft^2

Iteration  0:
    MTOW  = 8.978065e+04 lbm   
    OEW   = 5.137148e+04 lbm   
    Wbatt = 2.243847e+03 lbm   
    Wfuel = 1.920317e+04 lbm   
    Wem   = 5.568231e+02 lbm   
    Weg   = 0.000000e+00 lbm   
    S     = 8.353673e+02 ft^2

Iteration  1:
    MTOW  = 8.927297e+04 lbm   
    OEW   = 5.137148e+04 lbm   
    Wbatt = 2.243847e+03 lbm   
    Wfuel = 1.869549e+04 lbm   
    Wem   = 5.568231e+02 lbm   
    Weg   = 0.000000e+00 lbm   
    S     = 8.353673e+02 ft^2

Iteration  2:
    MTOW  = 8.921468e+04 lbm   
    OEW   = 5.137148e+04 lbm   
    Wbatt = 2.243847e+03 lbm   
    Wfuel = 1.863719e+04 lbm   
    Wem   = 5.568231e+02 lbm   
    Weg   = 0.000000e+00 lbm   
    S     = 8.353673e+02 ft^2

Iteration  3:
    MTOW  = 8.921059e+04 lbm   
    OEW   = 5.137148e+04 lbm   
    Wbatt = 2.243847e+03 lbm   
    Wfuel = 1.863310e+04 lbm   
    Wem   = 5.568231e+02 lbm   
    Weg   = 0.000000e+00 lbm   
    S     = 8.353673e+02 ft^2

Initial Size:          
    MTOW  = 9.126388e+04 lbm   
    Wbatt = 2.243847e+03 lbm   
    Wfuel = 2.068639e+04 lbm   
    S     = 8.353673e+02 ft^2

Iteration  0:
    MTOW  = 8.978065e+04 lbm   
    OEW   = 5.137148e+04 lbm   
    Wbatt = 2.243847e+03 lbm   
    Wfuel = 1.920317e+04 lbm   
    Wem   = 5.568231e+02 lbm   
    Weg   = 0.000000e+00 lbm   
    S     = 8.353673e+02 ft^2

Iteration  1:
    MTOW  = 8.927297e+04 lbm   
    OEW   = 5.137148e+04 lbm   
    Wbatt = 2.243847e+03 lbm   
    Wfuel = 1.869549e+04 lbm   
    Wem   = 5.568231e+02 lbm   
    Weg   = 0.000000e+00 lbm   
    S     = 8.353673e+02 ft^2

Iteration  2:
    MTOW  = 8.921468e+04 lbm   
    OEW   = 5.137148e+04 lbm   
    Wbatt = 2.243847e+03 lbm   
    Wfuel = 1.863719e+04 lbm   
    Wem   = 5.568231e+02 lbm   
    Weg   = 0.000000e+00 lbm   
    S     = 8.353673e+02 ft^2

Iteration  3:
    MTOW  = 8.921059e+04 lbm   
    OEW   = 5.137148e+04 lbm   
    Wbatt = 2.243847e+03 lbm   
    Wfuel = 1.863310e+04 lbm   
    Wem   = 5.568231e+02 lbm   
    Weg   = 0.000000e+00 lbm   
    S     = 8.353673e+02 ft^2

Initial Size:          
    MTOW  = 9.126388e+04 lbm   
    Wbatt = 2.243847e+03 lbm   
    Wfuel = 2.068639e+04 lbm   
    S     = 8.353673e+02 ft^2

Iteration  0:
    MTOW  = 8.978065e+04 lbm   
    OEW   = 5.137148e+04 lbm   
    Wbatt = 2.243847e+03 lbm   
    Wfuel = 1.920317e+04 lbm   
    Wem   = 5.568231e+02 lbm   
    Weg   = 0.000000e+00 lbm   
    S     = 8.353673e+02 ft^2

Iteration  1:
    MTOW  = 8.927297e+04 lbm   
    OEW   = 5.137148e+04 lbm   
    Wbatt = 2.243847e+03 lbm   
    Wfuel = 1.869549e+04 lbm   
    Wem   = 5.568231e+02 lbm   
    Weg   = 0.000000e+00 lbm   
    S     = 8.353673e+02 ft^2

Iteration  2:
    MTOW  = 8.921468e+04 lbm   
    OEW   = 5.137148e+04 lbm   
    Wbatt = 2.243847e+03 lbm   
    Wfuel = 1.863719e+04 lbm   
    Wem   = 5.568231e+02 lbm   
    Weg   = 0.000000e+00 lbm   
    S     = 8.353673e+02 ft^2

Iteration  3:
    MTOW  = 8.921059e+04 lbm   
    OEW   = 5.137148e+04 lbm   
    Wbatt = 2.243847e+03 lbm   
    Wfuel = 1.863310e+04 lbm   
    Wem   = 5.568231e+02 lbm   
    Weg   = 0.000000e+00 lbm   
    S     = 8.353673e+02 ft^2

Initial Size:          
    MTOW  = 9.126388e+04 lbm   
    Wbatt = 2.243847e+03 lbm   
    Wfuel = 2.068639e+04 lbm   
    S     = 8.353673e+02 ft^2

Iteration  0:
    MTOW  = 8.978065e+04 lbm   
    OEW   = 5.137148e+04 lbm   
    Wbatt = 2.243847e+03 lbm   
    Wfuel = 1.920317e+04 lbm   
    Wem   = 5.568231e+02 lbm   
    Weg   = 0.000000e+00 lbm   
    S     = 8.353673e+02 ft^2

Iteration  1:
    MTOW  = 8.927297e+04 lbm   
    OEW   = 5.137148e+04 lbm   
    Wbatt = 2.243847e+03 lbm   
    Wfuel = 1.869549e+04 lbm   
    Wem   = 5.568231e+02 lbm   
    Weg   = 0.000000e+00 lbm   
    S     = 8.353673e+02 ft^2

Iteration  2:
    MTOW  = 8.921468e+04 lbm   
    OEW   = 5.137148e+04 lbm   
    Wbatt = 2.243847e+03 lbm   
    Wfuel = 1.863719e+04 lbm   
    Wem   = 5.568231e+02 lbm   
    Weg   = 0.000000e+00 lbm   
    S     = 8.353673e+02 ft^2

Iteration  3:
    MTOW  = 8.921059e+04 lbm   
    OEW   = 5.137148e+04 lbm   
    Wbatt = 2.243847e+03 lbm   
    Wfuel = 1.863310e+04 lbm   
    Wem   = 5.568231e+02 lbm   
    Weg   = 0.000000e+00 lbm   
    S     = 8.353673e+02 ft^2

Initial Size:          
    MTOW  = 9.126388e+04 lbm   
    Wbatt = 2.243847e+03 lbm   
    Wfuel = 2.068639e+04 lbm   
    S     = 8.353673e+02 ft^2

Iteration  0:
    MTOW  = 8.978065e+04 lbm   
    OEW   = 5.137148e+04 lbm   
    Wbatt = 2.243847e+03 lbm   
    Wfuel = 1.920317e+04 lbm   
    Wem   = 5.568231e+02 lbm   
    Weg   = 0.000000e+00 lbm   
    S     = 8.353673e+02 ft^2

Iteration  1:
    MTOW  = 8.927297e+04 lbm   
    OEW   = 5.137148e+04 lbm   
    Wbatt = 2.243847e+03 lbm   
    Wfuel = 1.869549e+04 lbm   
    Wem   = 5.568231e+02 lbm   
    Weg   = 0.000000e+00 lbm   
    S     = 8.353673e+02 ft^2

Iteration  2:
    MTOW  = 8.921468e+04 lbm   
    OEW   = 5.137148e+04 lbm   
    Wbatt = 2.243847e+03 lbm   
    Wfuel = 1.863719e+04 lbm   
    Wem   = 5.568231e+02 lbm   
    Weg   = 0.000000e+00 lbm   
    S     = 8.353673e+02 ft^2

Iteration  3:
    MTOW  = 8.921059e+04 lbm   
    OEW   = 5.137148e+04 lbm   
    Wbatt = 2.243847e+03 lbm   
    Wfuel = 1.863310e+04 lbm   
    Wem   = 5.568231e+02 lbm   
    Weg   = 0.000000e+00 lbm   
    S     = 8.353673e+02 ft^2

Initial Size:          
    MTOW  = 9.126388e+04 lbm   
    Wbatt = 2.243847e+03 lbm   
    Wfuel = 2.068639e+04 lbm   
    S     = 8.353673e+02 ft^2

Iteration  0:
    MTOW  = 8.978065e+04 lbm   
    OEW   = 5.137148e+04 lbm   
    Wbatt = 2.243847e+03 lbm   
    Wfuel = 1.920317e+04 lbm   
    Wem   = 5.568231e+02 lbm   
    Weg   = 0.000000e+00 lbm   
    S     = 8.353673e+02 ft^2

Iteration  1:
    MTOW  = 8.927297e+04 lbm   
    OEW   = 5.137148e+04 lbm   
    Wbatt = 2.243847e+03 lbm   
    Wfuel = 1.869549e+04 lbm   
    Wem   = 5.568231e+02 lbm   
    Weg   = 0.000000e+00 lbm   
    S     = 8.353673e+02 ft^2

Iteration  2:
    MTOW  = 8.921468e+04 lbm   
    OEW   = 5.137148e+04 lbm   
    Wbatt = 2.243847e+03 lbm   
    Wfuel = 1.863719e+04 lbm   
    Wem   = 5.568231e+02 lbm   
    Weg   = 0.000000e+00 lbm   
    S     = 8.353673e+02 ft^2

Iteration  3:
    MTOW  = 8.921059e+04 lbm   
    OEW   = 5.137148e+04 lbm   
    Wbatt = 2.243847e+03 lbm   
    Wfuel = 1.863310e+04 lbm   
    Wem   = 5.568231e+02 lbm   
    Weg   = 0.000000e+00 lbm   
    S     = 8.353673e+02 ft^2

Initial Size:          
    MTOW  = 9.126388e+04 lbm   
    Wbatt = 2.243847e+03 lbm   
    Wfuel = 2.068639e+04 lbm   
    S     = 8.353673e+02 ft^2

Iteration  0:
    MTOW  = 8.978065e+04 lbm   
    OEW   = 5.137148e+04 lbm   
    Wbatt = 2.243847e+03 lbm   
    Wfuel = 1.920317e+04 lbm   
    Wem   = 5.568231e+02 lbm   
    Weg   = 0.000000e+00 lbm   
    S     = 8.353673e+02 ft^2

Iteration  1:
    MTOW  = 8.927297e+04 lbm   
    OEW   = 5.137148e+04 lbm   
    Wbatt = 2.243847e+03 lbm   
    Wfuel = 1.869549e+04 lbm   
    Wem   = 5.568231e+02 lbm   
    Weg   = 0.000000e+00 lbm   
    S     = 8.353673e+02 ft^2

Iteration  2:
    MTOW  = 8.921468e+04 lbm   
    OEW   = 5.137148e+04 lbm   
    Wbatt = 2.243847e+03 lbm   
    Wfuel = 1.863719e+04 lbm   
    Wem   = 5.568231e+02 lbm   
    Weg   = 0.000000e+00 lbm   
    S     = 8.353673e+02 ft^2

Iteration  3:
    MTOW  = 8.921059e+04 lbm   
    OEW   = 5.137148e+04 lbm   
    Wbatt = 2.243847e+03 lbm   
    Wfuel = 1.863310e+04 lbm   
    Wem   = 5.568231e+02 lbm   
    Weg   = 0.000000e+00 lbm   
    S     = 8.353673e+02 ft^2

Initial Size:          
    MTOW  = 9.126388e+04 lbm   
    Wbatt = 2.243847e+03 lbm   
    Wfuel = 2.068639e+04 lbm   
    S     = 8.353673e+02 ft^2

Iteration  0:
    MTOW  = 8.978065e+04 lbm   
    OEW   = 5.137148e+04 lbm   
    Wbatt = 2.243847e+03 lbm   
    Wfuel = 1.920317e+04 lbm   
    Wem   = 5.568231e+02 lbm   
    Weg   = 0.000000e+00 lbm   
    S     = 8.353673e+02 ft^2

Iteration  1:
    MTOW  = 8.927297e+04 lbm   
    OEW   = 5.137148e+04 lbm   
    Wbatt = 2.243847e+03 lbm   
    Wfuel = 1.869549e+04 lbm   
    Wem   = 5.568231e+02 lbm   
    Weg   = 0.000000e+00 lbm   
    S     = 8.353673e+02 ft^2

Iteration  2:
    MTOW  = 8.921468e+04 lbm   
    OEW   = 5.137148e+04 lbm   
    Wbatt = 2.243847e+03 lbm   
    Wfuel = 1.863719e+04 lbm   
    Wem   = 5.568231e+02 lbm   
    Weg   = 0.000000e+00 lbm   
    S     = 8.353673e+02 ft^2

Iteration  3:
    MTOW  = 8.921059e+04 lbm   
    OEW   = 5.137148e+04 lbm   
    Wbatt = 2.243847e+03 lbm   
    Wfuel = 1.863310e+04 lbm   
    Wem   = 5.568231e+02 lbm   
    Weg   = 0.000000e+00 lbm   
    S     = 8.353673e+02 ft^2

Initial Size:          
    MTOW  = 9.126388e+04 lbm   
    Wbatt = 2.243847e+03 lbm   
    Wfuel = 2.068639e+04 lbm   
    S     = 8.353673e+02 ft^2

Iteration  0:
    MTOW  = 8.978065e+04 lbm   
    OEW   = 5.137148e+04 lbm   
    Wbatt = 2.243847e+03 lbm   
    Wfuel = 1.920317e+04 lbm   
    Wem   = 5.568231e+02 lbm   
    Weg   = 0.000000e+00 lbm   
    S     = 8.353673e+02 ft^2

Iteration  1:
    MTOW  = 8.927297e+04 lbm   
    OEW   = 5.137148e+04 lbm   
    Wbatt = 2.243847e+03 lbm   
    Wfuel = 1.869549e+04 lbm   
    Wem   = 5.568231e+02 lbm   
    Weg   = 0.000000e+00 lbm   
    S     = 8.353673e+02 ft^2

Iteration  2:
    MTOW  = 8.921468e+04 lbm   
    OEW   = 5.137148e+04 lbm   
    Wbatt = 2.243847e+03 lbm   
    Wfuel = 1.863719e+04 lbm   
    Wem   = 5.568231e+02 lbm   
    Weg   = 0.000000e+00 lbm   
    S     = 8.353673e+02 ft^2

Iteration  3:
    MTOW  = 8.921059e+04 lbm   
    OEW   = 5.137148e+04 lbm   
    Wbatt = 2.243847e+03 lbm   
    Wfuel = 1.863310e+04 lbm   
    Wem   = 5.568231e+02 lbm   
    Weg   = 0.000000e+00 lbm   
    S     = 8.353673e+02 ft^2

Initial Size:          
    MTOW  = 9.126388e+04 lbm   
    Wbatt = 2.243847e+03 lbm   
    Wfuel = 2.068639e+04 lbm   
    S     = 8.353673e+02 ft^2

Iteration  0:
    MTOW  = 8.978065e+04 lbm   
    OEW   = 5.137148e+04 lbm   
    Wbatt = 2.243847e+03 lbm   
    Wfuel = 1.920317e+04 lbm   
    Wem   = 5.568231e+02 lbm   
    Weg   = 0.000000e+00 lbm   
    S     = 8.353673e+02 ft^2

Iteration  1:
    MTOW  = 8.927297e+04 lbm   
    OEW   = 5.137148e+04 lbm   
    Wbatt = 2.243847e+03 lbm   
    Wfuel = 1.869549e+04 lbm   
    Wem   = 5.568231e+02 lbm   
    Weg   = 0.000000e+00 lbm   
    S     = 8.353673e+02 ft^2

Iteration  2:
    MTOW  = 8.921468e+04 lbm   
    OEW   = 5.137148e+04 lbm   
    Wbatt = 2.243847e+03 lbm   
    Wfuel = 1.863719e+04 lbm   
    Wem   = 5.568231e+02 lbm   
    Weg   = 0.000000e+00 lbm   
    S     = 8.353673e+02 ft^2

Iteration  3:
    MTOW  = 8.921059e+04 lbm   
    OEW   = 5.137148e+04 lbm   
    Wbatt = 2.243847e+03 lbm   
    Wfuel = 1.863310e+04 lbm   
    Wem   = 5.568231e+02 lbm   
    Weg   = 0.000000e+00 lbm   
    S     = 8.353673e+02 ft^2

Initial Size:          
    MTOW  = 9.126388e+04 lbm   
    Wbatt = 2.243847e+03 lbm   
    Wfuel = 2.068639e+04 lbm   
    S     = 8.353673e+02 ft^2

Iteration  0:
    MTOW  = 8.978065e+04 lbm   
    OEW   = 5.137148e+04 lbm   
    Wbatt = 2.243847e+03 lbm   
    Wfuel = 1.920317e+04 lbm   
    Wem   = 5.568231e+02 lbm   
    Weg   = 0.000000e+00 lbm   
    S     = 8.353673e+02 ft^2

Iteration  1:
    MTOW  = 8.927297e+04 lbm   
    OEW   = 5.137148e+04 lbm   
    Wbatt = 2.243847e+03 lbm   
    Wfuel = 1.869549e+04 lbm   
    Wem   = 5.568231e+02 lbm   
    Weg   = 0.000000e+00 lbm   
    S     = 8.353673e+02 ft^2

Iteration  2:
    MTOW  = 8.921468e+04 lbm   
    OEW   = 5.137148e+04 lbm   
    Wbatt = 2.243847e+03 lbm   
    Wfuel = 1.863719e+04 lbm   
    Wem   = 5.568231e+02 lbm   
    Weg   = 0.000000e+00 lbm   
    S     = 8.353673e+02 ft^2

Iteration  3:
    MTOW  = 8.921059e+04 lbm   
    OEW   = 5.137148e+04 lbm   
    Wbatt = 2.243847e+03 lbm   
    Wfuel = 1.863310e+04 lbm   
    Wem   = 5.568231e+02 lbm   
    Weg   = 0.000000e+00 lbm   
    S     = 8.353673e+02 ft^2

Initial Size:          
    MTOW  = 9.126388e+04 lbm   
    Wbatt = 2.243847e+03 lbm   
    Wfuel = 2.068639e+04 lbm   
    S     = 8.353673e+02 ft^2

Iteration  0:
    MTOW  = 8.978065e+04 lbm   
    OEW   = 5.137148e+04 lbm   
    Wbatt = 2.243847e+03 lbm   
    Wfuel = 1.920317e+04 lbm   
    Wem   = 5.568231e+02 lbm   
    Weg   = 0.000000e+00 lbm   
    S     = 8.353673e+02 ft^2

Iteration  1:
    MTOW  = 8.927297e+04 lbm   
    OEW   = 5.137148e+04 lbm   
    Wbatt = 2.243847e+03 lbm   
    Wfuel = 1.869549e+04 lbm   
    Wem   = 5.568231e+02 lbm   
    Weg   = 0.000000e+00 lbm   
    S     = 8.353673e+02 ft^2

Iteration  2:
    MTOW  = 8.921468e+04 lbm   
    OEW   = 5.137148e+04 lbm   
    Wbatt = 2.243847e+03 lbm   
    Wfuel = 1.863719e+04 lbm   
    Wem   = 5.568231e+02 lbm   
    Weg   = 0.000000e+00 lbm   
    S     = 8.353673e+02 ft^2

Iteration  3:
    MTOW  = 8.921059e+04 lbm   
    OEW   = 5.137148e+04 lbm   
    Wbatt = 2.243847e+03 lbm   
    Wfuel = 1.863310e+04 lbm   
    Wem   = 5.568231e+02 lbm   
    Weg   = 0.000000e+00 lbm   
    S     = 8.353673e+02 ft^2

Initial Size:          
    MTOW  = 9.126388e+04 lbm   
    Wbatt = 2.243847e+03 lbm   
    Wfuel = 2.068639e+04 lbm   
    S     = 8.353673e+02 ft^2

Iteration  0:
    MTOW  = 8.978065e+04 lbm   
    OEW   = 5.137148e+04 lbm   
    Wbatt = 2.243847e+03 lbm   
    Wfuel = 1.920317e+04 lbm   
    Wem   = 5.568231e+02 lbm   
    Weg   = 0.000000e+00 lbm   
    S     = 8.353673e+02 ft^2

Iteration  1:
    MTOW  = 8.927297e+04 lbm   
    OEW   = 5.137148e+04 lbm   
    Wbatt = 2.243847e+03 lbm   
    Wfuel = 1.869549e+04 lbm   
    Wem   = 5.568231e+02 lbm   
    Weg   = 0.000000e+00 lbm   
    S     = 8.353673e+02 ft^2

Iteration  2:
    MTOW  = 8.921468e+04 lbm   
    OEW   = 5.137148e+04 lbm   
    Wbatt = 2.243847e+03 lbm   
    Wfuel = 1.863719e+04 lbm   
    Wem   = 5.568231e+02 lbm   
    Weg   = 0.000000e+00 lbm   
    S     = 8.353673e+02 ft^2

Iteration  3:
    MTOW  = 8.921059e+04 lbm   
    OEW   = 5.137148e+04 lbm   
    Wbatt = 2.243847e+03 lbm   
    Wfuel = 1.863310e+04 lbm   
    Wem   = 5.568231e+02 lbm   
    Weg   = 0.000000e+00 lbm   
    S     = 8.353673e+02 ft^2

Initial Size:          
    MTOW  = 9.126388e+04 lbm   
    Wbatt = 2.243847e+03 lbm   
    Wfuel = 2.068639e+04 lbm   
    S     = 8.353673e+02 ft^2

Iteration  0:
    MTOW  = 8.978065e+04 lbm   
    OEW   = 5.137148e+04 lbm   
    Wbatt = 2.243847e+03 lbm   
    Wfuel = 1.920317e+04 lbm   
    Wem   = 5.568231e+02 lbm   
    Weg   = 0.000000e+00 lbm   
    S     = 8.353673e+02 ft^2

Iteration  1:
    MTOW  = 8.927297e+04 lbm   
    OEW   = 5.137148e+04 lbm   
    Wbatt = 2.243847e+03 lbm   
    Wfuel = 1.869549e+04 lbm   
    Wem   = 5.568231e+02 lbm   
    Weg   = 0.000000e+00 lbm   
    S     = 8.353673e+02 ft^2

Iteration  2:
    MTOW  = 8.921468e+04 lbm   
    OEW   = 5.137148e+04 lbm   
    Wbatt = 2.243847e+03 lbm   
    Wfuel = 1.863719e+04 lbm   
    Wem   = 5.568231e+02 lbm   
    Weg   = 0.000000e+00 lbm   
    S     = 8.353673e+02 ft^2

Iteration  3:
    MTOW  = 8.921059e+04 lbm   
    OEW   = 5.137148e+04 lbm   
    Wbatt = 2.243847e+03 lbm   
    Wfuel = 1.863310e+04 lbm   
    Wem   = 5.568231e+02 lbm   
    Weg   = 0.000000e+00 lbm   
    S     = 8.353673e+02 ft^2

Initial Size:          
    MTOW  = 9.126388e+04 lbm   
    Wbatt = 2.243847e+03 lbm   
    Wfuel = 2.068639e+04 lbm   
    S     = 8.353673e+02 ft^2

Iteration  0:
    MTOW  = 8.978065e+04 lbm   
    OEW   = 5.137148e+04 lbm   
    Wbatt = 2.243847e+03 lbm   
    Wfuel = 1.920317e+04 lbm   
    Wem   = 5.568231e+02 lbm   
    Weg   = 0.000000e+00 lbm   
    S     = 8.353673e+02 ft^2

Iteration  1:
    MTOW  = 8.927297e+04 lbm   
    OEW   = 5.137148e+04 lbm   
    Wbatt = 2.243847e+03 lbm   
    Wfuel = 1.869549e+04 lbm   
    Wem   = 5.568231e+02 lbm   
    Weg   = 0.000000e+00 lbm   
    S     = 8.353673e+02 ft^2

Iteration  2:
    MTOW  = 8.921468e+04 lbm   
    OEW   = 5.137148e+04 lbm   
    Wbatt = 2.243847e+03 lbm   
    Wfuel = 1.863719e+04 lbm   
    Wem   = 5.568231e+02 lbm   
    Weg   = 0.000000e+00 lbm   
    S     = 8.353673e+02 ft^2

Iteration  3:
    MTOW  = 8.921059e+04 lbm   
    OEW   = 5.137148e+04 lbm   
    Wbatt = 2.243847e+03 lbm   
    Wfuel = 1.863310e+04 lbm   
    Wem   = 5.568231e+02 lbm   
    Weg   = 0.000000e+00 lbm   
    S     = 8.353673e+02 ft^2

Initial Size:          
    MTOW  = 9.126388e+04 lbm   
    Wbatt = 2.243847e+03 lbm   
    Wfuel = 2.068639e+04 lbm   
    S     = 8.353673e+02 ft^2

Iteration  0:
    MTOW  = 8.978065e+04 lbm   
    OEW   = 5.137148e+04 lbm   
    Wbatt = 2.243847e+03 lbm   
    Wfuel = 1.920317e+04 lbm   
    Wem   = 5.568231e+02 lbm   
    Weg   = 0.000000e+00 lbm   
    S     = 8.353673e+02 ft^2

Iteration  1:
    MTOW  = 8.927297e+04 lbm   
    OEW   = 5.137148e+04 lbm   
    Wbatt = 2.243847e+03 lbm   
    Wfuel = 1.869549e+04 lbm   
    Wem   = 5.568231e+02 lbm   
    Weg   = 0.000000e+00 lbm   
    S     = 8.353673e+02 ft^2

Iteration  2:
    MTOW  = 8.921468e+04 lbm   
    OEW   = 5.137148e+04 lbm   
    Wbatt = 2.243847e+03 lbm   
    Wfuel = 1.863719e+04 lbm   
    Wem   = 5.568231e+02 lbm   
    Weg   = 0.000000e+00 lbm   
    S     = 8.353673e+02 ft^2

Iteration  3:
    MTOW  = 8.921059e+04 lbm   
    OEW   = 5.137148e+04 lbm   
    Wbatt = 2.243847e+03 lbm   
    Wfuel = 1.863310e+04 lbm   
    Wem   = 5.568231e+02 lbm   
    Weg   = 0.000000e+00 lbm   
    S     = 8.353673e+02 ft^2

Initial Size:          
    MTOW  = 9.126388e+04 lbm   
    Wbatt = 2.243847e+03 lbm   
    Wfuel = 2.068639e+04 lbm   
    S     = 8.353673e+02 ft^2

Iteration  0:
    MTOW  = 8.978065e+04 lbm   
    OEW   = 5.137148e+04 lbm   
    Wbatt = 2.243847e+03 lbm   
    Wfuel = 1.920317e+04 lbm   
    Wem   = 5.568231e+02 lbm   
    Weg   = 0.000000e+00 lbm   
    S     = 8.353673e+02 ft^2

Iteration  1:
    MTOW  = 8.927297e+04 lbm   
    OEW   = 5.137148e+04 lbm   
    Wbatt = 2.243847e+03 lbm   
    Wfuel = 1.869549e+04 lbm   
    Wem   = 5.568231e+02 lbm   
    Weg   = 0.000000e+00 lbm   
    S     = 8.353673e+02 ft^2

Iteration  2:
    MTOW  = 8.921468e+04 lbm   
    OEW   = 5.137148e+04 lbm   
    Wbatt = 2.243847e+03 lbm   
    Wfuel = 1.863719e+04 lbm   
    Wem   = 5.568231e+02 lbm   
    Weg   = 0.000000e+00 lbm   
    S     = 8.353673e+02 ft^2

Iteration  3:
    MTOW  = 8.921059e+04 lbm   
    OEW   = 5.137148e+04 lbm   
    Wbatt = 2.243847e+03 lbm   
    Wfuel = 1.863310e+04 lbm   
    Wem   = 5.568231e+02 lbm   
    Weg   = 0.000000e+00 lbm   
    S     = 8.353673e+02 ft^2

Initial Size:          
    MTOW  = 9.126388e+04 lbm   
    Wbatt = 2.243847e+03 lbm   
    Wfuel = 2.068639e+04 lbm   
    S     = 8.353673e+02 ft^2

Iteration  0:
    MTOW  = 8.978065e+04 lbm   
    OEW   = 5.137148e+04 lbm   
    Wbatt = 2.243847e+03 lbm   
    Wfuel = 1.920317e+04 lbm   
    Wem   = 5.568231e+02 lbm   
    Weg   = 0.000000e+00 lbm   
    S     = 8.353673e+02 ft^2

Iteration  1:
    MTOW  = 8.927297e+04 lbm   
    OEW   = 5.137148e+04 lbm   
    Wbatt = 2.243847e+03 lbm   
    Wfuel = 1.869549e+04 lbm   
    Wem   = 5.568231e+02 lbm   
    Weg   = 0.000000e+00 lbm   
    S     = 8.353673e+02 ft^2

Iteration  2:
    MTOW  = 8.921468e+04 lbm   
    OEW   = 5.137148e+04 lbm   
    Wbatt = 2.243847e+03 lbm   
    Wfuel = 1.863719e+04 lbm   
    Wem   = 5.568231e+02 lbm   
    Weg   = 0.000000e+00 lbm   
    S     = 8.353673e+02 ft^2

Iteration  3:
    MTOW  = 8.921059e+04 lbm   
    OEW   = 5.137148e+04 lbm   
    Wbatt = 2.243847e+03 lbm   
    Wfuel = 1.863310e+04 lbm   
    Wem   = 5.568231e+02 lbm   
    Weg   = 0.000000e+00 lbm   
    S     = 8.353673e+02 ft^2

Initial Size:          
    MTOW  = 9.126388e+04 lbm   
    Wbatt = 2.243847e+03 lbm   
    Wfuel = 2.068639e+04 lbm   
    S     = 8.353673e+02 ft^2

Iteration  0:
    MTOW  = 8.978065e+04 lbm   
    OEW   = 5.137148e+04 lbm   
    Wbatt = 2.243847e+03 lbm   
    Wfuel = 1.920317e+04 lbm   
    Wem   = 5.568231e+02 lbm   
    Weg   = 0.000000e+00 lbm   
    S     = 8.353673e+02 ft^2

Iteration  1:
    MTOW  = 8.927297e+04 lbm   
    OEW   = 5.137148e+04 lbm   
    Wbatt = 2.243847e+03 lbm   
    Wfuel = 1.869549e+04 lbm   
    Wem   = 5.568231e+02 lbm   
    Weg   = 0.000000e+00 lbm   
    S     = 8.353673e+02 ft^2

Iteration  2:
    MTOW  = 8.921468e+04 lbm   
    OEW   = 5.137148e+04 lbm   
    Wbatt = 2.243847e+03 lbm   
    Wfuel = 1.863719e+04 lbm   
    Wem   = 5.568231e+02 lbm   
    Weg   = 0.000000e+00 lbm   
    S     = 8.353673e+02 ft^2

Iteration  3:
    MTOW  = 8.921059e+04 lbm   
    OEW   = 5.137148e+04 lbm   
    Wbatt = 2.243847e+03 lbm   
    Wfuel = 1.863310e+04 lbm   
    Wem   = 5.568231e+02 lbm   
    Weg   = 0.000000e+00 lbm   
    S     = 8.353673e+02 ft^2

Initial Size:          
    MTOW  = 9.126388e+04 lbm   
    Wbatt = 2.243847e+03 lbm   
    Wfuel = 2.068639e+04 lbm   
    S     = 8.353673e+02 ft^2

Iteration  0:
    MTOW  = 8.978065e+04 lbm   
    OEW   = 5.137148e+04 lbm   
    Wbatt = 2.243847e+03 lbm   
    Wfuel = 1.920317e+04 lbm   
    Wem   = 5.568231e+02 lbm   
    Weg   = 0.000000e+00 lbm   
    S     = 8.353673e+02 ft^2

Iteration  1:
    MTOW  = 8.927297e+04 lbm   
    OEW   = 5.137148e+04 lbm   
    Wbatt = 2.243847e+03 lbm   
    Wfuel = 1.869549e+04 lbm   
    Wem   = 5.568231e+02 lbm   
    Weg   = 0.000000e+00 lbm   
    S     = 8.353673e+02 ft^2

Iteration  2:
    MTOW  = 8.921468e+04 lbm   
    OEW   = 5.137148e+04 lbm   
    Wbatt = 2.243847e+03 lbm   
    Wfuel = 1.863719e+04 lbm   
    Wem   = 5.568231e+02 lbm   
    Weg   = 0.000000e+00 lbm   
    S     = 8.353673e+02 ft^2

Iteration  3:
    MTOW  = 8.921059e+04 lbm   
    OEW   = 5.137148e+04 lbm   
    Wbatt = 2.243847e+03 lbm   
    Wfuel = 1.863310e+04 lbm   
    Wem   = 5.568231e+02 lbm   
    Weg   = 0.000000e+00 lbm   
    S     = 8.353673e+02 ft^2

Initial Size:          
    MTOW  = 9.126388e+04 lbm   
    Wbatt = 2.243847e+03 lbm   
    Wfuel = 2.068639e+04 lbm   
    S     = 8.353673e+02 ft^2

Iteration  0:
    MTOW  = 8.978065e+04 lbm   
    OEW   = 5.137148e+04 lbm   
    Wbatt = 2.243847e+03 lbm   
    Wfuel = 1.920317e+04 lbm   
    Wem   = 5.568231e+02 lbm   
    Weg   = 0.000000e+00 lbm   
    S     = 8.353673e+02 ft^2

Iteration  1:
    MTOW  = 8.927297e+04 lbm   
    OEW   = 5.137148e+04 lbm   
    Wbatt = 2.243847e+03 lbm   
    Wfuel = 1.869549e+04 lbm   
    Wem   = 5.568231e+02 lbm   
    Weg   = 0.000000e+00 lbm   
    S     = 8.353673e+02 ft^2

Iteration  2:
    MTOW  = 8.921468e+04 lbm   
    OEW   = 5.137148e+04 lbm   
    Wbatt = 2.243847e+03 lbm   
    Wfuel = 1.863719e+04 lbm   
    Wem   = 5.568231e+02 lbm   
    Weg   = 0.000000e+00 lbm   
    S     = 8.353673e+02 ft^2

Iteration  3:
    MTOW  = 8.921059e+04 lbm   
    OEW   = 5.137148e+04 lbm   
    Wbatt = 2.243847e+03 lbm   
    Wfuel = 1.863310e+04 lbm   
    Wem   = 5.568231e+02 lbm   
    Weg   = 0.000000e+00 lbm   
    S     = 8.353673e+02 ft^2

Initial Size:          
    MTOW  = 9.126388e+04 lbm   
    Wbatt = 2.243847e+03 lbm   
    Wfuel = 2.068639e+04 lbm   
    S     = 8.353673e+02 ft^2

Iteration  0:
    MTOW  = 8.978065e+04 lbm   
    OEW   = 5.137148e+04 lbm   
    Wbatt = 2.243847e+03 lbm   
    Wfuel = 1.920317e+04 lbm   
    Wem   = 5.568231e+02 lbm   
    Weg   = 0.000000e+00 lbm   
    S     = 8.353673e+02 ft^2

Iteration  1:
    MTOW  = 8.927297e+04 lbm   
    OEW   = 5.137148e+04 lbm   
    Wbatt = 2.243847e+03 lbm   
    Wfuel = 1.869549e+04 lbm   
    Wem   = 5.568231e+02 lbm   
    Weg   = 0.000000e+00 lbm   
    S     = 8.353673e+02 ft^2

Iteration  2:
    MTOW  = 8.921468e+04 lbm   
    OEW   = 5.137148e+04 lbm   
    Wbatt = 2.243847e+03 lbm   
    Wfuel = 1.863719e+04 lbm   
    Wem   = 5.568231e+02 lbm   
    Weg   = 0.000000e+00 lbm   
    S     = 8.353673e+02 ft^2

Iteration  3:
    MTOW  = 8.921059e+04 lbm   
    OEW   = 5.137148e+04 lbm   
    Wbatt = 2.243847e+03 lbm   
    Wfuel = 1.863310e+04 lbm   
    Wem   = 5.568231e+02 lbm   
    Weg   = 0.000000e+00 lbm   
    S     = 8.353673e+02 ft^2

Initial Size:          
    MTOW  = 9.126388e+04 lbm   
    Wbatt = 2.243847e+03 lbm   
    Wfuel = 2.068639e+04 lbm   
    S     = 8.353673e+02 ft^2

Iteration  0:
    MTOW  = 8.978065e+04 lbm   
    OEW   = 5.137148e+04 lbm   
    Wbatt = 2.243847e+03 lbm   
    Wfuel = 1.920317e+04 lbm   
    Wem   = 5.568231e+02 lbm   
    Weg   = 0.000000e+00 lbm   
    S     = 8.353673e+02 ft^2

Iteration  1:
    MTOW  = 8.927297e+04 lbm   
    OEW   = 5.137148e+04 lbm   
    Wbatt = 2.243847e+03 lbm   
    Wfuel = 1.869549e+04 lbm   
    Wem   = 5.568231e+02 lbm   
    Weg   = 0.000000e+00 lbm   
    S     = 8.353673e+02 ft^2

Iteration  2:
    MTOW  = 8.921468e+04 lbm   
    OEW   = 5.137148e+04 lbm   
    Wbatt = 2.243847e+03 lbm   
    Wfuel = 1.863719e+04 lbm   
    Wem   = 5.568231e+02 lbm   
    Weg   = 0.000000e+00 lbm   
    S     = 8.353673e+02 ft^2

Iteration  3:
    MTOW  = 8.921059e+04 lbm   
    OEW   = 5.137148e+04 lbm   
    Wbatt = 2.243847e+03 lbm   
    Wfuel = 1.863310e+04 lbm   
    Wem   = 5.568231e+02 lbm   
    Weg   = 0.000000e+00 lbm   
    S     = 8.353673e+02 ft^2

Initial Size:          
    MTOW  = 9.126388e+04 lbm   
    Wbatt = 2.243847e+03 lbm   
    Wfuel = 2.068639e+04 lbm   
    S     = 8.353673e+02 ft^2

Iteration  0:
    MTOW  = 8.978065e+04 lbm   
    OEW   = 5.137148e+04 lbm   
    Wbatt = 2.243847e+03 lbm   
    Wfuel = 1.920317e+04 lbm   
    Wem   = 5.568231e+02 lbm   
    Weg   = 0.000000e+00 lbm   
    S     = 8.353673e+02 ft^2

Iteration  1:
    MTOW  = 8.927297e+04 lbm   
    OEW   = 5.137148e+04 lbm   
    Wbatt = 2.243847e+03 lbm   
    Wfuel = 1.869549e+04 lbm   
    Wem   = 5.568231e+02 lbm   
    Weg   = 0.000000e+00 lbm   
    S     = 8.353673e+02 ft^2

Iteration  2:
    MTOW  = 8.921468e+04 lbm   
    OEW   = 5.137148e+04 lbm   
    Wbatt = 2.243847e+03 lbm   
    Wfuel = 1.863719e+04 lbm   
    Wem   = 5.568231e+02 lbm   
    Weg   = 0.000000e+00 lbm   
    S     = 8.353673e+02 ft^2

Iteration  3:
    MTOW  = 8.921059e+04 lbm   
    OEW   = 5.137148e+04 lbm   
    Wbatt = 2.243847e+03 lbm   
    Wfuel = 1.863310e+04 lbm   
    Wem   = 5.568231e+02 lbm   
    Weg   = 0.000000e+00 lbm   
    S     = 8.353673e+02 ft^2

Initial Size:          
    MTOW  = 9.126388e+04 lbm   
    Wbatt = 2.243847e+03 lbm   
    Wfuel = 2.068639e+04 lbm   
    S     = 8.353673e+02 ft^2

Iteration  0:
    MTOW  = 8.978065e+04 lbm   
    OEW   = 5.137148e+04 lbm   
    Wbatt = 2.243847e+03 lbm   
    Wfuel = 1.920317e+04 lbm   
    Wem   = 5.568231e+02 lbm   
    Weg   = 0.000000e+00 lbm   
    S     = 8.353673e+02 ft^2

Iteration  1:
    MTOW  = 8.927297e+04 lbm   
    OEW   = 5.137148e+04 lbm   
    Wbatt = 2.243847e+03 lbm   
    Wfuel = 1.869549e+04 lbm   
    Wem   = 5.568231e+02 lbm   
    Weg   = 0.000000e+00 lbm   
    S     = 8.353673e+02 ft^2

Iteration  2:
    MTOW  = 8.921468e+04 lbm   
    OEW   = 5.137148e+04 lbm   
    Wbatt = 2.243847e+03 lbm   
    Wfuel = 1.863719e+04 lbm   
    Wem   = 5.568231e+02 lbm   
    Weg   = 0.000000e+00 lbm   
    S     = 8.353673e+02 ft^2

Iteration  3:
    MTOW  = 8.921059e+04 lbm   
    OEW   = 5.137148e+04 lbm   
    Wbatt = 2.243847e+03 lbm   
    Wfuel = 1.863310e+04 lbm   
    Wem   = 5.568231e+02 lbm   
    Weg   = 0.000000e+00 lbm   
    S     = 8.353673e+02 ft^2

Initial Size:          
    MTOW  = 9.126388e+04 lbm   
    Wbatt = 2.243847e+03 lbm   
    Wfuel = 2.068639e+04 lbm   
    S     = 8.353673e+02 ft^2

Iteration  0:
    MTOW  = 8.978065e+04 lbm   
    OEW   = 5.137148e+04 lbm   
    Wbatt = 2.243847e+03 lbm   
    Wfuel = 1.920317e+04 lbm   
    Wem   = 5.568231e+02 lbm   
    Weg   = 0.000000e+00 lbm   
    S     = 8.353673e+02 ft^2

Iteration  1:
    MTOW  = 8.927297e+04 lbm   
    OEW   = 5.137148e+04 lbm   
    Wbatt = 2.243847e+03 lbm   
    Wfuel = 1.869549e+04 lbm   
    Wem   = 5.568231e+02 lbm   
    Weg   = 0.000000e+00 lbm   
    S     = 8.353673e+02 ft^2

Iteration  2:
    MTOW  = 8.921468e+04 lbm   
    OEW   = 5.137148e+04 lbm   
    Wbatt = 2.243847e+03 lbm   
    Wfuel = 1.863719e+04 lbm   
    Wem   = 5.568231e+02 lbm   
    Weg   = 0.000000e+00 lbm   
    S     = 8.353673e+02 ft^2

Iteration  3:
    MTOW  = 8.921059e+04 lbm   
    OEW   = 5.137148e+04 lbm   
    Wbatt = 2.243847e+03 lbm   
    Wfuel = 1.863310e+04 lbm   
    Wem   = 5.568231e+02 lbm   
    Weg   = 0.000000e+00 lbm   
    S     = 8.353673e+02 ft^2

Initial Size:          
    MTOW  = 9.126388e+04 lbm   
    Wbatt = 2.243847e+03 lbm   
    Wfuel = 2.068639e+04 lbm   
    S     = 8.353673e+02 ft^2

Iteration  0:
    MTOW  = 8.978065e+04 lbm   
    OEW   = 5.137148e+04 lbm   
    Wbatt = 2.243847e+03 lbm   
    Wfuel = 1.920317e+04 lbm   
    Wem   = 5.568231e+02 lbm   
    Weg   = 0.000000e+00 lbm   
    S     = 8.353673e+02 ft^2

Iteration  1:
    MTOW  = 8.927297e+04 lbm   
    OEW   = 5.137148e+04 lbm   
    Wbatt = 2.243847e+03 lbm   
    Wfuel = 1.869549e+04 lbm   
    Wem   = 5.568231e+02 lbm   
    Weg   = 0.000000e+00 lbm   
    S     = 8.353673e+02 ft^2

Iteration  2:
    MTOW  = 8.921468e+04 lbm   
    OEW   = 5.137148e+04 lbm   
    Wbatt = 2.243847e+03 lbm   
    Wfuel = 1.863719e+04 lbm   
    Wem   = 5.568231e+02 lbm   
    Weg   = 0.000000e+00 lbm   
    S     = 8.353673e+02 ft^2

Iteration  3:
    MTOW  = 8.921059e+04 lbm   
    OEW   = 5.137148e+04 lbm   
    Wbatt = 2.243847e+03 lbm   
    Wfuel = 1.863310e+04 lbm   
    Wem   = 5.568231e+02 lbm   
    Weg   = 0.000000e+00 lbm   
    S     = 8.353673e+02 ft^2

Initial Size:          
    MTOW  = 9.126388e+04 lbm   
    Wbatt = 2.243847e+03 lbm   
    Wfuel = 2.068639e+04 lbm   
    S     = 8.353673e+02 ft^2

Iteration  0:
    MTOW  = 8.978065e+04 lbm   
    OEW   = 5.137148e+04 lbm   
    Wbatt = 2.243847e+03 lbm   
    Wfuel = 1.920317e+04 lbm   
    Wem   = 5.568231e+02 lbm   
    Weg   = 0.000000e+00 lbm   
    S     = 8.353673e+02 ft^2

Iteration  1:
    MTOW  = 8.927297e+04 lbm   
    OEW   = 5.137148e+04 lbm   
    Wbatt = 2.243847e+03 lbm   
    Wfuel = 1.869549e+04 lbm   
    Wem   = 5.568231e+02 lbm   
    Weg   = 0.000000e+00 lbm   
    S     = 8.353673e+02 ft^2

Iteration  2:
    MTOW  = 8.921468e+04 lbm   
    OEW   = 5.137148e+04 lbm   
    Wbatt = 2.243847e+03 lbm   
    Wfuel = 1.863719e+04 lbm   
    Wem   = 5.568231e+02 lbm   
    Weg   = 0.000000e+00 lbm   
    S     = 8.353673e+02 ft^2

Iteration  3:
    MTOW  = 8.921059e+04 lbm   
    OEW   = 5.137148e+04 lbm   
    Wbatt = 2.243847e+03 lbm   
    Wfuel = 1.863310e+04 lbm   
    Wem   = 5.568231e+02 lbm   
    Weg   = 0.000000e+00 lbm   
    S     = 8.353673e+02 ft^2

    3         215    8.451834e+03     0.000e+00     2.825e-02     5.767e-02     3.431e+03  
Initial Size:          
    MTOW  = 9.126388e+04 lbm   
    Wbatt = 2.243847e+03 lbm   
    Wfuel = 2.068639e+04 lbm   
    S     = 8.353673e+02 ft^2

Iteration  0:
    MTOW  = 9.057698e+04 lbm   
    OEW   = 5.137148e+04 lbm   
    Wbatt = 2.243847e+03 lbm   
    Wfuel = 1.999949e+04 lbm   
    Wem   = 1.138917e+03 lbm   
    Weg   = 0.000000e+00 lbm   
    S     = 8.353673e+02 ft^2

Iteration  1:
    MTOW  = 9.022373e+04 lbm   
    OEW   = 5.137148e+04 lbm   
    Wbatt = 2.243847e+03 lbm   
    Wfuel = 1.964625e+04 lbm   
    Wem   = 1.138917e+03 lbm   
    Weg   = 0.000000e+00 lbm   
    S     = 8.353673e+02 ft^2

Iteration  2:
    MTOW  = 9.007835e+04 lbm   
    OEW   = 5.137148e+04 lbm   
    Wbatt = 2.243847e+03 lbm   
    Wfuel = 1.950087e+04 lbm   
    Wem   = 1.138917e+03 lbm   
    Weg   = 0.000000e+00 lbm   
    S     = 8.353673e+02 ft^2

Iteration  3:
    MTOW  = 9.002379e+04 lbm   
    OEW   = 5.137148e+04 lbm   
    Wbatt = 2.243847e+03 lbm   
    Wfuel = 1.944630e+04 lbm   
    Wem   = 1.138917e+03 lbm   
    Weg   = 0.000000e+00 lbm   
    S     = 8.353673e+02 ft^2

Iteration  4:
    MTOW  = 9.000663e+04 lbm   
    OEW   = 5.137148e+04 lbm   
    Wbatt = 2.243847e+03 lbm   
    Wfuel = 1.942914e+04 lbm   
    Wem   = 1.138917e+03 lbm   
    Weg   = 0.000000e+00 lbm   
    S     = 8.353673e+02 ft^2

Initial Size:          
    MTOW  = 9.126388e+04 lbm   
    Wbatt = 2.243847e+03 lbm   
    Wfuel = 2.068639e+04 lbm   
    S     = 8.353673e+02 ft^2

Iteration  0:
    MTOW  = 9.018040e+04 lbm   
    OEW   = 5.137148e+04 lbm   
    Wbatt = 2.243847e+03 lbm   
    Wfuel = 1.960291e+04 lbm   
    Wem   = 9.629674e+02 lbm   
    Weg   = 0.000000e+00 lbm   
    S     = 8.353673e+02 ft^2

Iteration  1:
    MTOW  = 8.980523e+04 lbm   
    OEW   = 5.137148e+04 lbm   
    Wbatt = 2.243847e+03 lbm   
    Wfuel = 1.922775e+04 lbm   
    Wem   = 9.629674e+02 lbm   
    Weg   = 0.000000e+00 lbm   
    S     = 8.353673e+02 ft^2

Iteration  2:
    MTOW  = 8.972642e+04 lbm   
    OEW   = 5.137148e+04 lbm   
    Wbatt = 2.243847e+03 lbm   
    Wfuel = 1.914894e+04 lbm   
    Wem   = 9.629674e+02 lbm   
    Weg   = 0.000000e+00 lbm   
    S     = 8.353673e+02 ft^2

Iteration  3:
    MTOW  = 8.971245e+04 lbm   
    OEW   = 5.137148e+04 lbm   
    Wbatt = 2.243847e+03 lbm   
    Wfuel = 1.913496e+04 lbm   
    Wem   = 9.629674e+02 lbm   
    Weg   = 0.000000e+00 lbm   
    S     = 8.353673e+02 ft^2

Initial Size:          
    MTOW  = 9.126388e+04 lbm   
    Wbatt = 2.243847e+03 lbm   
    Wfuel = 2.068639e+04 lbm   
    S     = 8.353673e+02 ft^2

Iteration  0:
    MTOW  = 9.007176e+04 lbm   
    OEW   = 5.137148e+04 lbm   
    Wbatt = 2.243847e+03 lbm   
    Wfuel = 1.949427e+04 lbm   
    Wem   = 8.404061e+02 lbm   
    Weg   = 0.000000e+00 lbm   
    S     = 8.353673e+02 ft^2

Iteration  1:
    MTOW  = 8.983070e+04 lbm   
    OEW   = 5.137148e+04 lbm   
    Wbatt = 2.243847e+03 lbm   
    Wfuel = 1.925321e+04 lbm   
    Wem   = 8.404061e+02 lbm   
    Weg   = 0.000000e+00 lbm   
    S     = 8.353673e+02 ft^2

Iteration  2:
    MTOW  = 8.977755e+04 lbm   
    OEW   = 5.137148e+04 lbm   
    Wbatt = 2.243847e+03 lbm   
    Wfuel = 1.920007e+04 lbm   
    Wem   = 8.404061e+02 lbm   
    Weg   = 0.000000e+00 lbm   
    S     = 8.353673e+02 ft^2

Iteration  3:
    MTOW  = 8.976967e+04 lbm   
    OEW   = 5.137148e+04 lbm   
    Wbatt = 2.243847e+03 lbm   
    Wfuel = 1.919218e+04 lbm   
    Wem   = 8.404061e+02 lbm   
    Weg   = 0.000000e+00 lbm   
    S     = 8.353673e+02 ft^2

Initial Size:          
    MTOW  = 9.126388e+04 lbm   
    Wbatt = 2.243847e+03 lbm   
    Wfuel = 2.068639e+04 lbm   
    S     = 8.353673e+02 ft^2

Iteration  0:
    MTOW  = 8.992699e+04 lbm   
    OEW   = 5.137148e+04 lbm   
    Wbatt = 2.243847e+03 lbm   
    Wfuel = 1.934951e+04 lbm   
    Wem   = 7.549496e+02 lbm   
    Weg   = 0.000000e+00 lbm   
    S     = 8.353673e+02 ft^2

Iteration  1:
    MTOW  = 8.957417e+04 lbm   
    OEW   = 5.137148e+04 lbm   
    Wbatt = 2.243847e+03 lbm   
    Wfuel = 1.899668e+04 lbm   
    Wem   = 7.549496e+02 lbm   
    Weg   = 0.000000e+00 lbm   
    S     = 8.353673e+02 ft^2

Iteration  2:
    MTOW  = 8.951630e+04 lbm   
    OEW   = 5.137148e+04 lbm   
    Wbatt = 2.243847e+03 lbm   
    Wfuel = 1.893881e+04 lbm   
    Wem   = 7.549496e+02 lbm   
    Weg   = 0.000000e+00 lbm   
    S     = 8.353673e+02 ft^2

Iteration  3:
    MTOW  = 8.927556e+04 lbm   
    OEW   = 5.137148e+04 lbm   
    Wbatt = 2.243847e+03 lbm   
    Wfuel = 1.869808e+04 lbm   
    Wem   = 7.549496e+02 lbm   
    Weg   = 0.000000e+00 lbm   
    S     = 8.353673e+02 ft^2

Iteration  4:
    MTOW  = 8.923924e+04 lbm   
    OEW   = 5.137148e+04 lbm   
    Wbatt = 2.243847e+03 lbm   
    Wfuel = 1.866175e+04 lbm   
    Wem   = 7.549496e+02 lbm   
    Weg   = 0.000000e+00 lbm   
    S     = 8.353673e+02 ft^2

Iteration  5:
    MTOW  = 8.923159e+04 lbm   
    OEW   = 5.137148e+04 lbm   
    Wbatt = 2.243847e+03 lbm   
    Wfuel = 1.865411e+04 lbm   
    Wem   = 7.549496e+02 lbm   
    Weg   = 0.000000e+00 lbm   
    S     = 8.353673e+02 ft^2

Initial Size:          
    MTOW  = 9.126388e+04 lbm   
    Wbatt = 2.243847e+03 lbm   
    Wfuel = 2.068639e+04 lbm   
    S     = 8.353673e+02 ft^2

Iteration  0:
    MTOW  = 8.984296e+04 lbm   
    OEW   = 5.137148e+04 lbm   
    Wbatt = 2.243847e+03 lbm   
    Wfuel = 1.926548e+04 lbm   
    Wem   = 6.953126e+02 lbm   
    Weg   = 0.000000e+00 lbm   
    S     = 8.353673e+02 ft^2

Iteration  1:
    MTOW  = 8.957865e+04 lbm   
    OEW   = 5.137148e+04 lbm   
    Wbatt = 2.243847e+03 lbm   
    Wfuel = 1.900116e+04 lbm   
    Wem   = 6.953126e+02 lbm   
    Weg   = 0.000000e+00 lbm   
    S     = 8.353673e+02 ft^2

Iteration  2:
    MTOW  = 8.953387e+04 lbm   
    OEW   = 5.137148e+04 lbm   
    Wbatt = 2.243847e+03 lbm   
    Wfuel = 1.895638e+04 lbm   
    Wem   = 6.953126e+02 lbm   
    Weg   = 0.000000e+00 lbm   
    S     = 8.353673e+02 ft^2

Iteration  3:
    MTOW  = 8.952891e+04 lbm   
    OEW   = 5.137148e+04 lbm   
    Wbatt = 2.243847e+03 lbm   
    Wfuel = 1.895142e+04 lbm   
    Wem   = 6.953126e+02 lbm   
    Weg   = 0.000000e+00 lbm   
    S     = 8.353673e+02 ft^2

Initial Size:          
    MTOW  = 9.126388e+04 lbm   
    Wbatt = 2.243847e+03 lbm   
    Wfuel = 2.068639e+04 lbm   
    S     = 8.353673e+02 ft^2

Iteration  0:
    MTOW  = 8.988869e+04 lbm   
    OEW   = 5.137148e+04 lbm   
    Wbatt = 2.243847e+03 lbm   
    Wfuel = 1.931120e+04 lbm   
    Wem   = 6.536636e+02 lbm   
    Weg   = 0.000000e+00 lbm   
    S     = 8.353673e+02 ft^2

Iteration  1:
    MTOW  = 8.954482e+04 lbm   
    OEW   = 5.137148e+04 lbm   
    Wbatt = 2.243847e+03 lbm   
    Wfuel = 1.896733e+04 lbm   
    Wem   = 6.536636e+02 lbm   
    Weg   = 0.000000e+00 lbm   
    S     = 8.353673e+02 ft^2

Iteration  2:
    MTOW  = 8.949587e+04 lbm   
    OEW   = 5.137148e+04 lbm   
    Wbatt = 2.243847e+03 lbm   
    Wfuel = 1.891838e+04 lbm   
    Wem   = 6.536636e+02 lbm   
    Weg   = 0.000000e+00 lbm   
    S     = 8.353673e+02 ft^2

Iteration  3:
    MTOW  = 8.949031e+04 lbm   
    OEW   = 5.137148e+04 lbm   
    Wbatt = 2.243847e+03 lbm   
    Wfuel = 1.891282e+04 lbm   
    Wem   = 6.536636e+02 lbm   
    Weg   = 0.000000e+00 lbm   
    S     = 8.353673e+02 ft^2

Initial Size:          
    MTOW  = 9.126388e+04 lbm   
    Wbatt = 2.243847e+03 lbm   
    Wfuel = 2.068639e+04 lbm   
    S     = 8.353673e+02 ft^2

Iteration  0:
    MTOW  = 8.981494e+04 lbm   
    OEW   = 5.137148e+04 lbm   
    Wbatt = 2.243847e+03 lbm   
    Wfuel = 1.923745e+04 lbm   
    Wem   = 6.245596e+02 lbm   
    Weg   = 0.000000e+00 lbm   
    S     = 8.353673e+02 ft^2

Iteration  1:
    MTOW  = 8.959469e+04 lbm   
    OEW   = 5.137148e+04 lbm   
    Wbatt = 2.243847e+03 lbm   
    Wfuel = 1.901720e+04 lbm   
    Wem   = 6.245596e+02 lbm   
    Weg   = 0.000000e+00 lbm   
    S     = 8.353673e+02 ft^2

Iteration  2:
    MTOW  = 8.956339e+04 lbm   
    OEW   = 5.137148e+04 lbm   
    Wbatt = 2.243847e+03 lbm   
    Wfuel = 1.898591e+04 lbm   
    Wem   = 6.245596e+02 lbm   
    Weg   = 0.000000e+00 lbm   
    S     = 8.353673e+02 ft^2

Iteration  3:
    MTOW  = 8.955689e+04 lbm   
    OEW   = 5.137148e+04 lbm   
    Wbatt = 2.243847e+03 lbm   
    Wfuel = 1.897940e+04 lbm   
    Wem   = 6.245596e+02 lbm   
    Weg   = 0.000000e+00 lbm   
    S     = 8.353673e+02 ft^2

Initial Size:          
    MTOW  = 9.126388e+04 lbm   
    Wbatt = 2.243847e+03 lbm   
    Wfuel = 2.068639e+04 lbm   
    S     = 8.353673e+02 ft^2

Iteration  0:
    MTOW  = 8.981684e+04 lbm   
    OEW   = 5.137148e+04 lbm   
    Wbatt = 2.243847e+03 lbm   
    Wfuel = 1.923935e+04 lbm   
    Wem   = 6.042126e+02 lbm   
    Weg   = 0.000000e+00 lbm   
    S     = 8.353673e+02 ft^2

Iteration  1:
    MTOW  = 8.955081e+04 lbm   
    OEW   = 5.137148e+04 lbm   
    Wbatt = 2.243847e+03 lbm   
    Wfuel = 1.897333e+04 lbm   
    Wem   = 6.042126e+02 lbm   
    Weg   = 0.000000e+00 lbm   
    S     = 8.353673e+02 ft^2

Iteration  2:
    MTOW  = 8.951502e+04 lbm   
    OEW   = 5.137148e+04 lbm   
    Wbatt = 2.243847e+03 lbm   
    Wfuel = 1.893754e+04 lbm   
    Wem   = 6.042126e+02 lbm   
    Weg   = 0.000000e+00 lbm   
    S     = 8.353673e+02 ft^2

Iteration  3:
    MTOW  = 8.950280e+04 lbm   
    OEW   = 5.137148e+04 lbm   
    Wbatt = 2.243847e+03 lbm   
    Wfuel = 1.892532e+04 lbm   
    Wem   = 6.042126e+02 lbm   
    Weg   = 0.000000e+00 lbm   
    S     = 8.353673e+02 ft^2

Initial Size:          
    MTOW  = 9.126388e+04 lbm   
    Wbatt = 2.243847e+03 lbm   
    Wfuel = 2.068639e+04 lbm   
    S     = 8.353673e+02 ft^2

Iteration  0:
    MTOW  = 8.952427e+04 lbm   
    OEW   = 5.137148e+04 lbm   
    Wbatt = 2.243847e+03 lbm   
    Wfuel = 1.894678e+04 lbm   
    Wem   = 5.899827e+02 lbm   
    Weg   = 0.000000e+00 lbm   
    S     = 8.353673e+02 ft^2

Iteration  1:
    MTOW  = 8.946098e+04 lbm   
    OEW   = 5.137148e+04 lbm   
    Wbatt = 2.243847e+03 lbm   
    Wfuel = 1.888349e+04 lbm   
    Wem   = 5.899827e+02 lbm   
    Weg   = 0.000000e+00 lbm   
    S     = 8.353673e+02 ft^2

Iteration  2:
    MTOW  = 8.945545e+04 lbm   
    OEW   = 5.137148e+04 lbm   
    Wbatt = 2.243847e+03 lbm   
    Wfuel = 1.887797e+04 lbm   
    Wem   = 5.899827e+02 lbm   
    Weg   = 0.000000e+00 lbm   
    S     = 8.353673e+02 ft^2

Initial Size:          
    MTOW  = 9.126388e+04 lbm   
    Wbatt = 2.243847e+03 lbm   
    Wfuel = 2.068639e+04 lbm   
    S     = 8.353673e+02 ft^2

Iteration  0:
    MTOW  = 8.976554e+04 lbm   
    OEW   = 5.137148e+04 lbm   
    Wbatt = 2.243847e+03 lbm   
    Wfuel = 1.918805e+04 lbm   
    Wem   = 5.800284e+02 lbm   
    Weg   = 0.000000e+00 lbm   
    S     = 8.353673e+02 ft^2

Iteration  1:
    MTOW  = 8.953802e+04 lbm   
    OEW   = 5.137148e+04 lbm   
    Wbatt = 2.243847e+03 lbm   
    Wfuel = 1.896053e+04 lbm   
    Wem   = 5.800284e+02 lbm   
    Weg   = 0.000000e+00 lbm   
    S     = 8.353673e+02 ft^2

Iteration  2:
    MTOW  = 8.950655e+04 lbm   
    OEW   = 5.137148e+04 lbm   
    Wbatt = 2.243847e+03 lbm   
    Wfuel = 1.892906e+04 lbm   
    Wem   = 5.800284e+02 lbm   
    Weg   = 0.000000e+00 lbm   
    S     = 8.353673e+02 ft^2

Iteration  3:
    MTOW  = 8.950017e+04 lbm   
    OEW   = 5.137148e+04 lbm   
    Wbatt = 2.243847e+03 lbm   
    Wfuel = 1.892268e+04 lbm   
    Wem   = 5.800284e+02 lbm   
    Weg   = 0.000000e+00 lbm   
    S     = 8.353673e+02 ft^2

Initial Size:          
    MTOW  = 9.126388e+04 lbm   
    Wbatt = 2.243847e+03 lbm   
    Wfuel = 2.068639e+04 lbm   
    S     = 8.353673e+02 ft^2

Iteration  0:
    MTOW  = 8.975848e+04 lbm   
    OEW   = 5.137148e+04 lbm   
    Wbatt = 2.243847e+03 lbm   
    Wfuel = 1.918100e+04 lbm   
    Wem   = 5.730636e+02 lbm   
    Weg   = 0.000000e+00 lbm   
    S     = 8.353673e+02 ft^2

Iteration  1:
    MTOW  = 8.928389e+04 lbm   
    OEW   = 5.137148e+04 lbm   
    Wbatt = 2.243847e+03 lbm   
    Wfuel = 1.870641e+04 lbm   
    Wem   = 5.730636e+02 lbm   
    Weg   = 0.000000e+00 lbm   
    S     = 8.353673e+02 ft^2

Iteration  2:
    MTOW  = 8.945256e+04 lbm   
    OEW   = 5.137148e+04 lbm   
    Wbatt = 2.243847e+03 lbm   
    Wfuel = 1.887507e+04 lbm   
    Wem   = 5.730636e+02 lbm   
    Weg   = 0.000000e+00 lbm   
    S     = 8.353673e+02 ft^2

Iteration  3:
    MTOW  = 8.948185e+04 lbm   
    OEW   = 5.137148e+04 lbm   
    Wbatt = 2.243847e+03 lbm   
    Wfuel = 1.890437e+04 lbm   
    Wem   = 5.730636e+02 lbm   
    Weg   = 0.000000e+00 lbm   
    S     = 8.353673e+02 ft^2

Iteration  4:
    MTOW  = 8.948551e+04 lbm   
    OEW   = 5.137148e+04 lbm   
    Wbatt = 2.243847e+03 lbm   
    Wfuel = 1.890803e+04 lbm   
    Wem   = 5.730636e+02 lbm   
    Weg   = 0.000000e+00 lbm   
    S     = 8.353673e+02 ft^2

Initial Size:          
    MTOW  = 9.126388e+04 lbm   
    Wbatt = 2.243847e+03 lbm   
    Wfuel = 2.068639e+04 lbm   
    S     = 8.353673e+02 ft^2

Iteration  0:
    MTOW  = 8.975335e+04 lbm   
    OEW   = 5.137148e+04 lbm   
    Wbatt = 2.243847e+03 lbm   
    Wfuel = 1.917586e+04 lbm   
    Wem   = 5.681899e+02 lbm   
    Weg   = 0.000000e+00 lbm   
    S     = 8.353673e+02 ft^2

Iteration  1:
    MTOW  = 8.926562e+04 lbm   
    OEW   = 5.137148e+04 lbm   
    Wbatt = 2.243847e+03 lbm   
    Wfuel = 1.868813e+04 lbm   
    Wem   = 5.681899e+02 lbm   
    Weg   = 0.000000e+00 lbm   
    S     = 8.353673e+02 ft^2

Iteration  2:
    MTOW  = 8.944199e+04 lbm   
    OEW   = 5.137148e+04 lbm   
    Wbatt = 2.243847e+03 lbm   
    Wfuel = 1.886450e+04 lbm   
    Wem   = 5.681899e+02 lbm   
    Weg   = 0.000000e+00 lbm   
    S     = 8.353673e+02 ft^2

Iteration  3:
    MTOW  = 8.922757e+04 lbm   
    OEW   = 5.137148e+04 lbm   
    Wbatt = 2.243847e+03 lbm   
    Wfuel = 1.865008e+04 lbm   
    Wem   = 5.681899e+02 lbm   
    Weg   = 0.000000e+00 lbm   
    S     = 8.353673e+02 ft^2

Iteration  4:
    MTOW  = 8.943914e+04 lbm   
    OEW   = 5.137148e+04 lbm   
    Wbatt = 2.243847e+03 lbm   
    Wfuel = 1.886165e+04 lbm   
    Wem   = 5.681899e+02 lbm   
    Weg   = 0.000000e+00 lbm   
    S     = 8.353673e+02 ft^2

Iteration  5:
    MTOW  = 8.922701e+04 lbm   
    OEW   = 5.137148e+04 lbm   
    Wbatt = 2.243847e+03 lbm   
    Wfuel = 1.864953e+04 lbm   
    Wem   = 5.681899e+02 lbm   
    Weg   = 0.000000e+00 lbm   
    S     = 8.353673e+02 ft^2

Iteration  6:
    MTOW  = 8.943902e+04 lbm   
    OEW   = 5.137148e+04 lbm   
    Wbatt = 2.243847e+03 lbm   
    Wfuel = 1.886154e+04 lbm   
    Wem   = 5.681899e+02 lbm   
    Weg   = 0.000000e+00 lbm   
    S     = 8.353673e+02 ft^2

Iteration  7:
    MTOW  = 8.922699e+04 lbm   
    OEW   = 5.137148e+04 lbm   
    Wbatt = 2.243847e+03 lbm   
    Wfuel = 1.864951e+04 lbm   
    Wem   = 5.681899e+02 lbm   
    Weg   = 0.000000e+00 lbm   
    S     = 8.353673e+02 ft^2

Iteration  8:
    MTOW  = 8.943902e+04 lbm   
    OEW   = 5.137148e+04 lbm   
    Wbatt = 2.243847e+03 lbm   
    Wfuel = 1.886153e+04 lbm   
    Wem   = 5.681899e+02 lbm   
    Weg   = 0.000000e+00 lbm   
    S     = 8.353673e+02 ft^2

Iteration  9:
    MTOW  = 8.922699e+04 lbm   
    OEW   = 5.137148e+04 lbm   
    Wbatt = 2.243847e+03 lbm   
    Wfuel = 1.864950e+04 lbm   
    Wem   = 5.681899e+02 lbm   
    Weg   = 0.000000e+00 lbm   
    S     = 8.353673e+02 ft^2

Iteration 10:
    MTOW  = 8.943902e+04 lbm   
    OEW   = 5.137148e+04 lbm   
    Wbatt = 2.243847e+03 lbm   
    Wfuel = 1.886153e+04 lbm   
    Wem   = 5.681899e+02 lbm   
    Weg   = 0.000000e+00 lbm   
    S     = 8.353673e+02 ft^2

Iteration 11:
    MTOW  = 8.922699e+04 lbm   
    OEW   = 5.137148e+04 lbm   
    Wbatt = 2.243847e+03 lbm   
    Wfuel = 1.864950e+04 lbm   
    Wem   = 5.681899e+02 lbm   
    Weg   = 0.000000e+00 lbm   
    S     = 8.353673e+02 ft^2

Iteration 12:
    MTOW  = 8.943902e+04 lbm   
    OEW   = 5.137148e+04 lbm   
    Wbatt = 2.243847e+03 lbm   
    Wfuel = 1.886153e+04 lbm   
    Wem   = 5.681899e+02 lbm   
    Weg   = 0.000000e+00 lbm   
    S     = 8.353673e+02 ft^2

Iteration 13:
    MTOW  = 8.922699e+04 lbm   
    OEW   = 5.137148e+04 lbm   
    Wbatt = 2.243847e+03 lbm   
    Wfuel = 1.864950e+04 lbm   
    Wem   = 5.681899e+02 lbm   
    Weg   = 0.000000e+00 lbm   
    S     = 8.353673e+02 ft^2

Iteration 14:
    MTOW  = 8.943902e+04 lbm   
    OEW   = 5.137148e+04 lbm   
    Wbatt = 2.243847e+03 lbm   
    Wfuel = 1.886153e+04 lbm   
    Wem   = 5.681899e+02 lbm   
    Weg   = 0.000000e+00 lbm   
    S     = 8.353673e+02 ft^2

Iteration 15:
    MTOW  = 8.922699e+04 lbm   
    OEW   = 5.137148e+04 lbm   
    Wbatt = 2.243847e+03 lbm   
    Wfuel = 1.864950e+04 lbm   
    Wem   = 5.681899e+02 lbm   
    Weg   = 0.000000e+00 lbm   
    S     = 8.353673e+02 ft^2

Iteration 16:
    MTOW  = 8.943902e+04 lbm   
    OEW   = 5.137148e+04 lbm   
    Wbatt = 2.243847e+03 lbm   
    Wfuel = 1.886153e+04 lbm   
    Wem   = 5.681899e+02 lbm   
    Weg   = 0.000000e+00 lbm   
    S     = 8.353673e+02 ft^2

Iteration 17:
    MTOW  = 8.922699e+04 lbm   
    OEW   = 5.137148e+04 lbm   
    Wbatt = 2.243847e+03 lbm   
    Wfuel = 1.864950e+04 lbm   
    Wem   = 5.681899e+02 lbm   
    Weg   = 0.000000e+00 lbm   
    S     = 8.353673e+02 ft^2

Iteration 18:
    MTOW  = 8.943902e+04 lbm   
    OEW   = 5.137148e+04 lbm   
    Wbatt = 2.243847e+03 lbm   
    Wfuel = 1.886153e+04 lbm   
    Wem   = 5.681899e+02 lbm   
    Weg   = 0.000000e+00 lbm   
    S     = 8.353673e+02 ft^2

Iteration 19:
    MTOW  = 8.922699e+04 lbm   
    OEW   = 5.137148e+04 lbm   
    Wbatt = 2.243847e+03 lbm   
    Wfuel = 1.864950e+04 lbm   
    Wem   = 5.681899e+02 lbm   
    Weg   = 0.000000e+00 lbm   
    S     = 8.353673e+02 ft^2

Iteration 20:
    MTOW  = 8.943902e+04 lbm   
    OEW   = 5.137148e+04 lbm   
    Wbatt = 2.243847e+03 lbm   
    Wfuel = 1.886153e+04 lbm   
    Wem   = 5.681899e+02 lbm   
    Weg   = 0.000000e+00 lbm   
    S     = 8.353673e+02 ft^2

Iteration 21:
    MTOW  = 8.922699e+04 lbm   
    OEW   = 5.137148e+04 lbm   
    Wbatt = 2.243847e+03 lbm   
    Wfuel = 1.864950e+04 lbm   
    Wem   = 5.681899e+02 lbm   
    Weg   = 0.000000e+00 lbm   
    S     = 8.353673e+02 ft^2

Iteration 22:
    MTOW  = 8.943902e+04 lbm   
    OEW   = 5.137148e+04 lbm   
    Wbatt = 2.243847e+03 lbm   
    Wfuel = 1.886153e+04 lbm   
    Wem   = 5.681899e+02 lbm   
    Weg   = 0.000000e+00 lbm   
    S     = 8.353673e+02 ft^2

Iteration 23:
    MTOW  = 8.922699e+04 lbm   
    OEW   = 5.137148e+04 lbm   
    Wbatt = 2.243847e+03 lbm   
    Wfuel = 1.864950e+04 lbm   
    Wem   = 5.681899e+02 lbm   
    Weg   = 0.000000e+00 lbm   
    S     = 8.353673e+02 ft^2

Iteration 24:
    MTOW  = 8.943902e+04 lbm   
    OEW   = 5.137148e+04 lbm   
    Wbatt = 2.243847e+03 lbm   
    Wfuel = 1.886153e+04 lbm   
    Wem   = 5.681899e+02 lbm   
    Weg   = 0.000000e+00 lbm   
    S     = 8.353673e+02 ft^2

Iteration 25:
    MTOW  = 8.922699e+04 lbm   
    OEW   = 5.137148e+04 lbm   
    Wbatt = 2.243847e+03 lbm   
    Wfuel = 1.864950e+04 lbm   
    Wem   = 5.681899e+02 lbm   
    Weg   = 0.000000e+00 lbm   
    S     = 8.353673e+02 ft^2

Iteration 26:
    MTOW  = 8.943902e+04 lbm   
    OEW   = 5.137148e+04 lbm   
    Wbatt = 2.243847e+03 lbm   
    Wfuel = 1.886153e+04 lbm   
    Wem   = 5.681899e+02 lbm   
    Weg   = 0.000000e+00 lbm   
    S     = 8.353673e+02 ft^2

Iteration 27:
    MTOW  = 8.922699e+04 lbm   
    OEW   = 5.137148e+04 lbm   
    Wbatt = 2.243847e+03 lbm   
    Wfuel = 1.864950e+04 lbm   
    Wem   = 5.681899e+02 lbm   
    Weg   = 0.000000e+00 lbm   
    S     = 8.353673e+02 ft^2

Iteration 28:
    MTOW  = 8.943902e+04 lbm   
    OEW   = 5.137148e+04 lbm   
    Wbatt = 2.243847e+03 lbm   
    Wfuel = 1.886153e+04 lbm   
    Wem   = 5.681899e+02 lbm   
    Weg   = 0.000000e+00 lbm   
    S     = 8.353673e+02 ft^2

Iteration 29:
    MTOW  = 8.922699e+04 lbm   
    OEW   = 5.137148e+04 lbm   
    Wbatt = 2.243847e+03 lbm   
    Wfuel = 1.864950e+04 lbm   
    Wem   = 5.681899e+02 lbm   
    Weg   = 0.000000e+00 lbm   
    S     = 8.353673e+02 ft^2

Initial Size:          
    MTOW  = 9.126388e+04 lbm   
    Wbatt = 2.243847e+03 lbm   
    Wfuel = 2.068639e+04 lbm   
    S     = 8.353673e+02 ft^2

Iteration  0:
    MTOW  = 8.975186e+04 lbm   
    OEW   = 5.137148e+04 lbm   
    Wbatt = 2.243847e+03 lbm   
    Wfuel = 1.917438e+04 lbm   
    Wem   = 5.647791e+02 lbm   
    Weg   = 0.000000e+00 lbm   
    S     = 8.353673e+02 ft^2

Iteration  1:
    MTOW  = 8.926134e+04 lbm   
    OEW   = 5.137148e+04 lbm   
    Wbatt = 2.243847e+03 lbm   
    Wfuel = 1.868385e+04 lbm   
    Wem   = 5.647791e+02 lbm   
    Weg   = 0.000000e+00 lbm   
    S     = 8.353673e+02 ft^2

Iteration  2:
    MTOW  = 8.920347e+04 lbm   
    OEW   = 5.137148e+04 lbm   
    Wbatt = 2.243847e+03 lbm   
    Wfuel = 1.862598e+04 lbm   
    Wem   = 5.647791e+02 lbm   
    Weg   = 0.000000e+00 lbm   
    S     = 8.353673e+02 ft^2

Iteration  3:
    MTOW  = 8.919943e+04 lbm   
    OEW   = 5.137148e+04 lbm   
    Wbatt = 2.243847e+03 lbm   
    Wfuel = 1.862195e+04 lbm   
    Wem   = 5.647791e+02 lbm   
    Weg   = 0.000000e+00 lbm   
    S     = 8.353673e+02 ft^2

Initial Size:          
    MTOW  = 9.126388e+04 lbm   
    Wbatt = 2.243847e+03 lbm   
    Wfuel = 2.068639e+04 lbm   
    S     = 8.353673e+02 ft^2

Iteration  0:
    MTOW  = 8.975186e+04 lbm   
    OEW   = 5.137148e+04 lbm   
    Wbatt = 2.243847e+03 lbm   
    Wfuel = 1.917438e+04 lbm   
    Wem   = 5.647791e+02 lbm   
    Weg   = 0.000000e+00 lbm   
    S     = 8.353673e+02 ft^2

Iteration  1:
    MTOW  = 8.926134e+04 lbm   
    OEW   = 5.137148e+04 lbm   
    Wbatt = 2.243847e+03 lbm   
    Wfuel = 1.868385e+04 lbm   
    Wem   = 5.647791e+02 lbm   
    Weg   = 0.000000e+00 lbm   
    S     = 8.353673e+02 ft^2

Iteration  2:
    MTOW  = 8.920347e+04 lbm   
    OEW   = 5.137148e+04 lbm   
    Wbatt = 2.243847e+03 lbm   
    Wfuel = 1.862598e+04 lbm   
    Wem   = 5.647791e+02 lbm   
    Weg   = 0.000000e+00 lbm   
    S     = 8.353673e+02 ft^2

Iteration  3:
    MTOW  = 8.919943e+04 lbm   
    OEW   = 5.137148e+04 lbm   
    Wbatt = 2.243847e+03 lbm   
    Wfuel = 1.862195e+04 lbm   
    Wem   = 5.647791e+02 lbm   
    Weg   = 0.000000e+00 lbm   
    S     = 8.353673e+02 ft^2

Initial Size:          
    MTOW  = 9.126388e+04 lbm   
    Wbatt = 2.243847e+03 lbm   
    Wfuel = 2.068639e+04 lbm   
    S     = 8.353673e+02 ft^2

Iteration  0:
    MTOW  = 8.975186e+04 lbm   
    OEW   = 5.137148e+04 lbm   
    Wbatt = 2.243847e+03 lbm   
    Wfuel = 1.917438e+04 lbm   
    Wem   = 5.647791e+02 lbm   
    Weg   = 0.000000e+00 lbm   
    S     = 8.353673e+02 ft^2

Iteration  1:
    MTOW  = 8.926134e+04 lbm   
    OEW   = 5.137148e+04 lbm   
    Wbatt = 2.243847e+03 lbm   
    Wfuel = 1.868385e+04 lbm   
    Wem   = 5.647791e+02 lbm   
    Weg   = 0.000000e+00 lbm   
    S     = 8.353673e+02 ft^2

Iteration  2:
    MTOW  = 8.920347e+04 lbm   
    OEW   = 5.137148e+04 lbm   
    Wbatt = 2.243847e+03 lbm   
    Wfuel = 1.862598e+04 lbm   
    Wem   = 5.647791e+02 lbm   
    Weg   = 0.000000e+00 lbm   
    S     = 8.353673e+02 ft^2

Iteration  3:
    MTOW  = 8.919943e+04 lbm   
    OEW   = 5.137148e+04 lbm   
    Wbatt = 2.243847e+03 lbm   
    Wfuel = 1.862195e+04 lbm   
    Wem   = 5.647791e+02 lbm   
    Weg   = 0.000000e+00 lbm   
    S     = 8.353673e+02 ft^2

Initial Size:          
    MTOW  = 9.126388e+04 lbm   
    Wbatt = 2.243847e+03 lbm   
    Wfuel = 2.068639e+04 lbm   
    S     = 8.353673e+02 ft^2

Iteration  0:
    MTOW  = 8.975186e+04 lbm   
    OEW   = 5.137148e+04 lbm   
    Wbatt = 2.243847e+03 lbm   
    Wfuel = 1.917438e+04 lbm   
    Wem   = 5.647791e+02 lbm   
    Weg   = 0.000000e+00 lbm   
    S     = 8.353673e+02 ft^2

Iteration  1:
    MTOW  = 8.926134e+04 lbm   
    OEW   = 5.137148e+04 lbm   
    Wbatt = 2.243847e+03 lbm   
    Wfuel = 1.868385e+04 lbm   
    Wem   = 5.647791e+02 lbm   
    Weg   = 0.000000e+00 lbm   
    S     = 8.353673e+02 ft^2

Iteration  2:
    MTOW  = 8.920347e+04 lbm   
    OEW   = 5.137148e+04 lbm   
    Wbatt = 2.243847e+03 lbm   
    Wfuel = 1.862598e+04 lbm   
    Wem   = 5.647791e+02 lbm   
    Weg   = 0.000000e+00 lbm   
    S     = 8.353673e+02 ft^2

Iteration  3:
    MTOW  = 8.919943e+04 lbm   
    OEW   = 5.137148e+04 lbm   
    Wbatt = 2.243847e+03 lbm   
    Wfuel = 1.862195e+04 lbm   
    Wem   = 5.647791e+02 lbm   
    Weg   = 0.000000e+00 lbm   
    S     = 8.353673e+02 ft^2

Initial Size:          
    MTOW  = 9.126388e+04 lbm   
    Wbatt = 2.243847e+03 lbm   
    Wfuel = 2.068639e+04 lbm   
    S     = 8.353673e+02 ft^2

Iteration  0:
    MTOW  = 8.975186e+04 lbm   
    OEW   = 5.137148e+04 lbm   
    Wbatt = 2.243847e+03 lbm   
    Wfuel = 1.917438e+04 lbm   
    Wem   = 5.647791e+02 lbm   
    Weg   = 0.000000e+00 lbm   
    S     = 8.353673e+02 ft^2

Iteration  1:
    MTOW  = 8.926134e+04 lbm   
    OEW   = 5.137148e+04 lbm   
    Wbatt = 2.243847e+03 lbm   
    Wfuel = 1.868385e+04 lbm   
    Wem   = 5.647791e+02 lbm   
    Weg   = 0.000000e+00 lbm   
    S     = 8.353673e+02 ft^2

Iteration  2:
    MTOW  = 8.920347e+04 lbm   
    OEW   = 5.137148e+04 lbm   
    Wbatt = 2.243847e+03 lbm   
    Wfuel = 1.862598e+04 lbm   
    Wem   = 5.647791e+02 lbm   
    Weg   = 0.000000e+00 lbm   
    S     = 8.353673e+02 ft^2

Iteration  3:
    MTOW  = 8.919943e+04 lbm   
    OEW   = 5.137148e+04 lbm   
    Wbatt = 2.243847e+03 lbm   
    Wfuel = 1.862195e+04 lbm   
    Wem   = 5.647791e+02 lbm   
    Weg   = 0.000000e+00 lbm   
    S     = 8.353673e+02 ft^2

Initial Size:          
    MTOW  = 9.126388e+04 lbm   
    Wbatt = 2.243847e+03 lbm   
    Wfuel = 2.068639e+04 lbm   
    S     = 8.353673e+02 ft^2

Iteration  0:
    MTOW  = 8.975186e+04 lbm   
    OEW   = 5.137148e+04 lbm   
    Wbatt = 2.243847e+03 lbm   
    Wfuel = 1.917438e+04 lbm   
    Wem   = 5.647791e+02 lbm   
    Weg   = 0.000000e+00 lbm   
    S     = 8.353673e+02 ft^2

Iteration  1:
    MTOW  = 8.926134e+04 lbm   
    OEW   = 5.137148e+04 lbm   
    Wbatt = 2.243847e+03 lbm   
    Wfuel = 1.868385e+04 lbm   
    Wem   = 5.647791e+02 lbm   
    Weg   = 0.000000e+00 lbm   
    S     = 8.353673e+02 ft^2

Iteration  2:
    MTOW  = 8.920347e+04 lbm   
    OEW   = 5.137148e+04 lbm   
    Wbatt = 2.243847e+03 lbm   
    Wfuel = 1.862598e+04 lbm   
    Wem   = 5.647791e+02 lbm   
    Weg   = 0.000000e+00 lbm   
    S     = 8.353673e+02 ft^2

Iteration  3:
    MTOW  = 8.919943e+04 lbm   
    OEW   = 5.137148e+04 lbm   
    Wbatt = 2.243847e+03 lbm   
    Wfuel = 1.862195e+04 lbm   
    Wem   = 5.647791e+02 lbm   
    Weg   = 0.000000e+00 lbm   
    S     = 8.353673e+02 ft^2

Initial Size:          
    MTOW  = 9.126388e+04 lbm   
    Wbatt = 2.243847e+03 lbm   
    Wfuel = 2.068639e+04 lbm   
    S     = 8.353673e+02 ft^2

Iteration  0:
    MTOW  = 8.975186e+04 lbm   
    OEW   = 5.137148e+04 lbm   
    Wbatt = 2.243847e+03 lbm   
    Wfuel = 1.917438e+04 lbm   
    Wem   = 5.647791e+02 lbm   
    Weg   = 0.000000e+00 lbm   
    S     = 8.353673e+02 ft^2

Iteration  1:
    MTOW  = 8.926134e+04 lbm   
    OEW   = 5.137148e+04 lbm   
    Wbatt = 2.243847e+03 lbm   
    Wfuel = 1.868385e+04 lbm   
    Wem   = 5.647791e+02 lbm   
    Weg   = 0.000000e+00 lbm   
    S     = 8.353673e+02 ft^2

Iteration  2:
    MTOW  = 8.920347e+04 lbm   
    OEW   = 5.137148e+04 lbm   
    Wbatt = 2.243847e+03 lbm   
    Wfuel = 1.862598e+04 lbm   
    Wem   = 5.647791e+02 lbm   
    Weg   = 0.000000e+00 lbm   
    S     = 8.353673e+02 ft^2

Iteration  3:
    MTOW  = 8.919943e+04 lbm   
    OEW   = 5.137148e+04 lbm   
    Wbatt = 2.243847e+03 lbm   
    Wfuel = 1.862195e+04 lbm   
    Wem   = 5.647791e+02 lbm   
    Weg   = 0.000000e+00 lbm   
    S     = 8.353673e+02 ft^2

Initial Size:          
    MTOW  = 9.126388e+04 lbm   
    Wbatt = 2.243847e+03 lbm   
    Wfuel = 2.068639e+04 lbm   
    S     = 8.353673e+02 ft^2

Iteration  0:
    MTOW  = 8.975186e+04 lbm   
    OEW   = 5.137148e+04 lbm   
    Wbatt = 2.243847e+03 lbm   
    Wfuel = 1.917438e+04 lbm   
    Wem   = 5.647791e+02 lbm   
    Weg   = 0.000000e+00 lbm   
    S     = 8.353673e+02 ft^2

Iteration  1:
    MTOW  = 8.926134e+04 lbm   
    OEW   = 5.137148e+04 lbm   
    Wbatt = 2.243847e+03 lbm   
    Wfuel = 1.868385e+04 lbm   
    Wem   = 5.647791e+02 lbm   
    Weg   = 0.000000e+00 lbm   
    S     = 8.353673e+02 ft^2

Iteration  2:
    MTOW  = 8.920347e+04 lbm   
    OEW   = 5.137148e+04 lbm   
    Wbatt = 2.243847e+03 lbm   
    Wfuel = 1.862598e+04 lbm   
    Wem   = 5.647791e+02 lbm   
    Weg   = 0.000000e+00 lbm   
    S     = 8.353673e+02 ft^2

Iteration  3:
    MTOW  = 8.919943e+04 lbm   
    OEW   = 5.137148e+04 lbm   
    Wbatt = 2.243847e+03 lbm   
    Wfuel = 1.862195e+04 lbm   
    Wem   = 5.647791e+02 lbm   
    Weg   = 0.000000e+00 lbm   
    S     = 8.353673e+02 ft^2

Initial Size:          
    MTOW  = 9.126388e+04 lbm   
    Wbatt = 2.243847e+03 lbm   
    Wfuel = 2.068639e+04 lbm   
    S     = 8.353673e+02 ft^2

Iteration  0:
    MTOW  = 8.975186e+04 lbm   
    OEW   = 5.137148e+04 lbm   
    Wbatt = 2.243847e+03 lbm   
    Wfuel = 1.917438e+04 lbm   
    Wem   = 5.647791e+02 lbm   
    Weg   = 0.000000e+00 lbm   
    S     = 8.353673e+02 ft^2

Iteration  1:
    MTOW  = 8.926134e+04 lbm   
    OEW   = 5.137148e+04 lbm   
    Wbatt = 2.243847e+03 lbm   
    Wfuel = 1.868385e+04 lbm   
    Wem   = 5.647791e+02 lbm   
    Weg   = 0.000000e+00 lbm   
    S     = 8.353673e+02 ft^2

Iteration  2:
    MTOW  = 8.920347e+04 lbm   
    OEW   = 5.137148e+04 lbm   
    Wbatt = 2.243847e+03 lbm   
    Wfuel = 1.862598e+04 lbm   
    Wem   = 5.647791e+02 lbm   
    Weg   = 0.000000e+00 lbm   
    S     = 8.353673e+02 ft^2

Iteration  3:
    MTOW  = 8.919943e+04 lbm   
    OEW   = 5.137148e+04 lbm   
    Wbatt = 2.243847e+03 lbm   
    Wfuel = 1.862195e+04 lbm   
    Wem   = 5.647791e+02 lbm   
    Weg   = 0.000000e+00 lbm   
    S     = 8.353673e+02 ft^2

Initial Size:          
    MTOW  = 9.126388e+04 lbm   
    Wbatt = 2.243847e+03 lbm   
    Wfuel = 2.068639e+04 lbm   
    S     = 8.353673e+02 ft^2

Iteration  0:
    MTOW  = 8.975186e+04 lbm   
    OEW   = 5.137148e+04 lbm   
    Wbatt = 2.243847e+03 lbm   
    Wfuel = 1.917438e+04 lbm   
    Wem   = 5.647791e+02 lbm   
    Weg   = 0.000000e+00 lbm   
    S     = 8.353673e+02 ft^2

Iteration  1:
    MTOW  = 8.926134e+04 lbm   
    OEW   = 5.137148e+04 lbm   
    Wbatt = 2.243847e+03 lbm   
    Wfuel = 1.868385e+04 lbm   
    Wem   = 5.647791e+02 lbm   
    Weg   = 0.000000e+00 lbm   
    S     = 8.353673e+02 ft^2

Iteration  2:
    MTOW  = 8.920347e+04 lbm   
    OEW   = 5.137148e+04 lbm   
    Wbatt = 2.243847e+03 lbm   
    Wfuel = 1.862598e+04 lbm   
    Wem   = 5.647791e+02 lbm   
    Weg   = 0.000000e+00 lbm   
    S     = 8.353673e+02 ft^2

Iteration  3:
    MTOW  = 8.919943e+04 lbm   
    OEW   = 5.137148e+04 lbm   
    Wbatt = 2.243847e+03 lbm   
    Wfuel = 1.862195e+04 lbm   
    Wem   = 5.647791e+02 lbm   
    Weg   = 0.000000e+00 lbm   
    S     = 8.353673e+02 ft^2

Initial Size:          
    MTOW  = 9.126388e+04 lbm   
    Wbatt = 2.243847e+03 lbm   
    Wfuel = 2.068639e+04 lbm   
    S     = 8.353673e+02 ft^2

Iteration  0:
    MTOW  = 8.975186e+04 lbm   
    OEW   = 5.137148e+04 lbm   
    Wbatt = 2.243847e+03 lbm   
    Wfuel = 1.917438e+04 lbm   
    Wem   = 5.647791e+02 lbm   
    Weg   = 0.000000e+00 lbm   
    S     = 8.353673e+02 ft^2

Iteration  1:
    MTOW  = 8.926134e+04 lbm   
    OEW   = 5.137148e+04 lbm   
    Wbatt = 2.243847e+03 lbm   
    Wfuel = 1.868385e+04 lbm   
    Wem   = 5.647791e+02 lbm   
    Weg   = 0.000000e+00 lbm   
    S     = 8.353673e+02 ft^2

Iteration  2:
    MTOW  = 8.920347e+04 lbm   
    OEW   = 5.137148e+04 lbm   
    Wbatt = 2.243847e+03 lbm   
    Wfuel = 1.862598e+04 lbm   
    Wem   = 5.647791e+02 lbm   
    Weg   = 0.000000e+00 lbm   
    S     = 8.353673e+02 ft^2

Iteration  3:
    MTOW  = 8.919943e+04 lbm   
    OEW   = 5.137148e+04 lbm   
    Wbatt = 2.243847e+03 lbm   
    Wfuel = 1.862195e+04 lbm   
    Wem   = 5.647791e+02 lbm   
    Weg   = 0.000000e+00 lbm   
    S     = 8.353673e+02 ft^2

Initial Size:          
    MTOW  = 9.126388e+04 lbm   
    Wbatt = 2.243847e+03 lbm   
    Wfuel = 2.068639e+04 lbm   
    S     = 8.353673e+02 ft^2

Iteration  0:
    MTOW  = 8.975186e+04 lbm   
    OEW   = 5.137148e+04 lbm   
    Wbatt = 2.243847e+03 lbm   
    Wfuel = 1.917438e+04 lbm   
    Wem   = 5.647791e+02 lbm   
    Weg   = 0.000000e+00 lbm   
    S     = 8.353673e+02 ft^2

Iteration  1:
    MTOW  = 8.926134e+04 lbm   
    OEW   = 5.137148e+04 lbm   
    Wbatt = 2.243847e+03 lbm   
    Wfuel = 1.868385e+04 lbm   
    Wem   = 5.647791e+02 lbm   
    Weg   = 0.000000e+00 lbm   
    S     = 8.353673e+02 ft^2

Iteration  2:
    MTOW  = 8.920347e+04 lbm   
    OEW   = 5.137148e+04 lbm   
    Wbatt = 2.243847e+03 lbm   
    Wfuel = 1.862598e+04 lbm   
    Wem   = 5.647791e+02 lbm   
    Weg   = 0.000000e+00 lbm   
    S     = 8.353673e+02 ft^2

Iteration  3:
    MTOW  = 8.919943e+04 lbm   
    OEW   = 5.137148e+04 lbm   
    Wbatt = 2.243847e+03 lbm   
    Wfuel = 1.862195e+04 lbm   
    Wem   = 5.647791e+02 lbm   
    Weg   = 0.000000e+00 lbm   
    S     = 8.353673e+02 ft^2

Initial Size:          
    MTOW  = 9.126388e+04 lbm   
    Wbatt = 2.243847e+03 lbm   
    Wfuel = 2.068639e+04 lbm   
    S     = 8.353673e+02 ft^2

Iteration  0:
    MTOW  = 8.975186e+04 lbm   
    OEW   = 5.137148e+04 lbm   
    Wbatt = 2.243847e+03 lbm   
    Wfuel = 1.917438e+04 lbm   
    Wem   = 5.647791e+02 lbm   
    Weg   = 0.000000e+00 lbm   
    S     = 8.353673e+02 ft^2

Iteration  1:
    MTOW  = 8.926134e+04 lbm   
    OEW   = 5.137148e+04 lbm   
    Wbatt = 2.243847e+03 lbm   
    Wfuel = 1.868385e+04 lbm   
    Wem   = 5.647791e+02 lbm   
    Weg   = 0.000000e+00 lbm   
    S     = 8.353673e+02 ft^2

Iteration  2:
    MTOW  = 8.920347e+04 lbm   
    OEW   = 5.137148e+04 lbm   
    Wbatt = 2.243847e+03 lbm   
    Wfuel = 1.862598e+04 lbm   
    Wem   = 5.647791e+02 lbm   
    Weg   = 0.000000e+00 lbm   
    S     = 8.353673e+02 ft^2

Iteration  3:
    MTOW  = 8.919943e+04 lbm   
    OEW   = 5.137148e+04 lbm   
    Wbatt = 2.243847e+03 lbm   
    Wfuel = 1.862195e+04 lbm   
    Wem   = 5.647791e+02 lbm   
    Weg   = 0.000000e+00 lbm   
    S     = 8.353673e+02 ft^2

Initial Size:          
    MTOW  = 9.126388e+04 lbm   
    Wbatt = 2.243847e+03 lbm   
    Wfuel = 2.068639e+04 lbm   
    S     = 8.353673e+02 ft^2

Iteration  0:
    MTOW  = 8.975186e+04 lbm   
    OEW   = 5.137148e+04 lbm   
    Wbatt = 2.243847e+03 lbm   
    Wfuel = 1.917438e+04 lbm   
    Wem   = 5.647791e+02 lbm   
    Weg   = 0.000000e+00 lbm   
    S     = 8.353673e+02 ft^2

Iteration  1:
    MTOW  = 8.926134e+04 lbm   
    OEW   = 5.137148e+04 lbm   
    Wbatt = 2.243847e+03 lbm   
    Wfuel = 1.868385e+04 lbm   
    Wem   = 5.647791e+02 lbm   
    Weg   = 0.000000e+00 lbm   
    S     = 8.353673e+02 ft^2

Iteration  2:
    MTOW  = 8.920347e+04 lbm   
    OEW   = 5.137148e+04 lbm   
    Wbatt = 2.243847e+03 lbm   
    Wfuel = 1.862598e+04 lbm   
    Wem   = 5.647791e+02 lbm   
    Weg   = 0.000000e+00 lbm   
    S     = 8.353673e+02 ft^2

Iteration  3:
    MTOW  = 8.919943e+04 lbm   
    OEW   = 5.137148e+04 lbm   
    Wbatt = 2.243847e+03 lbm   
    Wfuel = 1.862195e+04 lbm   
    Wem   = 5.647791e+02 lbm   
    Weg   = 0.000000e+00 lbm   
    S     = 8.353673e+02 ft^2

Initial Size:          
    MTOW  = 9.126388e+04 lbm   
    Wbatt = 2.243847e+03 lbm   
    Wfuel = 2.068639e+04 lbm   
    S     = 8.353673e+02 ft^2

Iteration  0:
    MTOW  = 8.975186e+04 lbm   
    OEW   = 5.137148e+04 lbm   
    Wbatt = 2.243847e+03 lbm   
    Wfuel = 1.917438e+04 lbm   
    Wem   = 5.647791e+02 lbm   
    Weg   = 0.000000e+00 lbm   
    S     = 8.353673e+02 ft^2

Iteration  1:
    MTOW  = 8.926134e+04 lbm   
    OEW   = 5.137148e+04 lbm   
    Wbatt = 2.243847e+03 lbm   
    Wfuel = 1.868385e+04 lbm   
    Wem   = 5.647791e+02 lbm   
    Weg   = 0.000000e+00 lbm   
    S     = 8.353673e+02 ft^2

Iteration  2:
    MTOW  = 8.920347e+04 lbm   
    OEW   = 5.137148e+04 lbm   
    Wbatt = 2.243847e+03 lbm   
    Wfuel = 1.862598e+04 lbm   
    Wem   = 5.647791e+02 lbm   
    Weg   = 0.000000e+00 lbm   
    S     = 8.353673e+02 ft^2

Iteration  3:
    MTOW  = 8.919943e+04 lbm   
    OEW   = 5.137148e+04 lbm   
    Wbatt = 2.243847e+03 lbm   
    Wfuel = 1.862195e+04 lbm   
    Wem   = 5.647791e+02 lbm   
    Weg   = 0.000000e+00 lbm   
    S     = 8.353673e+02 ft^2

Initial Size:          
    MTOW  = 9.126388e+04 lbm   
    Wbatt = 2.243847e+03 lbm   
    Wfuel = 2.068639e+04 lbm   
    S     = 8.353673e+02 ft^2

Iteration  0:
    MTOW  = 8.975186e+04 lbm   
    OEW   = 5.137148e+04 lbm   
    Wbatt = 2.243847e+03 lbm   
    Wfuel = 1.917438e+04 lbm   
    Wem   = 5.647791e+02 lbm   
    Weg   = 0.000000e+00 lbm   
    S     = 8.353673e+02 ft^2

Iteration  1:
    MTOW  = 8.926134e+04 lbm   
    OEW   = 5.137148e+04 lbm   
    Wbatt = 2.243847e+03 lbm   
    Wfuel = 1.868385e+04 lbm   
    Wem   = 5.647791e+02 lbm   
    Weg   = 0.000000e+00 lbm   
    S     = 8.353673e+02 ft^2

Iteration  2:
    MTOW  = 8.920347e+04 lbm   
    OEW   = 5.137148e+04 lbm   
    Wbatt = 2.243847e+03 lbm   
    Wfuel = 1.862598e+04 lbm   
    Wem   = 5.647791e+02 lbm   
    Weg   = 0.000000e+00 lbm   
    S     = 8.353673e+02 ft^2

Iteration  3:
    MTOW  = 8.919943e+04 lbm   
    OEW   = 5.137148e+04 lbm   
    Wbatt = 2.243847e+03 lbm   
    Wfuel = 1.862195e+04 lbm   
    Wem   = 5.647791e+02 lbm   
    Weg   = 0.000000e+00 lbm   
    S     = 8.353673e+02 ft^2

Initial Size:          
    MTOW  = 9.126388e+04 lbm   
    Wbatt = 2.243847e+03 lbm   
    Wfuel = 2.068639e+04 lbm   
    S     = 8.353673e+02 ft^2

Iteration  0:
    MTOW  = 8.975186e+04 lbm   
    OEW   = 5.137148e+04 lbm   
    Wbatt = 2.243847e+03 lbm   
    Wfuel = 1.917438e+04 lbm   
    Wem   = 5.647791e+02 lbm   
    Weg   = 0.000000e+00 lbm   
    S     = 8.353673e+02 ft^2

Iteration  1:
    MTOW  = 8.926134e+04 lbm   
    OEW   = 5.137148e+04 lbm   
    Wbatt = 2.243847e+03 lbm   
    Wfuel = 1.868385e+04 lbm   
    Wem   = 5.647791e+02 lbm   
    Weg   = 0.000000e+00 lbm   
    S     = 8.353673e+02 ft^2

Iteration  2:
    MTOW  = 8.920347e+04 lbm   
    OEW   = 5.137148e+04 lbm   
    Wbatt = 2.243847e+03 lbm   
    Wfuel = 1.862598e+04 lbm   
    Wem   = 5.647791e+02 lbm   
    Weg   = 0.000000e+00 lbm   
    S     = 8.353673e+02 ft^2

Iteration  3:
    MTOW  = 8.919943e+04 lbm   
    OEW   = 5.137148e+04 lbm   
    Wbatt = 2.243847e+03 lbm   
    Wfuel = 1.862195e+04 lbm   
    Wem   = 5.647791e+02 lbm   
    Weg   = 0.000000e+00 lbm   
    S     = 8.353673e+02 ft^2

Initial Size:          
    MTOW  = 9.126388e+04 lbm   
    Wbatt = 2.243847e+03 lbm   
    Wfuel = 2.068639e+04 lbm   
    S     = 8.353673e+02 ft^2

Iteration  0:
    MTOW  = 8.975186e+04 lbm   
    OEW   = 5.137148e+04 lbm   
    Wbatt = 2.243847e+03 lbm   
    Wfuel = 1.917438e+04 lbm   
    Wem   = 5.647791e+02 lbm   
    Weg   = 0.000000e+00 lbm   
    S     = 8.353673e+02 ft^2

Iteration  1:
    MTOW  = 8.926134e+04 lbm   
    OEW   = 5.137148e+04 lbm   
    Wbatt = 2.243847e+03 lbm   
    Wfuel = 1.868385e+04 lbm   
    Wem   = 5.647791e+02 lbm   
    Weg   = 0.000000e+00 lbm   
    S     = 8.353673e+02 ft^2

Iteration  2:
    MTOW  = 8.920347e+04 lbm   
    OEW   = 5.137148e+04 lbm   
    Wbatt = 2.243847e+03 lbm   
    Wfuel = 1.862598e+04 lbm   
    Wem   = 5.647791e+02 lbm   
    Weg   = 0.000000e+00 lbm   
    S     = 8.353673e+02 ft^2

Iteration  3:
    MTOW  = 8.919943e+04 lbm   
    OEW   = 5.137148e+04 lbm   
    Wbatt = 2.243847e+03 lbm   
    Wfuel = 1.862195e+04 lbm   
    Wem   = 5.647791e+02 lbm   
    Weg   = 0.000000e+00 lbm   
    S     = 8.353673e+02 ft^2

Initial Size:          
    MTOW  = 9.126388e+04 lbm   
    Wbatt = 2.243847e+03 lbm   
    Wfuel = 2.068639e+04 lbm   
    S     = 8.353673e+02 ft^2

Iteration  0:
    MTOW  = 8.975186e+04 lbm   
    OEW   = 5.137148e+04 lbm   
    Wbatt = 2.243847e+03 lbm   
    Wfuel = 1.917438e+04 lbm   
    Wem   = 5.647791e+02 lbm   
    Weg   = 0.000000e+00 lbm   
    S     = 8.353673e+02 ft^2

Iteration  1:
    MTOW  = 8.926134e+04 lbm   
    OEW   = 5.137148e+04 lbm   
    Wbatt = 2.243847e+03 lbm   
    Wfuel = 1.868385e+04 lbm   
    Wem   = 5.647791e+02 lbm   
    Weg   = 0.000000e+00 lbm   
    S     = 8.353673e+02 ft^2

Iteration  2:
    MTOW  = 8.920347e+04 lbm   
    OEW   = 5.137148e+04 lbm   
    Wbatt = 2.243847e+03 lbm   
    Wfuel = 1.862598e+04 lbm   
    Wem   = 5.647791e+02 lbm   
    Weg   = 0.000000e+00 lbm   
    S     = 8.353673e+02 ft^2

Iteration  3:
    MTOW  = 8.919943e+04 lbm   
    OEW   = 5.137148e+04 lbm   
    Wbatt = 2.243847e+03 lbm   
    Wfuel = 1.862195e+04 lbm   
    Wem   = 5.647791e+02 lbm   
    Weg   = 0.000000e+00 lbm   
    S     = 8.353673e+02 ft^2

Initial Size:          
    MTOW  = 9.126388e+04 lbm   
    Wbatt = 2.243847e+03 lbm   
    Wfuel = 2.068639e+04 lbm   
    S     = 8.353673e+02 ft^2

Iteration  0:
    MTOW  = 8.975186e+04 lbm   
    OEW   = 5.137148e+04 lbm   
    Wbatt = 2.243847e+03 lbm   
    Wfuel = 1.917438e+04 lbm   
    Wem   = 5.647791e+02 lbm   
    Weg   = 0.000000e+00 lbm   
    S     = 8.353673e+02 ft^2

Iteration  1:
    MTOW  = 8.926134e+04 lbm   
    OEW   = 5.137148e+04 lbm   
    Wbatt = 2.243847e+03 lbm   
    Wfuel = 1.868385e+04 lbm   
    Wem   = 5.647791e+02 lbm   
    Weg   = 0.000000e+00 lbm   
    S     = 8.353673e+02 ft^2

Iteration  2:
    MTOW  = 8.920347e+04 lbm   
    OEW   = 5.137148e+04 lbm   
    Wbatt = 2.243847e+03 lbm   
    Wfuel = 1.862598e+04 lbm   
    Wem   = 5.647791e+02 lbm   
    Weg   = 0.000000e+00 lbm   
    S     = 8.353673e+02 ft^2

Iteration  3:
    MTOW  = 8.919943e+04 lbm   
    OEW   = 5.137148e+04 lbm   
    Wbatt = 2.243847e+03 lbm   
    Wfuel = 1.862195e+04 lbm   
    Wem   = 5.647791e+02 lbm   
    Weg   = 0.000000e+00 lbm   
    S     = 8.353673e+02 ft^2

Initial Size:          
    MTOW  = 9.126388e+04 lbm   
    Wbatt = 2.243847e+03 lbm   
    Wfuel = 2.068639e+04 lbm   
    S     = 8.353673e+02 ft^2

Iteration  0:
    MTOW  = 8.975186e+04 lbm   
    OEW   = 5.137148e+04 lbm   
    Wbatt = 2.243847e+03 lbm   
    Wfuel = 1.917438e+04 lbm   
    Wem   = 5.647791e+02 lbm   
    Weg   = 0.000000e+00 lbm   
    S     = 8.353673e+02 ft^2

Iteration  1:
    MTOW  = 8.926134e+04 lbm   
    OEW   = 5.137148e+04 lbm   
    Wbatt = 2.243847e+03 lbm   
    Wfuel = 1.868385e+04 lbm   
    Wem   = 5.647791e+02 lbm   
    Weg   = 0.000000e+00 lbm   
    S     = 8.353673e+02 ft^2

Iteration  2:
    MTOW  = 8.920347e+04 lbm   
    OEW   = 5.137148e+04 lbm   
    Wbatt = 2.243847e+03 lbm   
    Wfuel = 1.862598e+04 lbm   
    Wem   = 5.647791e+02 lbm   
    Weg   = 0.000000e+00 lbm   
    S     = 8.353673e+02 ft^2

Iteration  3:
    MTOW  = 8.919943e+04 lbm   
    OEW   = 5.137148e+04 lbm   
    Wbatt = 2.243847e+03 lbm   
    Wfuel = 1.862195e+04 lbm   
    Wem   = 5.647791e+02 lbm   
    Weg   = 0.000000e+00 lbm   
    S     = 8.353673e+02 ft^2

Initial Size:          
    MTOW  = 9.126388e+04 lbm   
    Wbatt = 2.243847e+03 lbm   
    Wfuel = 2.068639e+04 lbm   
    S     = 8.353673e+02 ft^2

Iteration  0:
    MTOW  = 8.975186e+04 lbm   
    OEW   = 5.137148e+04 lbm   
    Wbatt = 2.243847e+03 lbm   
    Wfuel = 1.917438e+04 lbm   
    Wem   = 5.647791e+02 lbm   
    Weg   = 0.000000e+00 lbm   
    S     = 8.353673e+02 ft^2

Iteration  1:
    MTOW  = 8.926134e+04 lbm   
    OEW   = 5.137148e+04 lbm   
    Wbatt = 2.243847e+03 lbm   
    Wfuel = 1.868385e+04 lbm   
    Wem   = 5.647791e+02 lbm   
    Weg   = 0.000000e+00 lbm   
    S     = 8.353673e+02 ft^2

Iteration  2:
    MTOW  = 8.920347e+04 lbm   
    OEW   = 5.137148e+04 lbm   
    Wbatt = 2.243847e+03 lbm   
    Wfuel = 1.862598e+04 lbm   
    Wem   = 5.647791e+02 lbm   
    Weg   = 0.000000e+00 lbm   
    S     = 8.353673e+02 ft^2

Iteration  3:
    MTOW  = 8.919943e+04 lbm   
    OEW   = 5.137148e+04 lbm   
    Wbatt = 2.243847e+03 lbm   
    Wfuel = 1.862195e+04 lbm   
    Wem   = 5.647791e+02 lbm   
    Weg   = 0.000000e+00 lbm   
    S     = 8.353673e+02 ft^2

Initial Size:          
    MTOW  = 9.126388e+04 lbm   
    Wbatt = 2.243847e+03 lbm   
    Wfuel = 2.068639e+04 lbm   
    S     = 8.353673e+02 ft^2

Iteration  0:
    MTOW  = 8.975186e+04 lbm   
    OEW   = 5.137148e+04 lbm   
    Wbatt = 2.243847e+03 lbm   
    Wfuel = 1.917438e+04 lbm   
    Wem   = 5.647791e+02 lbm   
    Weg   = 0.000000e+00 lbm   
    S     = 8.353673e+02 ft^2

Iteration  1:
    MTOW  = 8.926134e+04 lbm   
    OEW   = 5.137148e+04 lbm   
    Wbatt = 2.243847e+03 lbm   
    Wfuel = 1.868385e+04 lbm   
    Wem   = 5.647791e+02 lbm   
    Weg   = 0.000000e+00 lbm   
    S     = 8.353673e+02 ft^2

Iteration  2:
    MTOW  = 8.920347e+04 lbm   
    OEW   = 5.137148e+04 lbm   
    Wbatt = 2.243847e+03 lbm   
    Wfuel = 1.862598e+04 lbm   
    Wem   = 5.647791e+02 lbm   
    Weg   = 0.000000e+00 lbm   
    S     = 8.353673e+02 ft^2

Iteration  3:
    MTOW  = 8.919943e+04 lbm   
    OEW   = 5.137148e+04 lbm   
    Wbatt = 2.243847e+03 lbm   
    Wfuel = 1.862195e+04 lbm   
    Wem   = 5.647791e+02 lbm   
    Weg   = 0.000000e+00 lbm   
    S     = 8.353673e+02 ft^2

Initial Size:          
    MTOW  = 9.126388e+04 lbm   
    Wbatt = 2.243847e+03 lbm   
    Wfuel = 2.068639e+04 lbm   
    S     = 8.353673e+02 ft^2

Iteration  0:
    MTOW  = 8.975186e+04 lbm   
    OEW   = 5.137148e+04 lbm   
    Wbatt = 2.243847e+03 lbm   
    Wfuel = 1.917438e+04 lbm   
    Wem   = 5.647791e+02 lbm   
    Weg   = 0.000000e+00 lbm   
    S     = 8.353673e+02 ft^2

Iteration  1:
    MTOW  = 8.926134e+04 lbm   
    OEW   = 5.137148e+04 lbm   
    Wbatt = 2.243847e+03 lbm   
    Wfuel = 1.868385e+04 lbm   
    Wem   = 5.647791e+02 lbm   
    Weg   = 0.000000e+00 lbm   
    S     = 8.353673e+02 ft^2

Iteration  2:
    MTOW  = 8.920347e+04 lbm   
    OEW   = 5.137148e+04 lbm   
    Wbatt = 2.243847e+03 lbm   
    Wfuel = 1.862598e+04 lbm   
    Wem   = 5.647791e+02 lbm   
    Weg   = 0.000000e+00 lbm   
    S     = 8.353673e+02 ft^2

Iteration  3:
    MTOW  = 8.919943e+04 lbm   
    OEW   = 5.137148e+04 lbm   
    Wbatt = 2.243847e+03 lbm   
    Wfuel = 1.862195e+04 lbm   
    Wem   = 5.647791e+02 lbm   
    Weg   = 0.000000e+00 lbm   
    S     = 8.353673e+02 ft^2

Initial Size:          
    MTOW  = 9.126388e+04 lbm   
    Wbatt = 2.243847e+03 lbm   
    Wfuel = 2.068639e+04 lbm   
    S     = 8.353673e+02 ft^2

Iteration  0:
    MTOW  = 8.975186e+04 lbm   
    OEW   = 5.137148e+04 lbm   
    Wbatt = 2.243847e+03 lbm   
    Wfuel = 1.917438e+04 lbm   
    Wem   = 5.647791e+02 lbm   
    Weg   = 0.000000e+00 lbm   
    S     = 8.353673e+02 ft^2

Iteration  1:
    MTOW  = 8.926134e+04 lbm   
    OEW   = 5.137148e+04 lbm   
    Wbatt = 2.243847e+03 lbm   
    Wfuel = 1.868385e+04 lbm   
    Wem   = 5.647791e+02 lbm   
    Weg   = 0.000000e+00 lbm   
    S     = 8.353673e+02 ft^2

Iteration  2:
    MTOW  = 8.920347e+04 lbm   
    OEW   = 5.137148e+04 lbm   
    Wbatt = 2.243847e+03 lbm   
    Wfuel = 1.862598e+04 lbm   
    Wem   = 5.647791e+02 lbm   
    Weg   = 0.000000e+00 lbm   
    S     = 8.353673e+02 ft^2

Iteration  3:
    MTOW  = 8.919943e+04 lbm   
    OEW   = 5.137148e+04 lbm   
    Wbatt = 2.243847e+03 lbm   
    Wfuel = 1.862195e+04 lbm   
    Wem   = 5.647791e+02 lbm   
    Weg   = 0.000000e+00 lbm   
    S     = 8.353673e+02 ft^2

Initial Size:          
    MTOW  = 9.126388e+04 lbm   
    Wbatt = 2.243847e+03 lbm   
    Wfuel = 2.068639e+04 lbm   
    S     = 8.353673e+02 ft^2

Iteration  0:
    MTOW  = 8.975186e+04 lbm   
    OEW   = 5.137148e+04 lbm   
    Wbatt = 2.243847e+03 lbm   
    Wfuel = 1.917438e+04 lbm   
    Wem   = 5.647791e+02 lbm   
    Weg   = 0.000000e+00 lbm   
    S     = 8.353673e+02 ft^2

Iteration  1:
    MTOW  = 8.926134e+04 lbm   
    OEW   = 5.137148e+04 lbm   
    Wbatt = 2.243847e+03 lbm   
    Wfuel = 1.868385e+04 lbm   
    Wem   = 5.647791e+02 lbm   
    Weg   = 0.000000e+00 lbm   
    S     = 8.353673e+02 ft^2

Iteration  2:
    MTOW  = 8.920347e+04 lbm   
    OEW   = 5.137148e+04 lbm   
    Wbatt = 2.243847e+03 lbm   
    Wfuel = 1.862598e+04 lbm   
    Wem   = 5.647791e+02 lbm   
    Weg   = 0.000000e+00 lbm   
    S     = 8.353673e+02 ft^2

Iteration  3:
    MTOW  = 8.919943e+04 lbm   
    OEW   = 5.137148e+04 lbm   
    Wbatt = 2.243847e+03 lbm   
    Wfuel = 1.862195e+04 lbm   
    Wem   = 5.647791e+02 lbm   
    Weg   = 0.000000e+00 lbm   
    S     = 8.353673e+02 ft^2

Initial Size:          
    MTOW  = 9.126388e+04 lbm   
    Wbatt = 2.243847e+03 lbm   
    Wfuel = 2.068639e+04 lbm   
    S     = 8.353673e+02 ft^2

Iteration  0:
    MTOW  = 8.975186e+04 lbm   
    OEW   = 5.137148e+04 lbm   
    Wbatt = 2.243847e+03 lbm   
    Wfuel = 1.917438e+04 lbm   
    Wem   = 5.647791e+02 lbm   
    Weg   = 0.000000e+00 lbm   
    S     = 8.353673e+02 ft^2

Iteration  1:
    MTOW  = 8.926134e+04 lbm   
    OEW   = 5.137148e+04 lbm   
    Wbatt = 2.243847e+03 lbm   
    Wfuel = 1.868385e+04 lbm   
    Wem   = 5.647791e+02 lbm   
    Weg   = 0.000000e+00 lbm   
    S     = 8.353673e+02 ft^2

Iteration  2:
    MTOW  = 8.920347e+04 lbm   
    OEW   = 5.137148e+04 lbm   
    Wbatt = 2.243847e+03 lbm   
    Wfuel = 1.862598e+04 lbm   
    Wem   = 5.647791e+02 lbm   
    Weg   = 0.000000e+00 lbm   
    S     = 8.353673e+02 ft^2

Iteration  3:
    MTOW  = 8.919943e+04 lbm   
    OEW   = 5.137148e+04 lbm   
    Wbatt = 2.243847e+03 lbm   
    Wfuel = 1.862195e+04 lbm   
    Wem   = 5.647791e+02 lbm   
    Weg   = 0.000000e+00 lbm   
    S     = 8.353673e+02 ft^2

Initial Size:          
    MTOW  = 9.126388e+04 lbm   
    Wbatt = 2.243847e+03 lbm   
    Wfuel = 2.068639e+04 lbm   
    S     = 8.353673e+02 ft^2

Iteration  0:
    MTOW  = 8.975186e+04 lbm   
    OEW   = 5.137148e+04 lbm   
    Wbatt = 2.243847e+03 lbm   
    Wfuel = 1.917438e+04 lbm   
    Wem   = 5.647791e+02 lbm   
    Weg   = 0.000000e+00 lbm   
    S     = 8.353673e+02 ft^2

Iteration  1:
    MTOW  = 8.926134e+04 lbm   
    OEW   = 5.137148e+04 lbm   
    Wbatt = 2.243847e+03 lbm   
    Wfuel = 1.868385e+04 lbm   
    Wem   = 5.647791e+02 lbm   
    Weg   = 0.000000e+00 lbm   
    S     = 8.353673e+02 ft^2

Iteration  2:
    MTOW  = 8.920347e+04 lbm   
    OEW   = 5.137148e+04 lbm   
    Wbatt = 2.243847e+03 lbm   
    Wfuel = 1.862598e+04 lbm   
    Wem   = 5.647791e+02 lbm   
    Weg   = 0.000000e+00 lbm   
    S     = 8.353673e+02 ft^2

Iteration  3:
    MTOW  = 8.919943e+04 lbm   
    OEW   = 5.137148e+04 lbm   
    Wbatt = 2.243847e+03 lbm   
    Wfuel = 1.862195e+04 lbm   
    Wem   = 5.647791e+02 lbm   
    Weg   = 0.000000e+00 lbm   
    S     = 8.353673e+02 ft^2

Initial Size:          
    MTOW  = 9.126388e+04 lbm   
    Wbatt = 2.243847e+03 lbm   
    Wfuel = 2.068639e+04 lbm   
    S     = 8.353673e+02 ft^2

Iteration  0:
    MTOW  = 8.975186e+04 lbm   
    OEW   = 5.137148e+04 lbm   
    Wbatt = 2.243847e+03 lbm   
    Wfuel = 1.917438e+04 lbm   
    Wem   = 5.647791e+02 lbm   
    Weg   = 0.000000e+00 lbm   
    S     = 8.353673e+02 ft^2

Iteration  1:
    MTOW  = 8.926134e+04 lbm   
    OEW   = 5.137148e+04 lbm   
    Wbatt = 2.243847e+03 lbm   
    Wfuel = 1.868385e+04 lbm   
    Wem   = 5.647791e+02 lbm   
    Weg   = 0.000000e+00 lbm   
    S     = 8.353673e+02 ft^2

Iteration  2:
    MTOW  = 8.920347e+04 lbm   
    OEW   = 5.137148e+04 lbm   
    Wbatt = 2.243847e+03 lbm   
    Wfuel = 1.862598e+04 lbm   
    Wem   = 5.647791e+02 lbm   
    Weg   = 0.000000e+00 lbm   
    S     = 8.353673e+02 ft^2

Iteration  3:
    MTOW  = 8.919943e+04 lbm   
    OEW   = 5.137148e+04 lbm   
    Wbatt = 2.243847e+03 lbm   
    Wfuel = 1.862195e+04 lbm   
    Wem   = 5.647791e+02 lbm   
    Weg   = 0.000000e+00 lbm   
    S     = 8.353673e+02 ft^2

Initial Size:          
    MTOW  = 9.126388e+04 lbm   
    Wbatt = 2.243847e+03 lbm   
    Wfuel = 2.068639e+04 lbm   
    S     = 8.353673e+02 ft^2

Iteration  0:
    MTOW  = 8.975186e+04 lbm   
    OEW   = 5.137148e+04 lbm   
    Wbatt = 2.243847e+03 lbm   
    Wfuel = 1.917438e+04 lbm   
    Wem   = 5.647791e+02 lbm   
    Weg   = 0.000000e+00 lbm   
    S     = 8.353673e+02 ft^2

Iteration  1:
    MTOW  = 8.926134e+04 lbm   
    OEW   = 5.137148e+04 lbm   
    Wbatt = 2.243847e+03 lbm   
    Wfuel = 1.868385e+04 lbm   
    Wem   = 5.647791e+02 lbm   
    Weg   = 0.000000e+00 lbm   
    S     = 8.353673e+02 ft^2

Iteration  2:
    MTOW  = 8.920347e+04 lbm   
    OEW   = 5.137148e+04 lbm   
    Wbatt = 2.243847e+03 lbm   
    Wfuel = 1.862598e+04 lbm   
    Wem   = 5.647791e+02 lbm   
    Weg   = 0.000000e+00 lbm   
    S     = 8.353673e+02 ft^2

Iteration  3:
    MTOW  = 8.919943e+04 lbm   
    OEW   = 5.137148e+04 lbm   
    Wbatt = 2.243847e+03 lbm   
    Wfuel = 1.862195e+04 lbm   
    Wem   = 5.647791e+02 lbm   
    Weg   = 0.000000e+00 lbm   
    S     = 8.353673e+02 ft^2

Initial Size:          
    MTOW  = 9.126388e+04 lbm   
    Wbatt = 2.243847e+03 lbm   
    Wfuel = 2.068639e+04 lbm   
    S     = 8.353673e+02 ft^2

Iteration  0:
    MTOW  = 8.975186e+04 lbm   
    OEW   = 5.137148e+04 lbm   
    Wbatt = 2.243847e+03 lbm   
    Wfuel = 1.917438e+04 lbm   
    Wem   = 5.647791e+02 lbm   
    Weg   = 0.000000e+00 lbm   
    S     = 8.353673e+02 ft^2

Iteration  1:
    MTOW  = 8.926134e+04 lbm   
    OEW   = 5.137148e+04 lbm   
    Wbatt = 2.243847e+03 lbm   
    Wfuel = 1.868385e+04 lbm   
    Wem   = 5.647791e+02 lbm   
    Weg   = 0.000000e+00 lbm   
    S     = 8.353673e+02 ft^2

Iteration  2:
    MTOW  = 8.920347e+04 lbm   
    OEW   = 5.137148e+04 lbm   
    Wbatt = 2.243847e+03 lbm   
    Wfuel = 1.862598e+04 lbm   
    Wem   = 5.647791e+02 lbm   
    Weg   = 0.000000e+00 lbm   
    S     = 8.353673e+02 ft^2

Iteration  3:
    MTOW  = 8.919943e+04 lbm   
    OEW   = 5.137148e+04 lbm   
    Wbatt = 2.243847e+03 lbm   
    Wfuel = 1.862195e+04 lbm   
    Wem   = 5.647791e+02 lbm   
    Weg   = 0.000000e+00 lbm   
    S     = 8.353673e+02 ft^2

Initial Size:          
    MTOW  = 9.126388e+04 lbm   
    Wbatt = 2.243847e+03 lbm   
    Wfuel = 2.068639e+04 lbm   
    S     = 8.353673e+02 ft^2

Iteration  0:
    MTOW  = 8.975186e+04 lbm   
    OEW   = 5.137148e+04 lbm   
    Wbatt = 2.243847e+03 lbm   
    Wfuel = 1.917438e+04 lbm   
    Wem   = 5.647791e+02 lbm   
    Weg   = 0.000000e+00 lbm   
    S     = 8.353673e+02 ft^2

Iteration  1:
    MTOW  = 8.926134e+04 lbm   
    OEW   = 5.137148e+04 lbm   
    Wbatt = 2.243847e+03 lbm   
    Wfuel = 1.868385e+04 lbm   
    Wem   = 5.647791e+02 lbm   
    Weg   = 0.000000e+00 lbm   
    S     = 8.353673e+02 ft^2

Iteration  2:
    MTOW  = 8.920347e+04 lbm   
    OEW   = 5.137148e+04 lbm   
    Wbatt = 2.243847e+03 lbm   
    Wfuel = 1.862598e+04 lbm   
    Wem   = 5.647791e+02 lbm   
    Weg   = 0.000000e+00 lbm   
    S     = 8.353673e+02 ft^2

Iteration  3:
    MTOW  = 8.919943e+04 lbm   
    OEW   = 5.137148e+04 lbm   
    Wbatt = 2.243847e+03 lbm   
    Wfuel = 1.862195e+04 lbm   
    Wem   = 5.647791e+02 lbm   
    Weg   = 0.000000e+00 lbm   
    S     = 8.353673e+02 ft^2

Initial Size:          
    MTOW  = 9.126388e+04 lbm   
    Wbatt = 2.243847e+03 lbm   
    Wfuel = 2.068639e+04 lbm   
    S     = 8.353673e+02 ft^2

Iteration  0:
    MTOW  = 8.975186e+04 lbm   
    OEW   = 5.137148e+04 lbm   
    Wbatt = 2.243847e+03 lbm   
    Wfuel = 1.917438e+04 lbm   
    Wem   = 5.647791e+02 lbm   
    Weg   = 0.000000e+00 lbm   
    S     = 8.353673e+02 ft^2

Iteration  1:
    MTOW  = 8.926134e+04 lbm   
    OEW   = 5.137148e+04 lbm   
    Wbatt = 2.243847e+03 lbm   
    Wfuel = 1.868385e+04 lbm   
    Wem   = 5.647791e+02 lbm   
    Weg   = 0.000000e+00 lbm   
    S     = 8.353673e+02 ft^2

Iteration  2:
    MTOW  = 8.920347e+04 lbm   
    OEW   = 5.137148e+04 lbm   
    Wbatt = 2.243847e+03 lbm   
    Wfuel = 1.862598e+04 lbm   
    Wem   = 5.647791e+02 lbm   
    Weg   = 0.000000e+00 lbm   
    S     = 8.353673e+02 ft^2

Iteration  3:
    MTOW  = 8.919943e+04 lbm   
    OEW   = 5.137148e+04 lbm   
    Wbatt = 2.243847e+03 lbm   
    Wfuel = 1.862195e+04 lbm   
    Wem   = 5.647791e+02 lbm   
    Weg   = 0.000000e+00 lbm   
    S     = 8.353673e+02 ft^2

Initial Size:          
    MTOW  = 9.126388e+04 lbm   
    Wbatt = 2.243847e+03 lbm   
    Wfuel = 2.068639e+04 lbm   
    S     = 8.353673e+02 ft^2

Iteration  0:
    MTOW  = 8.975186e+04 lbm   
    OEW   = 5.137148e+04 lbm   
    Wbatt = 2.243847e+03 lbm   
    Wfuel = 1.917438e+04 lbm   
    Wem   = 5.647791e+02 lbm   
    Weg   = 0.000000e+00 lbm   
    S     = 8.353673e+02 ft^2

Iteration  1:
    MTOW  = 8.926134e+04 lbm   
    OEW   = 5.137148e+04 lbm   
    Wbatt = 2.243847e+03 lbm   
    Wfuel = 1.868385e+04 lbm   
    Wem   = 5.647791e+02 lbm   
    Weg   = 0.000000e+00 lbm   
    S     = 8.353673e+02 ft^2

Iteration  2:
    MTOW  = 8.920347e+04 lbm   
    OEW   = 5.137148e+04 lbm   
    Wbatt = 2.243847e+03 lbm   
    Wfuel = 1.862598e+04 lbm   
    Wem   = 5.647791e+02 lbm   
    Weg   = 0.000000e+00 lbm   
    S     = 8.353673e+02 ft^2

Iteration  3:
    MTOW  = 8.919943e+04 lbm   
    OEW   = 5.137148e+04 lbm   
    Wbatt = 2.243847e+03 lbm   
    Wfuel = 1.862195e+04 lbm   
    Wem   = 5.647791e+02 lbm   
    Weg   = 0.000000e+00 lbm   
    S     = 8.353673e+02 ft^2

Initial Size:          
    MTOW  = 9.126388e+04 lbm   
    Wbatt = 2.243847e+03 lbm   
    Wfuel = 2.068639e+04 lbm   
    S     = 8.353673e+02 ft^2

Iteration  0:
    MTOW  = 8.975186e+04 lbm   
    OEW   = 5.137148e+04 lbm   
    Wbatt = 2.243847e+03 lbm   
    Wfuel = 1.917438e+04 lbm   
    Wem   = 5.647791e+02 lbm   
    Weg   = 0.000000e+00 lbm   
    S     = 8.353673e+02 ft^2

Iteration  1:
    MTOW  = 8.926134e+04 lbm   
    OEW   = 5.137148e+04 lbm   
    Wbatt = 2.243847e+03 lbm   
    Wfuel = 1.868385e+04 lbm   
    Wem   = 5.647791e+02 lbm   
    Weg   = 0.000000e+00 lbm   
    S     = 8.353673e+02 ft^2

Iteration  2:
    MTOW  = 8.920347e+04 lbm   
    OEW   = 5.137148e+04 lbm   
    Wbatt = 2.243847e+03 lbm   
    Wfuel = 1.862598e+04 lbm   
    Wem   = 5.647791e+02 lbm   
    Weg   = 0.000000e+00 lbm   
    S     = 8.353673e+02 ft^2

Iteration  3:
    MTOW  = 8.919943e+04 lbm   
    OEW   = 5.137148e+04 lbm   
    Wbatt = 2.243847e+03 lbm   
    Wfuel = 1.862195e+04 lbm   
    Wem   = 5.647791e+02 lbm   
    Weg   = 0.000000e+00 lbm   
    S     = 8.353673e+02 ft^2

Initial Size:          
    MTOW  = 9.126388e+04 lbm   
    Wbatt = 2.243847e+03 lbm   
    Wfuel = 2.068639e+04 lbm   
    S     = 8.353673e+02 ft^2

Iteration  0:
    MTOW  = 8.975186e+04 lbm   
    OEW   = 5.137148e+04 lbm   
    Wbatt = 2.243847e+03 lbm   
    Wfuel = 1.917438e+04 lbm   
    Wem   = 5.647791e+02 lbm   
    Weg   = 0.000000e+00 lbm   
    S     = 8.353673e+02 ft^2

Iteration  1:
    MTOW  = 8.926134e+04 lbm   
    OEW   = 5.137148e+04 lbm   
    Wbatt = 2.243847e+03 lbm   
    Wfuel = 1.868385e+04 lbm   
    Wem   = 5.647791e+02 lbm   
    Weg   = 0.000000e+00 lbm   
    S     = 8.353673e+02 ft^2

Iteration  2:
    MTOW  = 8.920347e+04 lbm   
    OEW   = 5.137148e+04 lbm   
    Wbatt = 2.243847e+03 lbm   
    Wfuel = 1.862598e+04 lbm   
    Wem   = 5.647791e+02 lbm   
    Weg   = 0.000000e+00 lbm   
    S     = 8.353673e+02 ft^2

Iteration  3:
    MTOW  = 8.919943e+04 lbm   
    OEW   = 5.137148e+04 lbm   
    Wbatt = 2.243847e+03 lbm   
    Wfuel = 1.862195e+04 lbm   
    Wem   = 5.647791e+02 lbm   
    Weg   = 0.000000e+00 lbm   
    S     = 8.353673e+02 ft^2

Initial Size:          
    MTOW  = 9.126388e+04 lbm   
    Wbatt = 2.243847e+03 lbm   
    Wfuel = 2.068639e+04 lbm   
    S     = 8.353673e+02 ft^2

Iteration  0:
    MTOW  = 8.975186e+04 lbm   
    OEW   = 5.137148e+04 lbm   
    Wbatt = 2.243847e+03 lbm   
    Wfuel = 1.917438e+04 lbm   
    Wem   = 5.647791e+02 lbm   
    Weg   = 0.000000e+00 lbm   
    S     = 8.353673e+02 ft^2

Iteration  1:
    MTOW  = 8.926134e+04 lbm   
    OEW   = 5.137148e+04 lbm   
    Wbatt = 2.243847e+03 lbm   
    Wfuel = 1.868385e+04 lbm   
    Wem   = 5.647791e+02 lbm   
    Weg   = 0.000000e+00 lbm   
    S     = 8.353673e+02 ft^2

Iteration  2:
    MTOW  = 8.920347e+04 lbm   
    OEW   = 5.137148e+04 lbm   
    Wbatt = 2.243847e+03 lbm   
    Wfuel = 1.862598e+04 lbm   
    Wem   = 5.647791e+02 lbm   
    Weg   = 0.000000e+00 lbm   
    S     = 8.353673e+02 ft^2

Iteration  3:
    MTOW  = 8.919943e+04 lbm   
    OEW   = 5.137148e+04 lbm   
    Wbatt = 2.243847e+03 lbm   
    Wfuel = 1.862195e+04 lbm   
    Wem   = 5.647791e+02 lbm   
    Weg   = 0.000000e+00 lbm   
    S     = 8.353673e+02 ft^2

Initial Size:          
    MTOW  = 9.126388e+04 lbm   
    Wbatt = 2.243847e+03 lbm   
    Wfuel = 2.068639e+04 lbm   
    S     = 8.353673e+02 ft^2

Iteration  0:
    MTOW  = 8.975186e+04 lbm   
    OEW   = 5.137148e+04 lbm   
    Wbatt = 2.243847e+03 lbm   
    Wfuel = 1.917438e+04 lbm   
    Wem   = 5.647791e+02 lbm   
    Weg   = 0.000000e+00 lbm   
    S     = 8.353673e+02 ft^2

Iteration  1:
    MTOW  = 8.926134e+04 lbm   
    OEW   = 5.137148e+04 lbm   
    Wbatt = 2.243847e+03 lbm   
    Wfuel = 1.868385e+04 lbm   
    Wem   = 5.647791e+02 lbm   
    Weg   = 0.000000e+00 lbm   
    S     = 8.353673e+02 ft^2

Iteration  2:
    MTOW  = 8.920347e+04 lbm   
    OEW   = 5.137148e+04 lbm   
    Wbatt = 2.243847e+03 lbm   
    Wfuel = 1.862598e+04 lbm   
    Wem   = 5.647791e+02 lbm   
    Weg   = 0.000000e+00 lbm   
    S     = 8.353673e+02 ft^2

Iteration  3:
    MTOW  = 8.919943e+04 lbm   
    OEW   = 5.137148e+04 lbm   
    Wbatt = 2.243847e+03 lbm   
    Wfuel = 1.862195e+04 lbm   
    Wem   = 5.647791e+02 lbm   
    Weg   = 0.000000e+00 lbm   
    S     = 8.353673e+02 ft^2

Initial Size:          
    MTOW  = 9.126388e+04 lbm   
    Wbatt = 2.243847e+03 lbm   
    Wfuel = 2.068639e+04 lbm   
    S     = 8.353673e+02 ft^2

Iteration  0:
    MTOW  = 8.975186e+04 lbm   
    OEW   = 5.137148e+04 lbm   
    Wbatt = 2.243847e+03 lbm   
    Wfuel = 1.917438e+04 lbm   
    Wem   = 5.647791e+02 lbm   
    Weg   = 0.000000e+00 lbm   
    S     = 8.353673e+02 ft^2

Iteration  1:
    MTOW  = 8.926134e+04 lbm   
    OEW   = 5.137148e+04 lbm   
    Wbatt = 2.243847e+03 lbm   
    Wfuel = 1.868385e+04 lbm   
    Wem   = 5.647791e+02 lbm   
    Weg   = 0.000000e+00 lbm   
    S     = 8.353673e+02 ft^2

Iteration  2:
    MTOW  = 8.920347e+04 lbm   
    OEW   = 5.137148e+04 lbm   
    Wbatt = 2.243847e+03 lbm   
    Wfuel = 1.862598e+04 lbm   
    Wem   = 5.647791e+02 lbm   
    Weg   = 0.000000e+00 lbm   
    S     = 8.353673e+02 ft^2

Iteration  3:
    MTOW  = 8.919943e+04 lbm   
    OEW   = 5.137148e+04 lbm   
    Wbatt = 2.243847e+03 lbm   
    Wfuel = 1.862195e+04 lbm   
    Wem   = 5.647791e+02 lbm   
    Weg   = 0.000000e+00 lbm   
    S     = 8.353673e+02 ft^2

Initial Size:          
    MTOW  = 9.126388e+04 lbm   
    Wbatt = 2.243847e+03 lbm   
    Wfuel = 2.068639e+04 lbm   
    S     = 8.353673e+02 ft^2

Iteration  0:
    MTOW  = 8.975186e+04 lbm   
    OEW   = 5.137148e+04 lbm   
    Wbatt = 2.243847e+03 lbm   
    Wfuel = 1.917438e+04 lbm   
    Wem   = 5.647791e+02 lbm   
    Weg   = 0.000000e+00 lbm   
    S     = 8.353673e+02 ft^2

Iteration  1:
    MTOW  = 8.926134e+04 lbm   
    OEW   = 5.137148e+04 lbm   
    Wbatt = 2.243847e+03 lbm   
    Wfuel = 1.868385e+04 lbm   
    Wem   = 5.647791e+02 lbm   
    Weg   = 0.000000e+00 lbm   
    S     = 8.353673e+02 ft^2

Iteration  2:
    MTOW  = 8.920347e+04 lbm   
    OEW   = 5.137148e+04 lbm   
    Wbatt = 2.243847e+03 lbm   
    Wfuel = 1.862598e+04 lbm   
    Wem   = 5.647791e+02 lbm   
    Weg   = 0.000000e+00 lbm   
    S     = 8.353673e+02 ft^2

Iteration  3:
    MTOW  = 8.919943e+04 lbm   
    OEW   = 5.137148e+04 lbm   
    Wbatt = 2.243847e+03 lbm   
    Wfuel = 1.862195e+04 lbm   
    Wem   = 5.647791e+02 lbm   
    Weg   = 0.000000e+00 lbm   
    S     = 8.353673e+02 ft^2

Initial Size:          
    MTOW  = 9.126388e+04 lbm   
    Wbatt = 2.243847e+03 lbm   
    Wfuel = 2.068639e+04 lbm   
    S     = 8.353673e+02 ft^2

Iteration  0:
    MTOW  = 8.975186e+04 lbm   
    OEW   = 5.137148e+04 lbm   
    Wbatt = 2.243847e+03 lbm   
    Wfuel = 1.917438e+04 lbm   
    Wem   = 5.647791e+02 lbm   
    Weg   = 0.000000e+00 lbm   
    S     = 8.353673e+02 ft^2

Iteration  1:
    MTOW  = 8.926134e+04 lbm   
    OEW   = 5.137148e+04 lbm   
    Wbatt = 2.243847e+03 lbm   
    Wfuel = 1.868385e+04 lbm   
    Wem   = 5.647791e+02 lbm   
    Weg   = 0.000000e+00 lbm   
    S     = 8.353673e+02 ft^2

Iteration  2:
    MTOW  = 8.920347e+04 lbm   
    OEW   = 5.137148e+04 lbm   
    Wbatt = 2.243847e+03 lbm   
    Wfuel = 1.862598e+04 lbm   
    Wem   = 5.647791e+02 lbm   
    Weg   = 0.000000e+00 lbm   
    S     = 8.353673e+02 ft^2

Iteration  3:
    MTOW  = 8.919943e+04 lbm   
    OEW   = 5.137148e+04 lbm   
    Wbatt = 2.243847e+03 lbm   
    Wfuel = 1.862195e+04 lbm   
    Wem   = 5.647791e+02 lbm   
    Weg   = 0.000000e+00 lbm   
    S     = 8.353673e+02 ft^2

Initial Size:          
    MTOW  = 9.126388e+04 lbm   
    Wbatt = 2.243847e+03 lbm   
    Wfuel = 2.068639e+04 lbm   
    S     = 8.353673e+02 ft^2

Iteration  0:
    MTOW  = 8.975186e+04 lbm   
    OEW   = 5.137148e+04 lbm   
    Wbatt = 2.243847e+03 lbm   
    Wfuel = 1.917438e+04 lbm   
    Wem   = 5.647791e+02 lbm   
    Weg   = 0.000000e+00 lbm   
    S     = 8.353673e+02 ft^2

Iteration  1:
    MTOW  = 8.926134e+04 lbm   
    OEW   = 5.137148e+04 lbm   
    Wbatt = 2.243847e+03 lbm   
    Wfuel = 1.868385e+04 lbm   
    Wem   = 5.647791e+02 lbm   
    Weg   = 0.000000e+00 lbm   
    S     = 8.353673e+02 ft^2

Iteration  2:
    MTOW  = 8.920347e+04 lbm   
    OEW   = 5.137148e+04 lbm   
    Wbatt = 2.243847e+03 lbm   
    Wfuel = 1.862598e+04 lbm   
    Wem   = 5.647791e+02 lbm   
    Weg   = 0.000000e+00 lbm   
    S     = 8.353673e+02 ft^2

Iteration  3:
    MTOW  = 8.919943e+04 lbm   
    OEW   = 5.137148e+04 lbm   
    Wbatt = 2.243847e+03 lbm   
    Wfuel = 1.862195e+04 lbm   
    Wem   = 5.647791e+02 lbm   
    Weg   = 0.000000e+00 lbm   
    S     = 8.353673e+02 ft^2

Initial Size:          
    MTOW  = 9.126388e+04 lbm   
    Wbatt = 2.243847e+03 lbm   
    Wfuel = 2.068639e+04 lbm   
    S     = 8.353673e+02 ft^2

Iteration  0:
    MTOW  = 8.975186e+04 lbm   
    OEW   = 5.137148e+04 lbm   
    Wbatt = 2.243847e+03 lbm   
    Wfuel = 1.917438e+04 lbm   
    Wem   = 5.647791e+02 lbm   
    Weg   = 0.000000e+00 lbm   
    S     = 8.353673e+02 ft^2

Iteration  1:
    MTOW  = 8.926134e+04 lbm   
    OEW   = 5.137148e+04 lbm   
    Wbatt = 2.243847e+03 lbm   
    Wfuel = 1.868385e+04 lbm   
    Wem   = 5.647791e+02 lbm   
    Weg   = 0.000000e+00 lbm   
    S     = 8.353673e+02 ft^2

Iteration  2:
    MTOW  = 8.920347e+04 lbm   
    OEW   = 5.137148e+04 lbm   
    Wbatt = 2.243847e+03 lbm   
    Wfuel = 1.862598e+04 lbm   
    Wem   = 5.647791e+02 lbm   
    Weg   = 0.000000e+00 lbm   
    S     = 8.353673e+02 ft^2

Iteration  3:
    MTOW  = 8.919943e+04 lbm   
    OEW   = 5.137148e+04 lbm   
    Wbatt = 2.243847e+03 lbm   
    Wfuel = 1.862195e+04 lbm   
    Wem   = 5.647791e+02 lbm   
    Weg   = 0.000000e+00 lbm   
    S     = 8.353673e+02 ft^2

Initial Size:          
    MTOW  = 9.126388e+04 lbm   
    Wbatt = 2.243847e+03 lbm   
    Wfuel = 2.068639e+04 lbm   
    S     = 8.353673e+02 ft^2

Iteration  0:
    MTOW  = 8.975186e+04 lbm   
    OEW   = 5.137148e+04 lbm   
    Wbatt = 2.243847e+03 lbm   
    Wfuel = 1.917438e+04 lbm   
    Wem   = 5.647791e+02 lbm   
    Weg   = 0.000000e+00 lbm   
    S     = 8.353673e+02 ft^2

Iteration  1:
    MTOW  = 8.926134e+04 lbm   
    OEW   = 5.137148e+04 lbm   
    Wbatt = 2.243847e+03 lbm   
    Wfuel = 1.868385e+04 lbm   
    Wem   = 5.647791e+02 lbm   
    Weg   = 0.000000e+00 lbm   
    S     = 8.353673e+02 ft^2

Iteration  2:
    MTOW  = 8.920347e+04 lbm   
    OEW   = 5.137148e+04 lbm   
    Wbatt = 2.243847e+03 lbm   
    Wfuel = 1.862598e+04 lbm   
    Wem   = 5.647791e+02 lbm   
    Weg   = 0.000000e+00 lbm   
    S     = 8.353673e+02 ft^2

Iteration  3:
    MTOW  = 8.919943e+04 lbm   
    OEW   = 5.137148e+04 lbm   
    Wbatt = 2.243847e+03 lbm   
    Wfuel = 1.862195e+04 lbm   
    Wem   = 5.647791e+02 lbm   
    Weg   = 0.000000e+00 lbm   
    S     = 8.353673e+02 ft^2

Initial Size:          
    MTOW  = 9.126388e+04 lbm   
    Wbatt = 2.243847e+03 lbm   
    Wfuel = 2.068639e+04 lbm   
    S     = 8.353673e+02 ft^2

Iteration  0:
    MTOW  = 8.975186e+04 lbm   
    OEW   = 5.137148e+04 lbm   
    Wbatt = 2.243847e+03 lbm   
    Wfuel = 1.917438e+04 lbm   
    Wem   = 5.647791e+02 lbm   
    Weg   = 0.000000e+00 lbm   
    S     = 8.353673e+02 ft^2

Iteration  1:
    MTOW  = 8.926134e+04 lbm   
    OEW   = 5.137148e+04 lbm   
    Wbatt = 2.243847e+03 lbm   
    Wfuel = 1.868385e+04 lbm   
    Wem   = 5.647791e+02 lbm   
    Weg   = 0.000000e+00 lbm   
    S     = 8.353673e+02 ft^2

Iteration  2:
    MTOW  = 8.920347e+04 lbm   
    OEW   = 5.137148e+04 lbm   
    Wbatt = 2.243847e+03 lbm   
    Wfuel = 1.862598e+04 lbm   
    Wem   = 5.647791e+02 lbm   
    Weg   = 0.000000e+00 lbm   
    S     = 8.353673e+02 ft^2

Iteration  3:
    MTOW  = 8.919943e+04 lbm   
    OEW   = 5.137148e+04 lbm   
    Wbatt = 2.243847e+03 lbm   
    Wfuel = 1.862195e+04 lbm   
    Wem   = 5.647791e+02 lbm   
    Weg   = 0.000000e+00 lbm   
    S     = 8.353673e+02 ft^2

Initial Size:          
    MTOW  = 9.126388e+04 lbm   
    Wbatt = 2.243847e+03 lbm   
    Wfuel = 2.068639e+04 lbm   
    S     = 8.353673e+02 ft^2

Iteration  0:
    MTOW  = 8.975186e+04 lbm   
    OEW   = 5.137148e+04 lbm   
    Wbatt = 2.243847e+03 lbm   
    Wfuel = 1.917438e+04 lbm   
    Wem   = 5.647791e+02 lbm   
    Weg   = 0.000000e+00 lbm   
    S     = 8.353673e+02 ft^2

Iteration  1:
    MTOW  = 8.926134e+04 lbm   
    OEW   = 5.137148e+04 lbm   
    Wbatt = 2.243847e+03 lbm   
    Wfuel = 1.868385e+04 lbm   
    Wem   = 5.647791e+02 lbm   
    Weg   = 0.000000e+00 lbm   
    S     = 8.353673e+02 ft^2

Iteration  2:
    MTOW  = 8.920347e+04 lbm   
    OEW   = 5.137148e+04 lbm   
    Wbatt = 2.243847e+03 lbm   
    Wfuel = 1.862598e+04 lbm   
    Wem   = 5.647791e+02 lbm   
    Weg   = 0.000000e+00 lbm   
    S     = 8.353673e+02 ft^2

Iteration  3:
    MTOW  = 8.919943e+04 lbm   
    OEW   = 5.137148e+04 lbm   
    Wbatt = 2.243847e+03 lbm   
    Wfuel = 1.862195e+04 lbm   
    Wem   = 5.647791e+02 lbm   
    Weg   = 0.000000e+00 lbm   
    S     = 8.353673e+02 ft^2

Initial Size:          
    MTOW  = 9.126388e+04 lbm   
    Wbatt = 2.243847e+03 lbm   
    Wfuel = 2.068639e+04 lbm   
    S     = 8.353673e+02 ft^2

Iteration  0:
    MTOW  = 8.975186e+04 lbm   
    OEW   = 5.137148e+04 lbm   
    Wbatt = 2.243847e+03 lbm   
    Wfuel = 1.917438e+04 lbm   
    Wem   = 5.647791e+02 lbm   
    Weg   = 0.000000e+00 lbm   
    S     = 8.353673e+02 ft^2

Iteration  1:
    MTOW  = 8.926134e+04 lbm   
    OEW   = 5.137148e+04 lbm   
    Wbatt = 2.243847e+03 lbm   
    Wfuel = 1.868385e+04 lbm   
    Wem   = 5.647791e+02 lbm   
    Weg   = 0.000000e+00 lbm   
    S     = 8.353673e+02 ft^2

Iteration  2:
    MTOW  = 8.920347e+04 lbm   
    OEW   = 5.137148e+04 lbm   
    Wbatt = 2.243847e+03 lbm   
    Wfuel = 1.862598e+04 lbm   
    Wem   = 5.647791e+02 lbm   
    Weg   = 0.000000e+00 lbm   
    S     = 8.353673e+02 ft^2

Iteration  3:
    MTOW  = 8.919943e+04 lbm   
    OEW   = 5.137148e+04 lbm   
    Wbatt = 2.243847e+03 lbm   
    Wfuel = 1.862195e+04 lbm   
    Wem   = 5.647791e+02 lbm   
    Weg   = 0.000000e+00 lbm   
    S     = 8.353673e+02 ft^2

    4         274    8.446773e+03     0.000e+00     1.384e-02     2.225e-02     3.367e+03  
Initial Size:          
    MTOW  = 9.126388e+04 lbm   
    Wbatt = 2.243847e+03 lbm   
    Wfuel = 2.068639e+04 lbm   
    S     = 8.353673e+02 ft^2

Iteration  0:
    MTOW  = 9.058722e+04 lbm   
    OEW   = 5.137148e+04 lbm   
    Wbatt = 2.243847e+03 lbm   
    Wfuel = 2.000973e+04 lbm   
    Wem   = 1.142727e+03 lbm   
    Weg   = 0.000000e+00 lbm   
    S     = 8.353673e+02 ft^2

Iteration  1:
    MTOW  = 9.018809e+04 lbm   
    OEW   = 5.137148e+04 lbm   
    Wbatt = 2.243847e+03 lbm   
    Wfuel = 1.961060e+04 lbm   
    Wem   = 1.142727e+03 lbm   
    Weg   = 0.000000e+00 lbm   
    S     = 8.353673e+02 ft^2

Iteration  2:
    MTOW  = 9.001322e+04 lbm   
    OEW   = 5.137148e+04 lbm   
    Wbatt = 2.243847e+03 lbm   
    Wfuel = 1.943573e+04 lbm   
    Wem   = 1.142727e+03 lbm   
    Weg   = 0.000000e+00 lbm   
    S     = 8.353673e+02 ft^2

Iteration  3:
    MTOW  = 8.994461e+04 lbm   
    OEW   = 5.137148e+04 lbm   
    Wbatt = 2.243847e+03 lbm   
    Wfuel = 1.936712e+04 lbm   
    Wem   = 1.142727e+03 lbm   
    Weg   = 0.000000e+00 lbm   
    S     = 8.353673e+02 ft^2

Iteration  4:
    MTOW  = 8.976474e+04 lbm   
    OEW   = 5.137148e+04 lbm   
    Wbatt = 2.243847e+03 lbm   
    Wfuel = 1.918726e+04 lbm   
    Wem   = 1.142727e+03 lbm   
    Weg   = 0.000000e+00 lbm   
    S     = 8.353673e+02 ft^2

Iteration  5:
    MTOW  = 8.975769e+04 lbm   
    OEW   = 5.137148e+04 lbm   
    Wbatt = 2.243847e+03 lbm   
    Wfuel = 1.918021e+04 lbm   
    Wem   = 1.142727e+03 lbm   
    Weg   = 0.000000e+00 lbm   
    S     = 8.353673e+02 ft^2

Initial Size:          
    MTOW  = 9.126388e+04 lbm   
    Wbatt = 2.243847e+03 lbm   
    Wfuel = 2.068639e+04 lbm   
    S     = 8.353673e+02 ft^2

Iteration  0:
    MTOW  = 9.001827e+04 lbm   
    OEW   = 5.137148e+04 lbm   
    Wbatt = 2.243847e+03 lbm   
    Wfuel = 1.944079e+04 lbm   
    Wem   = 9.680494e+02 lbm   
    Weg   = 0.000000e+00 lbm   
    S     = 8.353673e+02 ft^2

Iteration  1:
    MTOW  = 8.974943e+04 lbm   
    OEW   = 5.137148e+04 lbm   
    Wbatt = 2.243847e+03 lbm   
    Wfuel = 1.917194e+04 lbm   
    Wem   = 9.680494e+02 lbm   
    Weg   = 0.000000e+00 lbm   
    S     = 8.353673e+02 ft^2

Iteration  2:
    MTOW  = 8.968816e+04 lbm   
    OEW   = 5.137148e+04 lbm   
    Wbatt = 2.243847e+03 lbm   
    Wfuel = 1.911067e+04 lbm   
    Wem   = 9.680494e+02 lbm   
    Weg   = 0.000000e+00 lbm   
    S     = 8.353673e+02 ft^2

Iteration  3:
    MTOW  = 8.967224e+04 lbm   
    OEW   = 5.137148e+04 lbm   
    Wbatt = 2.243847e+03 lbm   
    Wfuel = 1.909476e+04 lbm   
    Wem   = 9.680494e+02 lbm   
    Weg   = 0.000000e+00 lbm   
    S     = 8.353673e+02 ft^2

Initial Size:          
    MTOW  = 9.126388e+04 lbm   
    Wbatt = 2.243847e+03 lbm   
    Wfuel = 2.068639e+04 lbm   
    S     = 8.353673e+02 ft^2

Iteration  0:
    MTOW  = 8.978800e+04 lbm   
    OEW   = 5.137148e+04 lbm   
    Wbatt = 2.243847e+03 lbm   
    Wfuel = 1.921052e+04 lbm   
    Wem   = 8.463664e+02 lbm   
    Weg   = 0.000000e+00 lbm   
    S     = 8.353673e+02 ft^2

Iteration  1:
    MTOW  = 8.963170e+04 lbm   
    OEW   = 5.137148e+04 lbm   
    Wbatt = 2.243847e+03 lbm   
    Wfuel = 1.905422e+04 lbm   
    Wem   = 8.463664e+02 lbm   
    Weg   = 0.000000e+00 lbm   
    S     = 8.353673e+02 ft^2

Iteration  2:
    MTOW  = 8.960661e+04 lbm   
    OEW   = 5.137148e+04 lbm   
    Wbatt = 2.243847e+03 lbm   
    Wfuel = 1.902912e+04 lbm   
    Wem   = 8.463664e+02 lbm   
    Weg   = 0.000000e+00 lbm   
    S     = 8.353673e+02 ft^2

Iteration  3:
    MTOW  = 8.960073e+04 lbm   
    OEW   = 5.137148e+04 lbm   
    Wbatt = 2.243847e+03 lbm   
    Wfuel = 1.902325e+04 lbm   
    Wem   = 8.463664e+02 lbm   
    Weg   = 0.000000e+00 lbm   
    S     = 8.353673e+02 ft^2

Initial Size:          
    MTOW  = 9.126388e+04 lbm   
    Wbatt = 2.243847e+03 lbm   
    Wfuel = 2.068639e+04 lbm   
    S     = 8.353673e+02 ft^2

Iteration  0:
    MTOW  = 8.979557e+04 lbm   
    OEW   = 5.137148e+04 lbm   
    Wbatt = 2.243847e+03 lbm   
    Wfuel = 1.921809e+04 lbm   
    Wem   = 7.615175e+02 lbm   
    Weg   = 0.000000e+00 lbm   
    S     = 8.353673e+02 ft^2

Iteration  1:
    MTOW  = 8.954788e+04 lbm   
    OEW   = 5.137148e+04 lbm   
    Wbatt = 2.243847e+03 lbm   
    Wfuel = 1.897040e+04 lbm   
    Wem   = 7.615175e+02 lbm   
    Weg   = 0.000000e+00 lbm   
    S     = 8.353673e+02 ft^2

Iteration  2:
    MTOW  = 8.950721e+04 lbm   
    OEW   = 5.137148e+04 lbm   
    Wbatt = 2.243847e+03 lbm   
    Wfuel = 1.892973e+04 lbm   
    Wem   = 7.615175e+02 lbm   
    Weg   = 0.000000e+00 lbm   
    S     = 8.353673e+02 ft^2

Iteration  3:
    MTOW  = 8.949823e+04 lbm   
    OEW   = 5.137148e+04 lbm   
    Wbatt = 2.243847e+03 lbm   
    Wfuel = 1.892074e+04 lbm   
    Wem   = 7.615175e+02 lbm   
    Weg   = 0.000000e+00 lbm   
    S     = 8.353673e+02 ft^2

Initial Size:          
    MTOW  = 9.126388e+04 lbm   
    Wbatt = 2.243847e+03 lbm   
    Wfuel = 2.068639e+04 lbm   
    S     = 8.353673e+02 ft^2

Iteration  0:
    MTOW  = 8.986313e+04 lbm   
    OEW   = 5.137148e+04 lbm   
    Wbatt = 2.243847e+03 lbm   
    Wfuel = 1.928564e+04 lbm   
    Wem   = 7.023019e+02 lbm   
    Weg   = 0.000000e+00 lbm   
    S     = 8.353673e+02 ft^2

Iteration  1:
    MTOW  = 8.950159e+04 lbm   
    OEW   = 5.137148e+04 lbm   
    Wbatt = 2.243847e+03 lbm   
    Wfuel = 1.892410e+04 lbm   
    Wem   = 7.023019e+02 lbm   
    Weg   = 0.000000e+00 lbm   
    S     = 8.353673e+02 ft^2

Iteration  2:
    MTOW  = 8.945005e+04 lbm   
    OEW   = 5.137148e+04 lbm   
    Wbatt = 2.243847e+03 lbm   
    Wfuel = 1.887257e+04 lbm   
    Wem   = 7.023019e+02 lbm   
    Weg   = 0.000000e+00 lbm   
    S     = 8.353673e+02 ft^2

Iteration  3:
    MTOW  = 8.943429e+04 lbm   
    OEW   = 5.137148e+04 lbm   
    Wbatt = 2.243847e+03 lbm   
    Wfuel = 1.885680e+04 lbm   
    Wem   = 7.023019e+02 lbm   
    Weg   = 0.000000e+00 lbm   
    S     = 8.353673e+02 ft^2

Initial Size:          
    MTOW  = 9.126388e+04 lbm   
    Wbatt = 2.243847e+03 lbm   
    Wfuel = 2.068639e+04 lbm   
    S     = 8.353673e+02 ft^2

Iteration  0:
    MTOW  = 8.977717e+04 lbm   
    OEW   = 5.137148e+04 lbm   
    Wbatt = 2.243847e+03 lbm   
    Wfuel = 1.919969e+04 lbm   
    Wem   = 6.609454e+02 lbm   
    Weg   = 0.000000e+00 lbm   
    S     = 8.353673e+02 ft^2

Iteration  1:
    MTOW  = 8.954482e+04 lbm   
    OEW   = 5.137148e+04 lbm   
    Wbatt = 2.243847e+03 lbm   
    Wfuel = 1.896733e+04 lbm   
    Wem   = 6.609454e+02 lbm   
    Weg   = 0.000000e+00 lbm   
    S     = 8.353673e+02 ft^2

Iteration  2:
    MTOW  = 8.950440e+04 lbm   
    OEW   = 5.137148e+04 lbm   
    Wbatt = 2.243847e+03 lbm   
    Wfuel = 1.892691e+04 lbm   
    Wem   = 6.609454e+02 lbm   
    Weg   = 0.000000e+00 lbm   
    S     = 8.353673e+02 ft^2

Iteration  3:
    MTOW  = 8.950072e+04 lbm   
    OEW   = 5.137148e+04 lbm   
    Wbatt = 2.243847e+03 lbm   
    Wfuel = 1.892324e+04 lbm   
    Wem   = 6.609454e+02 lbm   
    Weg   = 0.000000e+00 lbm   
    S     = 8.353673e+02 ft^2

Initial Size:          
    MTOW  = 9.126388e+04 lbm   
    Wbatt = 2.243847e+03 lbm   
    Wfuel = 2.068639e+04 lbm   
    S     = 8.353673e+02 ft^2

Iteration  0:
    MTOW  = 8.951025e+04 lbm   
    OEW   = 5.137148e+04 lbm   
    Wbatt = 2.243847e+03 lbm   
    Wfuel = 1.893277e+04 lbm   
    Wem   = 6.320451e+02 lbm   
    Weg   = 0.000000e+00 lbm   
    S     = 8.353673e+02 ft^2

Iteration  1:
    MTOW  = 8.944696e+04 lbm   
    OEW   = 5.137148e+04 lbm   
    Wbatt = 2.243847e+03 lbm   
    Wfuel = 1.886947e+04 lbm   
    Wem   = 6.320451e+02 lbm   
    Weg   = 0.000000e+00 lbm   
    S     = 8.353673e+02 ft^2

Iteration  2:
    MTOW  = 8.943621e+04 lbm   
    OEW   = 5.137148e+04 lbm   
    Wbatt = 2.243847e+03 lbm   
    Wfuel = 1.885873e+04 lbm   
    Wem   = 6.320451e+02 lbm   
    Weg   = 0.000000e+00 lbm   
    S     = 8.353673e+02 ft^2

Initial Size:          
    MTOW  = 9.126388e+04 lbm   
    Wbatt = 2.243847e+03 lbm   
    Wfuel = 2.068639e+04 lbm   
    S     = 8.353673e+02 ft^2

Iteration  0:
    MTOW  = 8.969070e+04 lbm   
    OEW   = 5.137148e+04 lbm   
    Wbatt = 2.243847e+03 lbm   
    Wfuel = 1.911321e+04 lbm   
    Wem   = 6.118399e+02 lbm   
    Weg   = 0.000000e+00 lbm   
    S     = 8.353673e+02 ft^2

Iteration  1:
    MTOW  = 8.948558e+04 lbm   
    OEW   = 5.137148e+04 lbm   
    Wbatt = 2.243847e+03 lbm   
    Wfuel = 1.890809e+04 lbm   
    Wem   = 6.118399e+02 lbm   
    Weg   = 0.000000e+00 lbm   
    S     = 8.353673e+02 ft^2

Iteration  2:
    MTOW  = 8.944610e+04 lbm   
    OEW   = 5.137148e+04 lbm   
    Wbatt = 2.243847e+03 lbm   
    Wfuel = 1.886861e+04 lbm   
    Wem   = 6.118399e+02 lbm   
    Weg   = 0.000000e+00 lbm   
    S     = 8.353673e+02 ft^2

Iteration  3:
    MTOW  = 8.944288e+04 lbm   
    OEW   = 5.137148e+04 lbm   
    Wbatt = 2.243847e+03 lbm   
    Wfuel = 1.886540e+04 lbm   
    Wem   = 6.118399e+02 lbm   
    Weg   = 0.000000e+00 lbm   
    S     = 8.353673e+02 ft^2

Initial Size:          
    MTOW  = 9.126388e+04 lbm   
    Wbatt = 2.243847e+03 lbm   
    Wfuel = 2.068639e+04 lbm   
    S     = 8.353673e+02 ft^2

Iteration  0:
    MTOW  = 8.969092e+04 lbm   
    OEW   = 5.137148e+04 lbm   
    Wbatt = 2.243847e+03 lbm   
    Wfuel = 1.911343e+04 lbm   
    Wem   = 5.977090e+02 lbm   
    Weg   = 0.000000e+00 lbm   
    S     = 8.353673e+02 ft^2

Iteration  1:
    MTOW  = 8.923695e+04 lbm   
    OEW   = 5.137148e+04 lbm   
    Wbatt = 2.243847e+03 lbm   
    Wfuel = 1.865946e+04 lbm   
    Wem   = 5.977090e+02 lbm   
    Weg   = 0.000000e+00 lbm   
    S     = 8.353673e+02 ft^2

Iteration  2:
    MTOW  = 8.941517e+04 lbm   
    OEW   = 5.137148e+04 lbm   
    Wbatt = 2.243847e+03 lbm   
    Wfuel = 1.883768e+04 lbm   
    Wem   = 5.977090e+02 lbm   
    Weg   = 0.000000e+00 lbm   
    S     = 8.353673e+02 ft^2

Iteration  3:
    MTOW  = 8.943945e+04 lbm   
    OEW   = 5.137148e+04 lbm   
    Wbatt = 2.243847e+03 lbm   
    Wfuel = 1.886196e+04 lbm   
    Wem   = 5.977090e+02 lbm   
    Weg   = 0.000000e+00 lbm   
    S     = 8.353673e+02 ft^2

Iteration  4:
    MTOW  = 8.944208e+04 lbm   
    OEW   = 5.137148e+04 lbm   
    Wbatt = 2.243847e+03 lbm   
    Wfuel = 1.886459e+04 lbm   
    Wem   = 5.977090e+02 lbm   
    Weg   = 0.000000e+00 lbm   
    S     = 8.353673e+02 ft^2

Initial Size:          
    MTOW  = 9.126388e+04 lbm   
    Wbatt = 2.243847e+03 lbm   
    Wfuel = 2.068639e+04 lbm   
    S     = 8.353673e+02 ft^2

Iteration  0:
    MTOW  = 8.969910e+04 lbm   
    OEW   = 5.137148e+04 lbm   
    Wbatt = 2.243847e+03 lbm   
    Wfuel = 1.912161e+04 lbm   
    Wem   = 5.878238e+02 lbm   
    Weg   = 0.000000e+00 lbm   
    S     = 8.353673e+02 ft^2

Iteration  1:
    MTOW  = 8.924146e+04 lbm   
    OEW   = 5.137148e+04 lbm   
    Wbatt = 2.243847e+03 lbm   
    Wfuel = 1.866397e+04 lbm   
    Wem   = 5.878238e+02 lbm   
    Weg   = 0.000000e+00 lbm   
    S     = 8.353673e+02 ft^2

Iteration  2:
    MTOW  = 8.941982e+04 lbm   
    OEW   = 5.137148e+04 lbm   
    Wbatt = 2.243847e+03 lbm   
    Wfuel = 1.884233e+04 lbm   
    Wem   = 5.878238e+02 lbm   
    Weg   = 0.000000e+00 lbm   
    S     = 8.353673e+02 ft^2

Iteration  3:
    MTOW  = 8.920915e+04 lbm   
    OEW   = 5.137148e+04 lbm   
    Wbatt = 2.243847e+03 lbm   
    Wfuel = 1.863166e+04 lbm   
    Wem   = 5.878238e+02 lbm   
    Weg   = 0.000000e+00 lbm   
    S     = 8.353673e+02 ft^2

Iteration  4:
    MTOW  = 8.941552e+04 lbm   
    OEW   = 5.137148e+04 lbm   
    Wbatt = 2.243847e+03 lbm   
    Wfuel = 1.883803e+04 lbm   
    Wem   = 5.878238e+02 lbm   
    Weg   = 0.000000e+00 lbm   
    S     = 8.353673e+02 ft^2

Iteration  5:
    MTOW  = 8.920832e+04 lbm   
    OEW   = 5.137148e+04 lbm   
    Wbatt = 2.243847e+03 lbm   
    Wfuel = 1.863083e+04 lbm   
    Wem   = 5.878238e+02 lbm   
    Weg   = 0.000000e+00 lbm   
    S     = 8.353673e+02 ft^2

Iteration  6:
    MTOW  = 8.941535e+04 lbm   
    OEW   = 5.137148e+04 lbm   
    Wbatt = 2.243847e+03 lbm   
    Wfuel = 1.883786e+04 lbm   
    Wem   = 5.878238e+02 lbm   
    Weg   = 0.000000e+00 lbm   
    S     = 8.353673e+02 ft^2

Iteration  7:
    MTOW  = 8.920828e+04 lbm   
    OEW   = 5.137148e+04 lbm   
    Wbatt = 2.243847e+03 lbm   
    Wfuel = 1.863080e+04 lbm   
    Wem   = 5.878238e+02 lbm   
    Weg   = 0.000000e+00 lbm   
    S     = 8.353673e+02 ft^2

Iteration  8:
    MTOW  = 8.941534e+04 lbm   
    OEW   = 5.137148e+04 lbm   
    Wbatt = 2.243847e+03 lbm   
    Wfuel = 1.883785e+04 lbm   
    Wem   = 5.878238e+02 lbm   
    Weg   = 0.000000e+00 lbm   
    S     = 8.353673e+02 ft^2

Iteration  9:
    MTOW  = 8.920828e+04 lbm   
    OEW   = 5.137148e+04 lbm   
    Wbatt = 2.243847e+03 lbm   
    Wfuel = 1.863080e+04 lbm   
    Wem   = 5.878238e+02 lbm   
    Weg   = 0.000000e+00 lbm   
    S     = 8.353673e+02 ft^2

Iteration 10:
    MTOW  = 8.941534e+04 lbm   
    OEW   = 5.137148e+04 lbm   
    Wbatt = 2.243847e+03 lbm   
    Wfuel = 1.883785e+04 lbm   
    Wem   = 5.878238e+02 lbm   
    Weg   = 0.000000e+00 lbm   
    S     = 8.353673e+02 ft^2

Iteration 11:
    MTOW  = 8.920828e+04 lbm   
    OEW   = 5.137148e+04 lbm   
    Wbatt = 2.243847e+03 lbm   
    Wfuel = 1.863080e+04 lbm   
    Wem   = 5.878238e+02 lbm   
    Weg   = 0.000000e+00 lbm   
    S     = 8.353673e+02 ft^2

Iteration 12:
    MTOW  = 8.941534e+04 lbm   
    OEW   = 5.137148e+04 lbm   
    Wbatt = 2.243847e+03 lbm   
    Wfuel = 1.883785e+04 lbm   
    Wem   = 5.878238e+02 lbm   
    Weg   = 0.000000e+00 lbm   
    S     = 8.353673e+02 ft^2

Iteration 13:
    MTOW  = 8.920828e+04 lbm   
    OEW   = 5.137148e+04 lbm   
    Wbatt = 2.243847e+03 lbm   
    Wfuel = 1.863080e+04 lbm   
    Wem   = 5.878238e+02 lbm   
    Weg   = 0.000000e+00 lbm   
    S     = 8.353673e+02 ft^2

Iteration 14:
    MTOW  = 8.941534e+04 lbm   
    OEW   = 5.137148e+04 lbm   
    Wbatt = 2.243847e+03 lbm   
    Wfuel = 1.883785e+04 lbm   
    Wem   = 5.878238e+02 lbm   
    Weg   = 0.000000e+00 lbm   
    S     = 8.353673e+02 ft^2

Iteration 15:
    MTOW  = 8.920828e+04 lbm   
    OEW   = 5.137148e+04 lbm   
    Wbatt = 2.243847e+03 lbm   
    Wfuel = 1.863080e+04 lbm   
    Wem   = 5.878238e+02 lbm   
    Weg   = 0.000000e+00 lbm   
    S     = 8.353673e+02 ft^2

Iteration 16:
    MTOW  = 8.941534e+04 lbm   
    OEW   = 5.137148e+04 lbm   
    Wbatt = 2.243847e+03 lbm   
    Wfuel = 1.883785e+04 lbm   
    Wem   = 5.878238e+02 lbm   
    Weg   = 0.000000e+00 lbm   
    S     = 8.353673e+02 ft^2

Iteration 17:
    MTOW  = 8.920828e+04 lbm   
    OEW   = 5.137148e+04 lbm   
    Wbatt = 2.243847e+03 lbm   
    Wfuel = 1.863080e+04 lbm   
    Wem   = 5.878238e+02 lbm   
    Weg   = 0.000000e+00 lbm   
    S     = 8.353673e+02 ft^2

Iteration 18:
    MTOW  = 8.941534e+04 lbm   
    OEW   = 5.137148e+04 lbm   
    Wbatt = 2.243847e+03 lbm   
    Wfuel = 1.883785e+04 lbm   
    Wem   = 5.878238e+02 lbm   
    Weg   = 0.000000e+00 lbm   
    S     = 8.353673e+02 ft^2

Iteration 19:
    MTOW  = 8.920828e+04 lbm   
    OEW   = 5.137148e+04 lbm   
    Wbatt = 2.243847e+03 lbm   
    Wfuel = 1.863080e+04 lbm   
    Wem   = 5.878238e+02 lbm   
    Weg   = 0.000000e+00 lbm   
    S     = 8.353673e+02 ft^2

Iteration 20:
    MTOW  = 8.941534e+04 lbm   
    OEW   = 5.137148e+04 lbm   
    Wbatt = 2.243847e+03 lbm   
    Wfuel = 1.883785e+04 lbm   
    Wem   = 5.878238e+02 lbm   
    Weg   = 0.000000e+00 lbm   
    S     = 8.353673e+02 ft^2

Iteration 21:
    MTOW  = 8.920828e+04 lbm   
    OEW   = 5.137148e+04 lbm   
    Wbatt = 2.243847e+03 lbm   
    Wfuel = 1.863080e+04 lbm   
    Wem   = 5.878238e+02 lbm   
    Weg   = 0.000000e+00 lbm   
    S     = 8.353673e+02 ft^2

Iteration 22:
    MTOW  = 8.941534e+04 lbm   
    OEW   = 5.137148e+04 lbm   
    Wbatt = 2.243847e+03 lbm   
    Wfuel = 1.883785e+04 lbm   
    Wem   = 5.878238e+02 lbm   
    Weg   = 0.000000e+00 lbm   
    S     = 8.353673e+02 ft^2

Iteration 23:
    MTOW  = 8.920828e+04 lbm   
    OEW   = 5.137148e+04 lbm   
    Wbatt = 2.243847e+03 lbm   
    Wfuel = 1.863080e+04 lbm   
    Wem   = 5.878238e+02 lbm   
    Weg   = 0.000000e+00 lbm   
    S     = 8.353673e+02 ft^2

Iteration 24:
    MTOW  = 8.941534e+04 lbm   
    OEW   = 5.137148e+04 lbm   
    Wbatt = 2.243847e+03 lbm   
    Wfuel = 1.883785e+04 lbm   
    Wem   = 5.878238e+02 lbm   
    Weg   = 0.000000e+00 lbm   
    S     = 8.353673e+02 ft^2

Iteration 25:
    MTOW  = 8.920828e+04 lbm   
    OEW   = 5.137148e+04 lbm   
    Wbatt = 2.243847e+03 lbm   
    Wfuel = 1.863080e+04 lbm   
    Wem   = 5.878238e+02 lbm   
    Weg   = 0.000000e+00 lbm   
    S     = 8.353673e+02 ft^2

Iteration 26:
    MTOW  = 8.941534e+04 lbm   
    OEW   = 5.137148e+04 lbm   
    Wbatt = 2.243847e+03 lbm   
    Wfuel = 1.883785e+04 lbm   
    Wem   = 5.878238e+02 lbm   
    Weg   = 0.000000e+00 lbm   
    S     = 8.353673e+02 ft^2

Iteration 27:
    MTOW  = 8.920828e+04 lbm   
    OEW   = 5.137148e+04 lbm   
    Wbatt = 2.243847e+03 lbm   
    Wfuel = 1.863080e+04 lbm   
    Wem   = 5.878238e+02 lbm   
    Weg   = 0.000000e+00 lbm   
    S     = 8.353673e+02 ft^2

Iteration 28:
    MTOW  = 8.941534e+04 lbm   
    OEW   = 5.137148e+04 lbm   
    Wbatt = 2.243847e+03 lbm   
    Wfuel = 1.883785e+04 lbm   
    Wem   = 5.878238e+02 lbm   
    Weg   = 0.000000e+00 lbm   
    S     = 8.353673e+02 ft^2

Iteration 29:
    MTOW  = 8.920828e+04 lbm   
    OEW   = 5.137148e+04 lbm   
    Wbatt = 2.243847e+03 lbm   
    Wfuel = 1.863080e+04 lbm   
    Wem   = 5.878238e+02 lbm   
    Weg   = 0.000000e+00 lbm   
    S     = 8.353673e+02 ft^2

Initial Size:          
    MTOW  = 9.126388e+04 lbm   
    Wbatt = 2.243847e+03 lbm   
    Wfuel = 2.068639e+04 lbm   
    S     = 8.353673e+02 ft^2

Iteration  0:
    MTOW  = 8.971114e+04 lbm   
    OEW   = 5.137148e+04 lbm   
    Wbatt = 2.243847e+03 lbm   
    Wfuel = 1.913366e+04 lbm   
    Wem   = 5.809072e+02 lbm   
    Weg   = 0.000000e+00 lbm   
    S     = 8.353673e+02 ft^2

Iteration  1:
    MTOW  = 8.924366e+04 lbm   
    OEW   = 5.137148e+04 lbm   
    Wbatt = 2.243847e+03 lbm   
    Wfuel = 1.866617e+04 lbm   
    Wem   = 5.809072e+02 lbm   
    Weg   = 0.000000e+00 lbm   
    S     = 8.353673e+02 ft^2

Iteration  2:
    MTOW  = 8.942308e+04 lbm   
    OEW   = 5.137148e+04 lbm   
    Wbatt = 2.243847e+03 lbm   
    Wfuel = 1.884560e+04 lbm   
    Wem   = 5.809072e+02 lbm   
    Weg   = 0.000000e+00 lbm   
    S     = 8.353673e+02 ft^2

Iteration  3:
    MTOW  = 8.920994e+04 lbm   
    OEW   = 5.137148e+04 lbm   
    Wbatt = 2.243847e+03 lbm   
    Wfuel = 1.863245e+04 lbm   
    Wem   = 5.809072e+02 lbm   
    Weg   = 0.000000e+00 lbm   
    S     = 8.353673e+02 ft^2

Iteration  4:
    MTOW  = 8.942109e+04 lbm   
    OEW   = 5.137148e+04 lbm   
    Wbatt = 2.243847e+03 lbm   
    Wfuel = 1.884360e+04 lbm   
    Wem   = 5.809072e+02 lbm   
    Weg   = 0.000000e+00 lbm   
    S     = 8.353673e+02 ft^2

Iteration  5:
    MTOW  = 8.920955e+04 lbm   
    OEW   = 5.137148e+04 lbm   
    Wbatt = 2.243847e+03 lbm   
    Wfuel = 1.863207e+04 lbm   
    Wem   = 5.809072e+02 lbm   
    Weg   = 0.000000e+00 lbm   
    S     = 8.353673e+02 ft^2

Iteration  6:
    MTOW  = 8.942101e+04 lbm   
    OEW   = 5.137148e+04 lbm   
    Wbatt = 2.243847e+03 lbm   
    Wfuel = 1.884352e+04 lbm   
    Wem   = 5.809072e+02 lbm   
    Weg   = 0.000000e+00 lbm   
    S     = 8.353673e+02 ft^2

Iteration  7:
    MTOW  = 8.920954e+04 lbm   
    OEW   = 5.137148e+04 lbm   
    Wbatt = 2.243847e+03 lbm   
    Wfuel = 1.863205e+04 lbm   
    Wem   = 5.809072e+02 lbm   
    Weg   = 0.000000e+00 lbm   
    S     = 8.353673e+02 ft^2

Iteration  8:
    MTOW  = 8.942101e+04 lbm   
    OEW   = 5.137148e+04 lbm   
    Wbatt = 2.243847e+03 lbm   
    Wfuel = 1.884352e+04 lbm   
    Wem   = 5.809072e+02 lbm   
    Weg   = 0.000000e+00 lbm   
    S     = 8.353673e+02 ft^2

Iteration  9:
    MTOW  = 8.920954e+04 lbm   
    OEW   = 5.137148e+04 lbm   
    Wbatt = 2.243847e+03 lbm   
    Wfuel = 1.863205e+04 lbm   
    Wem   = 5.809072e+02 lbm   
    Weg   = 0.000000e+00 lbm   
    S     = 8.353673e+02 ft^2

Iteration 10:
    MTOW  = 8.942101e+04 lbm   
    OEW   = 5.137148e+04 lbm   
    Wbatt = 2.243847e+03 lbm   
    Wfuel = 1.884352e+04 lbm   
    Wem   = 5.809072e+02 lbm   
    Weg   = 0.000000e+00 lbm   
    S     = 8.353673e+02 ft^2

Iteration 11:
    MTOW  = 8.920954e+04 lbm   
    OEW   = 5.137148e+04 lbm   
    Wbatt = 2.243847e+03 lbm   
    Wfuel = 1.863205e+04 lbm   
    Wem   = 5.809072e+02 lbm   
    Weg   = 0.000000e+00 lbm   
    S     = 8.353673e+02 ft^2

Iteration 12:
    MTOW  = 8.942101e+04 lbm   
    OEW   = 5.137148e+04 lbm   
    Wbatt = 2.243847e+03 lbm   
    Wfuel = 1.884352e+04 lbm   
    Wem   = 5.809072e+02 lbm   
    Weg   = 0.000000e+00 lbm   
    S     = 8.353673e+02 ft^2

Iteration 13:
    MTOW  = 8.920954e+04 lbm   
    OEW   = 5.137148e+04 lbm   
    Wbatt = 2.243847e+03 lbm   
    Wfuel = 1.863205e+04 lbm   
    Wem   = 5.809072e+02 lbm   
    Weg   = 0.000000e+00 lbm   
    S     = 8.353673e+02 ft^2

Iteration 14:
    MTOW  = 8.942101e+04 lbm   
    OEW   = 5.137148e+04 lbm   
    Wbatt = 2.243847e+03 lbm   
    Wfuel = 1.884352e+04 lbm   
    Wem   = 5.809072e+02 lbm   
    Weg   = 0.000000e+00 lbm   
    S     = 8.353673e+02 ft^2

Iteration 15:
    MTOW  = 8.920954e+04 lbm   
    OEW   = 5.137148e+04 lbm   
    Wbatt = 2.243847e+03 lbm   
    Wfuel = 1.863205e+04 lbm   
    Wem   = 5.809072e+02 lbm   
    Weg   = 0.000000e+00 lbm   
    S     = 8.353673e+02 ft^2

Iteration 16:
    MTOW  = 8.942101e+04 lbm   
    OEW   = 5.137148e+04 lbm   
    Wbatt = 2.243847e+03 lbm   
    Wfuel = 1.884352e+04 lbm   
    Wem   = 5.809072e+02 lbm   
    Weg   = 0.000000e+00 lbm   
    S     = 8.353673e+02 ft^2

Iteration 17:
    MTOW  = 8.920954e+04 lbm   
    OEW   = 5.137148e+04 lbm   
    Wbatt = 2.243847e+03 lbm   
    Wfuel = 1.863205e+04 lbm   
    Wem   = 5.809072e+02 lbm   
    Weg   = 0.000000e+00 lbm   
    S     = 8.353673e+02 ft^2

Iteration 18:
    MTOW  = 8.942101e+04 lbm   
    OEW   = 5.137148e+04 lbm   
    Wbatt = 2.243847e+03 lbm   
    Wfuel = 1.884352e+04 lbm   
    Wem   = 5.809072e+02 lbm   
    Weg   = 0.000000e+00 lbm   
    S     = 8.353673e+02 ft^2

Iteration 19:
    MTOW  = 8.920954e+04 lbm   
    OEW   = 5.137148e+04 lbm   
    Wbatt = 2.243847e+03 lbm   
    Wfuel = 1.863205e+04 lbm   
    Wem   = 5.809072e+02 lbm   
    Weg   = 0.000000e+00 lbm   
    S     = 8.353673e+02 ft^2

Iteration 20:
    MTOW  = 8.942101e+04 lbm   
    OEW   = 5.137148e+04 lbm   
    Wbatt = 2.243847e+03 lbm   
    Wfuel = 1.884352e+04 lbm   
    Wem   = 5.809072e+02 lbm   
    Weg   = 0.000000e+00 lbm   
    S     = 8.353673e+02 ft^2

Iteration 21:
    MTOW  = 8.920954e+04 lbm   
    OEW   = 5.137148e+04 lbm   
    Wbatt = 2.243847e+03 lbm   
    Wfuel = 1.863205e+04 lbm   
    Wem   = 5.809072e+02 lbm   
    Weg   = 0.000000e+00 lbm   
    S     = 8.353673e+02 ft^2

Iteration 22:
    MTOW  = 8.942101e+04 lbm   
    OEW   = 5.137148e+04 lbm   
    Wbatt = 2.243847e+03 lbm   
    Wfuel = 1.884352e+04 lbm   
    Wem   = 5.809072e+02 lbm   
    Weg   = 0.000000e+00 lbm   
    S     = 8.353673e+02 ft^2

Iteration 23:
    MTOW  = 8.920954e+04 lbm   
    OEW   = 5.137148e+04 lbm   
    Wbatt = 2.243847e+03 lbm   
    Wfuel = 1.863205e+04 lbm   
    Wem   = 5.809072e+02 lbm   
    Weg   = 0.000000e+00 lbm   
    S     = 8.353673e+02 ft^2

Iteration 24:
    MTOW  = 8.942101e+04 lbm   
    OEW   = 5.137148e+04 lbm   
    Wbatt = 2.243847e+03 lbm   
    Wfuel = 1.884352e+04 lbm   
    Wem   = 5.809072e+02 lbm   
    Weg   = 0.000000e+00 lbm   
    S     = 8.353673e+02 ft^2

Iteration 25:
    MTOW  = 8.920954e+04 lbm   
    OEW   = 5.137148e+04 lbm   
    Wbatt = 2.243847e+03 lbm   
    Wfuel = 1.863205e+04 lbm   
    Wem   = 5.809072e+02 lbm   
    Weg   = 0.000000e+00 lbm   
    S     = 8.353673e+02 ft^2

Iteration 26:
    MTOW  = 8.942101e+04 lbm   
    OEW   = 5.137148e+04 lbm   
    Wbatt = 2.243847e+03 lbm   
    Wfuel = 1.884352e+04 lbm   
    Wem   = 5.809072e+02 lbm   
    Weg   = 0.000000e+00 lbm   
    S     = 8.353673e+02 ft^2

Iteration 27:
    MTOW  = 8.920954e+04 lbm   
    OEW   = 5.137148e+04 lbm   
    Wbatt = 2.243847e+03 lbm   
    Wfuel = 1.863205e+04 lbm   
    Wem   = 5.809072e+02 lbm   
    Weg   = 0.000000e+00 lbm   
    S     = 8.353673e+02 ft^2

Iteration 28:
    MTOW  = 8.942101e+04 lbm   
    OEW   = 5.137148e+04 lbm   
    Wbatt = 2.243847e+03 lbm   
    Wfuel = 1.884352e+04 lbm   
    Wem   = 5.809072e+02 lbm   
    Weg   = 0.000000e+00 lbm   
    S     = 8.353673e+02 ft^2

Iteration 29:
    MTOW  = 8.920954e+04 lbm   
    OEW   = 5.137148e+04 lbm   
    Wbatt = 2.243847e+03 lbm   
    Wfuel = 1.863205e+04 lbm   
    Wem   = 5.809072e+02 lbm   
    Weg   = 0.000000e+00 lbm   
    S     = 8.353673e+02 ft^2

Initial Size:          
    MTOW  = 9.126388e+04 lbm   
    Wbatt = 2.243847e+03 lbm   
    Wfuel = 2.068639e+04 lbm   
    S     = 8.353673e+02 ft^2

Iteration  0:
    MTOW  = 8.972113e+04 lbm   
    OEW   = 5.137148e+04 lbm   
    Wbatt = 2.243847e+03 lbm   
    Wfuel = 1.914365e+04 lbm   
    Wem   = 5.760673e+02 lbm   
    Weg   = 0.000000e+00 lbm   
    S     = 8.353673e+02 ft^2

Iteration  1:
    MTOW  = 8.925073e+04 lbm   
    OEW   = 5.137148e+04 lbm   
    Wbatt = 2.243847e+03 lbm   
    Wfuel = 1.867324e+04 lbm   
    Wem   = 5.760673e+02 lbm   
    Weg   = 0.000000e+00 lbm   
    S     = 8.353673e+02 ft^2

Iteration  2:
    MTOW  = 8.919613e+04 lbm   
    OEW   = 5.137148e+04 lbm   
    Wbatt = 2.243847e+03 lbm   
    Wfuel = 1.861865e+04 lbm   
    Wem   = 5.760673e+02 lbm   
    Weg   = 0.000000e+00 lbm   
    S     = 8.353673e+02 ft^2

Iteration  3:
    MTOW  = 8.941888e+04 lbm   
    OEW   = 5.137148e+04 lbm   
    Wbatt = 2.243847e+03 lbm   
    Wfuel = 1.884139e+04 lbm   
    Wem   = 5.760673e+02 lbm   
    Weg   = 0.000000e+00 lbm   
    S     = 8.353673e+02 ft^2

Iteration  4:
    MTOW  = 8.921434e+04 lbm   
    OEW   = 5.137148e+04 lbm   
    Wbatt = 2.243847e+03 lbm   
    Wfuel = 1.863685e+04 lbm   
    Wem   = 5.760673e+02 lbm   
    Weg   = 0.000000e+00 lbm   
    S     = 8.353673e+02 ft^2

Iteration  5:
    MTOW  = 8.942256e+04 lbm   
    OEW   = 5.137148e+04 lbm   
    Wbatt = 2.243847e+03 lbm   
    Wfuel = 1.884508e+04 lbm   
    Wem   = 5.760673e+02 lbm   
    Weg   = 0.000000e+00 lbm   
    S     = 8.353673e+02 ft^2

Iteration  6:
    MTOW  = 8.921505e+04 lbm   
    OEW   = 5.137148e+04 lbm   
    Wbatt = 2.243847e+03 lbm   
    Wfuel = 1.863757e+04 lbm   
    Wem   = 5.760673e+02 lbm   
    Weg   = 0.000000e+00 lbm   
    S     = 8.353673e+02 ft^2

Iteration  7:
    MTOW  = 8.942271e+04 lbm   
    OEW   = 5.137148e+04 lbm   
    Wbatt = 2.243847e+03 lbm   
    Wfuel = 1.884522e+04 lbm   
    Wem   = 5.760673e+02 lbm   
    Weg   = 0.000000e+00 lbm   
    S     = 8.353673e+02 ft^2

Iteration  8:
    MTOW  = 8.921508e+04 lbm   
    OEW   = 5.137148e+04 lbm   
    Wbatt = 2.243847e+03 lbm   
    Wfuel = 1.863759e+04 lbm   
    Wem   = 5.760673e+02 lbm   
    Weg   = 0.000000e+00 lbm   
    S     = 8.353673e+02 ft^2

Iteration  9:
    MTOW  = 8.942271e+04 lbm   
    OEW   = 5.137148e+04 lbm   
    Wbatt = 2.243847e+03 lbm   
    Wfuel = 1.884523e+04 lbm   
    Wem   = 5.760673e+02 lbm   
    Weg   = 0.000000e+00 lbm   
    S     = 8.353673e+02 ft^2

Iteration 10:
    MTOW  = 8.921508e+04 lbm   
    OEW   = 5.137148e+04 lbm   
    Wbatt = 2.243847e+03 lbm   
    Wfuel = 1.863760e+04 lbm   
    Wem   = 5.760673e+02 lbm   
    Weg   = 0.000000e+00 lbm   
    S     = 8.353673e+02 ft^2

Iteration 11:
    MTOW  = 8.942271e+04 lbm   
    OEW   = 5.137148e+04 lbm   
    Wbatt = 2.243847e+03 lbm   
    Wfuel = 1.884523e+04 lbm   
    Wem   = 5.760673e+02 lbm   
    Weg   = 0.000000e+00 lbm   
    S     = 8.353673e+02 ft^2

Iteration 12:
    MTOW  = 8.921508e+04 lbm   
    OEW   = 5.137148e+04 lbm   
    Wbatt = 2.243847e+03 lbm   
    Wfuel = 1.863760e+04 lbm   
    Wem   = 5.760673e+02 lbm   
    Weg   = 0.000000e+00 lbm   
    S     = 8.353673e+02 ft^2

Iteration 13:
    MTOW  = 8.942271e+04 lbm   
    OEW   = 5.137148e+04 lbm   
    Wbatt = 2.243847e+03 lbm   
    Wfuel = 1.884523e+04 lbm   
    Wem   = 5.760673e+02 lbm   
    Weg   = 0.000000e+00 lbm   
    S     = 8.353673e+02 ft^2

Iteration 14:
    MTOW  = 8.921508e+04 lbm   
    OEW   = 5.137148e+04 lbm   
    Wbatt = 2.243847e+03 lbm   
    Wfuel = 1.863760e+04 lbm   
    Wem   = 5.760673e+02 lbm   
    Weg   = 0.000000e+00 lbm   
    S     = 8.353673e+02 ft^2

Iteration 15:
    MTOW  = 8.942271e+04 lbm   
    OEW   = 5.137148e+04 lbm   
    Wbatt = 2.243847e+03 lbm   
    Wfuel = 1.884523e+04 lbm   
    Wem   = 5.760673e+02 lbm   
    Weg   = 0.000000e+00 lbm   
    S     = 8.353673e+02 ft^2

Iteration 16:
    MTOW  = 8.921508e+04 lbm   
    OEW   = 5.137148e+04 lbm   
    Wbatt = 2.243847e+03 lbm   
    Wfuel = 1.863760e+04 lbm   
    Wem   = 5.760673e+02 lbm   
    Weg   = 0.000000e+00 lbm   
    S     = 8.353673e+02 ft^2

Iteration 17:
    MTOW  = 8.942271e+04 lbm   
    OEW   = 5.137148e+04 lbm   
    Wbatt = 2.243847e+03 lbm   
    Wfuel = 1.884523e+04 lbm   
    Wem   = 5.760673e+02 lbm   
    Weg   = 0.000000e+00 lbm   
    S     = 8.353673e+02 ft^2

Iteration 18:
    MTOW  = 8.921508e+04 lbm   
    OEW   = 5.137148e+04 lbm   
    Wbatt = 2.243847e+03 lbm   
    Wfuel = 1.863760e+04 lbm   
    Wem   = 5.760673e+02 lbm   
    Weg   = 0.000000e+00 lbm   
    S     = 8.353673e+02 ft^2

Iteration 19:
    MTOW  = 8.942271e+04 lbm   
    OEW   = 5.137148e+04 lbm   
    Wbatt = 2.243847e+03 lbm   
    Wfuel = 1.884523e+04 lbm   
    Wem   = 5.760673e+02 lbm   
    Weg   = 0.000000e+00 lbm   
    S     = 8.353673e+02 ft^2

Iteration 20:
    MTOW  = 8.921508e+04 lbm   
    OEW   = 5.137148e+04 lbm   
    Wbatt = 2.243847e+03 lbm   
    Wfuel = 1.863760e+04 lbm   
    Wem   = 5.760673e+02 lbm   
    Weg   = 0.000000e+00 lbm   
    S     = 8.353673e+02 ft^2

Iteration 21:
    MTOW  = 8.942271e+04 lbm   
    OEW   = 5.137148e+04 lbm   
    Wbatt = 2.243847e+03 lbm   
    Wfuel = 1.884523e+04 lbm   
    Wem   = 5.760673e+02 lbm   
    Weg   = 0.000000e+00 lbm   
    S     = 8.353673e+02 ft^2

Iteration 22:
    MTOW  = 8.921508e+04 lbm   
    OEW   = 5.137148e+04 lbm   
    Wbatt = 2.243847e+03 lbm   
    Wfuel = 1.863760e+04 lbm   
    Wem   = 5.760673e+02 lbm   
    Weg   = 0.000000e+00 lbm   
    S     = 8.353673e+02 ft^2

Iteration 23:
    MTOW  = 8.942271e+04 lbm   
    OEW   = 5.137148e+04 lbm   
    Wbatt = 2.243847e+03 lbm   
    Wfuel = 1.884523e+04 lbm   
    Wem   = 5.760673e+02 lbm   
    Weg   = 0.000000e+00 lbm   
    S     = 8.353673e+02 ft^2

Iteration 24:
    MTOW  = 8.921508e+04 lbm   
    OEW   = 5.137148e+04 lbm   
    Wbatt = 2.243847e+03 lbm   
    Wfuel = 1.863760e+04 lbm   
    Wem   = 5.760673e+02 lbm   
    Weg   = 0.000000e+00 lbm   
    S     = 8.353673e+02 ft^2

Iteration 25:
    MTOW  = 8.942271e+04 lbm   
    OEW   = 5.137148e+04 lbm   
    Wbatt = 2.243847e+03 lbm   
    Wfuel = 1.884523e+04 lbm   
    Wem   = 5.760673e+02 lbm   
    Weg   = 0.000000e+00 lbm   
    S     = 8.353673e+02 ft^2

Iteration 26:
    MTOW  = 8.921508e+04 lbm   
    OEW   = 5.137148e+04 lbm   
    Wbatt = 2.243847e+03 lbm   
    Wfuel = 1.863760e+04 lbm   
    Wem   = 5.760673e+02 lbm   
    Weg   = 0.000000e+00 lbm   
    S     = 8.353673e+02 ft^2

Iteration 27:
    MTOW  = 8.942271e+04 lbm   
    OEW   = 5.137148e+04 lbm   
    Wbatt = 2.243847e+03 lbm   
    Wfuel = 1.884523e+04 lbm   
    Wem   = 5.760673e+02 lbm   
    Weg   = 0.000000e+00 lbm   
    S     = 8.353673e+02 ft^2

Iteration 28:
    MTOW  = 8.921508e+04 lbm   
    OEW   = 5.137148e+04 lbm   
    Wbatt = 2.243847e+03 lbm   
    Wfuel = 1.863760e+04 lbm   
    Wem   = 5.760673e+02 lbm   
    Weg   = 0.000000e+00 lbm   
    S     = 8.353673e+02 ft^2

Iteration 29:
    MTOW  = 8.942271e+04 lbm   
    OEW   = 5.137148e+04 lbm   
    Wbatt = 2.243847e+03 lbm   
    Wfuel = 1.884523e+04 lbm   
    Wem   = 5.760673e+02 lbm   
    Weg   = 0.000000e+00 lbm   
    S     = 8.353673e+02 ft^2

Initial Size:          
    MTOW  = 9.126388e+04 lbm   
    Wbatt = 2.243847e+03 lbm   
    Wfuel = 2.068639e+04 lbm   
    S     = 8.353673e+02 ft^2

Iteration  0:
    MTOW  = 8.972470e+04 lbm   
    OEW   = 5.137148e+04 lbm   
    Wbatt = 2.243847e+03 lbm   
    Wfuel = 1.914721e+04 lbm   
    Wem   = 5.726800e+02 lbm   
    Weg   = 0.000000e+00 lbm   
    S     = 8.353673e+02 ft^2

Iteration  1:
    MTOW  = 8.925246e+04 lbm   
    OEW   = 5.137148e+04 lbm   
    Wbatt = 2.243847e+03 lbm   
    Wfuel = 1.867497e+04 lbm   
    Wem   = 5.726800e+02 lbm   
    Weg   = 0.000000e+00 lbm   
    S     = 8.353673e+02 ft^2

Iteration  2:
    MTOW  = 8.919787e+04 lbm   
    OEW   = 5.137148e+04 lbm   
    Wbatt = 2.243847e+03 lbm   
    Wfuel = 1.862039e+04 lbm   
    Wem   = 5.726800e+02 lbm   
    Weg   = 0.000000e+00 lbm   
    S     = 8.353673e+02 ft^2

Iteration  3:
    MTOW  = 8.942306e+04 lbm   
    OEW   = 5.137148e+04 lbm   
    Wbatt = 2.243847e+03 lbm   
    Wfuel = 1.884557e+04 lbm   
    Wem   = 5.726800e+02 lbm   
    Weg   = 0.000000e+00 lbm   
    S     = 8.353673e+02 ft^2

Iteration  4:
    MTOW  = 8.921883e+04 lbm   
    OEW   = 5.137148e+04 lbm   
    Wbatt = 2.243847e+03 lbm   
    Wfuel = 1.864135e+04 lbm   
    Wem   = 5.726800e+02 lbm   
    Weg   = 0.000000e+00 lbm   
    S     = 8.353673e+02 ft^2

Iteration  5:
    MTOW  = 8.919366e+04 lbm   
    OEW   = 5.137148e+04 lbm   
    Wbatt = 2.243847e+03 lbm   
    Wfuel = 1.861617e+04 lbm   
    Wem   = 5.726800e+02 lbm   
    Weg   = 0.000000e+00 lbm   
    S     = 8.353673e+02 ft^2

Iteration  6:
    MTOW  = 8.942221e+04 lbm   
    OEW   = 5.137148e+04 lbm   
    Wbatt = 2.243847e+03 lbm   
    Wfuel = 1.884472e+04 lbm   
    Wem   = 5.726800e+02 lbm   
    Weg   = 0.000000e+00 lbm   
    S     = 8.353673e+02 ft^2

Iteration  7:
    MTOW  = 8.921867e+04 lbm   
    OEW   = 5.137148e+04 lbm   
    Wbatt = 2.243847e+03 lbm   
    Wfuel = 1.864118e+04 lbm   
    Wem   = 5.726800e+02 lbm   
    Weg   = 0.000000e+00 lbm   
    S     = 8.353673e+02 ft^2

Iteration  8:
    MTOW  = 8.919363e+04 lbm   
    OEW   = 5.137148e+04 lbm   
    Wbatt = 2.243847e+03 lbm   
    Wfuel = 1.861614e+04 lbm   
    Wem   = 5.726800e+02 lbm   
    Weg   = 0.000000e+00 lbm   
    S     = 8.353673e+02 ft^2

Iteration  9:
    MTOW  = 8.942220e+04 lbm   
    OEW   = 5.137148e+04 lbm   
    Wbatt = 2.243847e+03 lbm   
    Wfuel = 1.884471e+04 lbm   
    Wem   = 5.726800e+02 lbm   
    Weg   = 0.000000e+00 lbm   
    S     = 8.353673e+02 ft^2

Iteration 10:
    MTOW  = 8.921867e+04 lbm   
    OEW   = 5.137148e+04 lbm   
    Wbatt = 2.243847e+03 lbm   
    Wfuel = 1.864118e+04 lbm   
    Wem   = 5.726800e+02 lbm   
    Weg   = 0.000000e+00 lbm   
    S     = 8.353673e+02 ft^2

Iteration 11:
    MTOW  = 8.919363e+04 lbm   
    OEW   = 5.137148e+04 lbm   
    Wbatt = 2.243847e+03 lbm   
    Wfuel = 1.861614e+04 lbm   
    Wem   = 5.726800e+02 lbm   
    Weg   = 0.000000e+00 lbm   
    S     = 8.353673e+02 ft^2

Iteration 12:
    MTOW  = 8.942220e+04 lbm   
    OEW   = 5.137148e+04 lbm   
    Wbatt = 2.243847e+03 lbm   
    Wfuel = 1.884471e+04 lbm   
    Wem   = 5.726800e+02 lbm   
    Weg   = 0.000000e+00 lbm   
    S     = 8.353673e+02 ft^2

Iteration 13:
    MTOW  = 8.921867e+04 lbm   
    OEW   = 5.137148e+04 lbm   
    Wbatt = 2.243847e+03 lbm   
    Wfuel = 1.864118e+04 lbm   
    Wem   = 5.726800e+02 lbm   
    Weg   = 0.000000e+00 lbm   
    S     = 8.353673e+02 ft^2

Iteration 14:
    MTOW  = 8.919363e+04 lbm   
    OEW   = 5.137148e+04 lbm   
    Wbatt = 2.243847e+03 lbm   
    Wfuel = 1.861614e+04 lbm   
    Wem   = 5.726800e+02 lbm   
    Weg   = 0.000000e+00 lbm   
    S     = 8.353673e+02 ft^2

Iteration 15:
    MTOW  = 8.942220e+04 lbm   
    OEW   = 5.137148e+04 lbm   
    Wbatt = 2.243847e+03 lbm   
    Wfuel = 1.884471e+04 lbm   
    Wem   = 5.726800e+02 lbm   
    Weg   = 0.000000e+00 lbm   
    S     = 8.353673e+02 ft^2

Iteration 16:
    MTOW  = 8.921867e+04 lbm   
    OEW   = 5.137148e+04 lbm   
    Wbatt = 2.243847e+03 lbm   
    Wfuel = 1.864118e+04 lbm   
    Wem   = 5.726800e+02 lbm   
    Weg   = 0.000000e+00 lbm   
    S     = 8.353673e+02 ft^2

Iteration 17:
    MTOW  = 8.919363e+04 lbm   
    OEW   = 5.137148e+04 lbm   
    Wbatt = 2.243847e+03 lbm   
    Wfuel = 1.861614e+04 lbm   
    Wem   = 5.726800e+02 lbm   
    Weg   = 0.000000e+00 lbm   
    S     = 8.353673e+02 ft^2

Iteration 18:
    MTOW  = 8.942220e+04 lbm   
    OEW   = 5.137148e+04 lbm   
    Wbatt = 2.243847e+03 lbm   
    Wfuel = 1.884471e+04 lbm   
    Wem   = 5.726800e+02 lbm   
    Weg   = 0.000000e+00 lbm   
    S     = 8.353673e+02 ft^2

Iteration 19:
    MTOW  = 8.921867e+04 lbm   
    OEW   = 5.137148e+04 lbm   
    Wbatt = 2.243847e+03 lbm   
    Wfuel = 1.864118e+04 lbm   
    Wem   = 5.726800e+02 lbm   
    Weg   = 0.000000e+00 lbm   
    S     = 8.353673e+02 ft^2

Iteration 20:
    MTOW  = 8.919363e+04 lbm   
    OEW   = 5.137148e+04 lbm   
    Wbatt = 2.243847e+03 lbm   
    Wfuel = 1.861614e+04 lbm   
    Wem   = 5.726800e+02 lbm   
    Weg   = 0.000000e+00 lbm   
    S     = 8.353673e+02 ft^2

Iteration 21:
    MTOW  = 8.942220e+04 lbm   
    OEW   = 5.137148e+04 lbm   
    Wbatt = 2.243847e+03 lbm   
    Wfuel = 1.884471e+04 lbm   
    Wem   = 5.726800e+02 lbm   
    Weg   = 0.000000e+00 lbm   
    S     = 8.353673e+02 ft^2

Iteration 22:
    MTOW  = 8.921867e+04 lbm   
    OEW   = 5.137148e+04 lbm   
    Wbatt = 2.243847e+03 lbm   
    Wfuel = 1.864118e+04 lbm   
    Wem   = 5.726800e+02 lbm   
    Weg   = 0.000000e+00 lbm   
    S     = 8.353673e+02 ft^2

Iteration 23:
    MTOW  = 8.919363e+04 lbm   
    OEW   = 5.137148e+04 lbm   
    Wbatt = 2.243847e+03 lbm   
    Wfuel = 1.861614e+04 lbm   
    Wem   = 5.726800e+02 lbm   
    Weg   = 0.000000e+00 lbm   
    S     = 8.353673e+02 ft^2

Iteration 24:
    MTOW  = 8.942220e+04 lbm   
    OEW   = 5.137148e+04 lbm   
    Wbatt = 2.243847e+03 lbm   
    Wfuel = 1.884471e+04 lbm   
    Wem   = 5.726800e+02 lbm   
    Weg   = 0.000000e+00 lbm   
    S     = 8.353673e+02 ft^2

Iteration 25:
    MTOW  = 8.921867e+04 lbm   
    OEW   = 5.137148e+04 lbm   
    Wbatt = 2.243847e+03 lbm   
    Wfuel = 1.864118e+04 lbm   
    Wem   = 5.726800e+02 lbm   
    Weg   = 0.000000e+00 lbm   
    S     = 8.353673e+02 ft^2

Iteration 26:
    MTOW  = 8.919363e+04 lbm   
    OEW   = 5.137148e+04 lbm   
    Wbatt = 2.243847e+03 lbm   
    Wfuel = 1.861614e+04 lbm   
    Wem   = 5.726800e+02 lbm   
    Weg   = 0.000000e+00 lbm   
    S     = 8.353673e+02 ft^2

Iteration 27:
    MTOW  = 8.942220e+04 lbm   
    OEW   = 5.137148e+04 lbm   
    Wbatt = 2.243847e+03 lbm   
    Wfuel = 1.884471e+04 lbm   
    Wem   = 5.726800e+02 lbm   
    Weg   = 0.000000e+00 lbm   
    S     = 8.353673e+02 ft^2

Iteration 28:
    MTOW  = 8.921867e+04 lbm   
    OEW   = 5.137148e+04 lbm   
    Wbatt = 2.243847e+03 lbm   
    Wfuel = 1.864118e+04 lbm   
    Wem   = 5.726800e+02 lbm   
    Weg   = 0.000000e+00 lbm   
    S     = 8.353673e+02 ft^2

Iteration 29:
    MTOW  = 8.919363e+04 lbm   
    OEW   = 5.137148e+04 lbm   
    Wbatt = 2.243847e+03 lbm   
    Wfuel = 1.861614e+04 lbm   
    Wem   = 5.726800e+02 lbm   
    Weg   = 0.000000e+00 lbm   
    S     = 8.353673e+02 ft^2

Initial Size:          
    MTOW  = 9.126388e+04 lbm   
    Wbatt = 2.243847e+03 lbm   
    Wfuel = 2.068639e+04 lbm   
    S     = 8.353673e+02 ft^2

Iteration  0:
    MTOW  = 8.972470e+04 lbm   
    OEW   = 5.137148e+04 lbm   
    Wbatt = 2.243847e+03 lbm   
    Wfuel = 1.914721e+04 lbm   
    Wem   = 5.726800e+02 lbm   
    Weg   = 0.000000e+00 lbm   
    S     = 8.353673e+02 ft^2

Iteration  1:
    MTOW  = 8.925246e+04 lbm   
    OEW   = 5.137148e+04 lbm   
    Wbatt = 2.243847e+03 lbm   
    Wfuel = 1.867497e+04 lbm   
    Wem   = 5.726800e+02 lbm   
    Weg   = 0.000000e+00 lbm   
    S     = 8.353673e+02 ft^2

Iteration  2:
    MTOW  = 8.919787e+04 lbm   
    OEW   = 5.137148e+04 lbm   
    Wbatt = 2.243847e+03 lbm   
    Wfuel = 1.862039e+04 lbm   
    Wem   = 5.726800e+02 lbm   
    Weg   = 0.000000e+00 lbm   
    S     = 8.353673e+02 ft^2

Iteration  3:
    MTOW  = 8.942306e+04 lbm   
    OEW   = 5.137148e+04 lbm   
    Wbatt = 2.243847e+03 lbm   
    Wfuel = 1.884557e+04 lbm   
    Wem   = 5.726800e+02 lbm   
    Weg   = 0.000000e+00 lbm   
    S     = 8.353673e+02 ft^2

Iteration  4:
    MTOW  = 8.921883e+04 lbm   
    OEW   = 5.137148e+04 lbm   
    Wbatt = 2.243847e+03 lbm   
    Wfuel = 1.864135e+04 lbm   
    Wem   = 5.726800e+02 lbm   
    Weg   = 0.000000e+00 lbm   
    S     = 8.353673e+02 ft^2

Iteration  5:
    MTOW  = 8.919366e+04 lbm   
    OEW   = 5.137148e+04 lbm   
    Wbatt = 2.243847e+03 lbm   
    Wfuel = 1.861617e+04 lbm   
    Wem   = 5.726800e+02 lbm   
    Weg   = 0.000000e+00 lbm   
    S     = 8.353673e+02 ft^2

Iteration  6:
    MTOW  = 8.942221e+04 lbm   
    OEW   = 5.137148e+04 lbm   
    Wbatt = 2.243847e+03 lbm   
    Wfuel = 1.884472e+04 lbm   
    Wem   = 5.726800e+02 lbm   
    Weg   = 0.000000e+00 lbm   
    S     = 8.353673e+02 ft^2

Iteration  7:
    MTOW  = 8.921867e+04 lbm   
    OEW   = 5.137148e+04 lbm   
    Wbatt = 2.243847e+03 lbm   
    Wfuel = 1.864118e+04 lbm   
    Wem   = 5.726800e+02 lbm   
    Weg   = 0.000000e+00 lbm   
    S     = 8.353673e+02 ft^2

Iteration  8:
    MTOW  = 8.919363e+04 lbm   
    OEW   = 5.137148e+04 lbm   
    Wbatt = 2.243847e+03 lbm   
    Wfuel = 1.861614e+04 lbm   
    Wem   = 5.726800e+02 lbm   
    Weg   = 0.000000e+00 lbm   
    S     = 8.353673e+02 ft^2

Iteration  9:
    MTOW  = 8.942220e+04 lbm   
    OEW   = 5.137148e+04 lbm   
    Wbatt = 2.243847e+03 lbm   
    Wfuel = 1.884471e+04 lbm   
    Wem   = 5.726800e+02 lbm   
    Weg   = 0.000000e+00 lbm   
    S     = 8.353673e+02 ft^2

Iteration 10:
    MTOW  = 8.921867e+04 lbm   
    OEW   = 5.137148e+04 lbm   
    Wbatt = 2.243847e+03 lbm   
    Wfuel = 1.864118e+04 lbm   
    Wem   = 5.726800e+02 lbm   
    Weg   = 0.000000e+00 lbm   
    S     = 8.353673e+02 ft^2

Iteration 11:
    MTOW  = 8.919363e+04 lbm   
    OEW   = 5.137148e+04 lbm   
    Wbatt = 2.243847e+03 lbm   
    Wfuel = 1.861614e+04 lbm   
    Wem   = 5.726800e+02 lbm   
    Weg   = 0.000000e+00 lbm   
    S     = 8.353673e+02 ft^2

Iteration 12:
    MTOW  = 8.942220e+04 lbm   
    OEW   = 5.137148e+04 lbm   
    Wbatt = 2.243847e+03 lbm   
    Wfuel = 1.884471e+04 lbm   
    Wem   = 5.726800e+02 lbm   
    Weg   = 0.000000e+00 lbm   
    S     = 8.353673e+02 ft^2

Iteration 13:
    MTOW  = 8.921867e+04 lbm   
    OEW   = 5.137148e+04 lbm   
    Wbatt = 2.243847e+03 lbm   
    Wfuel = 1.864118e+04 lbm   
    Wem   = 5.726800e+02 lbm   
    Weg   = 0.000000e+00 lbm   
    S     = 8.353673e+02 ft^2

Iteration 14:
    MTOW  = 8.919363e+04 lbm   
    OEW   = 5.137148e+04 lbm   
    Wbatt = 2.243847e+03 lbm   
    Wfuel = 1.861614e+04 lbm   
    Wem   = 5.726800e+02 lbm   
    Weg   = 0.000000e+00 lbm   
    S     = 8.353673e+02 ft^2

Iteration 15:
    MTOW  = 8.942220e+04 lbm   
    OEW   = 5.137148e+04 lbm   
    Wbatt = 2.243847e+03 lbm   
    Wfuel = 1.884471e+04 lbm   
    Wem   = 5.726800e+02 lbm   
    Weg   = 0.000000e+00 lbm   
    S     = 8.353673e+02 ft^2

Iteration 16:
    MTOW  = 8.921867e+04 lbm   
    OEW   = 5.137148e+04 lbm   
    Wbatt = 2.243847e+03 lbm   
    Wfuel = 1.864118e+04 lbm   
    Wem   = 5.726800e+02 lbm   
    Weg   = 0.000000e+00 lbm   
    S     = 8.353673e+02 ft^2

Iteration 17:
    MTOW  = 8.919363e+04 lbm   
    OEW   = 5.137148e+04 lbm   
    Wbatt = 2.243847e+03 lbm   
    Wfuel = 1.861614e+04 lbm   
    Wem   = 5.726800e+02 lbm   
    Weg   = 0.000000e+00 lbm   
    S     = 8.353673e+02 ft^2

Iteration 18:
    MTOW  = 8.942220e+04 lbm   
    OEW   = 5.137148e+04 lbm   
    Wbatt = 2.243847e+03 lbm   
    Wfuel = 1.884471e+04 lbm   
    Wem   = 5.726800e+02 lbm   
    Weg   = 0.000000e+00 lbm   
    S     = 8.353673e+02 ft^2

Iteration 19:
    MTOW  = 8.921867e+04 lbm   
    OEW   = 5.137148e+04 lbm   
    Wbatt = 2.243847e+03 lbm   
    Wfuel = 1.864118e+04 lbm   
    Wem   = 5.726800e+02 lbm   
    Weg   = 0.000000e+00 lbm   
    S     = 8.353673e+02 ft^2

Iteration 20:
    MTOW  = 8.919363e+04 lbm   
    OEW   = 5.137148e+04 lbm   
    Wbatt = 2.243847e+03 lbm   
    Wfuel = 1.861614e+04 lbm   
    Wem   = 5.726800e+02 lbm   
    Weg   = 0.000000e+00 lbm   
    S     = 8.353673e+02 ft^2

Iteration 21:
    MTOW  = 8.942220e+04 lbm   
    OEW   = 5.137148e+04 lbm   
    Wbatt = 2.243847e+03 lbm   
    Wfuel = 1.884471e+04 lbm   
    Wem   = 5.726800e+02 lbm   
    Weg   = 0.000000e+00 lbm   
    S     = 8.353673e+02 ft^2

Iteration 22:
    MTOW  = 8.921867e+04 lbm   
    OEW   = 5.137148e+04 lbm   
    Wbatt = 2.243847e+03 lbm   
    Wfuel = 1.864118e+04 lbm   
    Wem   = 5.726800e+02 lbm   
    Weg   = 0.000000e+00 lbm   
    S     = 8.353673e+02 ft^2

Iteration 23:
    MTOW  = 8.919363e+04 lbm   
    OEW   = 5.137148e+04 lbm   
    Wbatt = 2.243847e+03 lbm   
    Wfuel = 1.861614e+04 lbm   
    Wem   = 5.726800e+02 lbm   
    Weg   = 0.000000e+00 lbm   
    S     = 8.353673e+02 ft^2

Iteration 24:
    MTOW  = 8.942220e+04 lbm   
    OEW   = 5.137148e+04 lbm   
    Wbatt = 2.243847e+03 lbm   
    Wfuel = 1.884471e+04 lbm   
    Wem   = 5.726800e+02 lbm   
    Weg   = 0.000000e+00 lbm   
    S     = 8.353673e+02 ft^2

Iteration 25:
    MTOW  = 8.921867e+04 lbm   
    OEW   = 5.137148e+04 lbm   
    Wbatt = 2.243847e+03 lbm   
    Wfuel = 1.864118e+04 lbm   
    Wem   = 5.726800e+02 lbm   
    Weg   = 0.000000e+00 lbm   
    S     = 8.353673e+02 ft^2

Iteration 26:
    MTOW  = 8.919363e+04 lbm   
    OEW   = 5.137148e+04 lbm   
    Wbatt = 2.243847e+03 lbm   
    Wfuel = 1.861614e+04 lbm   
    Wem   = 5.726800e+02 lbm   
    Weg   = 0.000000e+00 lbm   
    S     = 8.353673e+02 ft^2

Iteration 27:
    MTOW  = 8.942220e+04 lbm   
    OEW   = 5.137148e+04 lbm   
    Wbatt = 2.243847e+03 lbm   
    Wfuel = 1.884471e+04 lbm   
    Wem   = 5.726800e+02 lbm   
    Weg   = 0.000000e+00 lbm   
    S     = 8.353673e+02 ft^2

Iteration 28:
    MTOW  = 8.921867e+04 lbm   
    OEW   = 5.137148e+04 lbm   
    Wbatt = 2.243847e+03 lbm   
    Wfuel = 1.864118e+04 lbm   
    Wem   = 5.726800e+02 lbm   
    Weg   = 0.000000e+00 lbm   
    S     = 8.353673e+02 ft^2

Iteration 29:
    MTOW  = 8.919363e+04 lbm   
    OEW   = 5.137148e+04 lbm   
    Wbatt = 2.243847e+03 lbm   
    Wfuel = 1.861614e+04 lbm   
    Wem   = 5.726800e+02 lbm   
    Weg   = 0.000000e+00 lbm   
    S     = 8.353673e+02 ft^2

Initial Size:          
    MTOW  = 9.126388e+04 lbm   
    Wbatt = 2.243847e+03 lbm   
    Wfuel = 2.068639e+04 lbm   
    S     = 8.353673e+02 ft^2

Iteration  0:
    MTOW  = 8.972470e+04 lbm   
    OEW   = 5.137148e+04 lbm   
    Wbatt = 2.243847e+03 lbm   
    Wfuel = 1.914721e+04 lbm   
    Wem   = 5.726800e+02 lbm   
    Weg   = 0.000000e+00 lbm   
    S     = 8.353673e+02 ft^2

Iteration  1:
    MTOW  = 8.925246e+04 lbm   
    OEW   = 5.137148e+04 lbm   
    Wbatt = 2.243847e+03 lbm   
    Wfuel = 1.867497e+04 lbm   
    Wem   = 5.726800e+02 lbm   
    Weg   = 0.000000e+00 lbm   
    S     = 8.353673e+02 ft^2

Iteration  2:
    MTOW  = 8.919787e+04 lbm   
    OEW   = 5.137148e+04 lbm   
    Wbatt = 2.243847e+03 lbm   
    Wfuel = 1.862039e+04 lbm   
    Wem   = 5.726800e+02 lbm   
    Weg   = 0.000000e+00 lbm   
    S     = 8.353673e+02 ft^2

Iteration  3:
    MTOW  = 8.942306e+04 lbm   
    OEW   = 5.137148e+04 lbm   
    Wbatt = 2.243847e+03 lbm   
    Wfuel = 1.884557e+04 lbm   
    Wem   = 5.726800e+02 lbm   
    Weg   = 0.000000e+00 lbm   
    S     = 8.353673e+02 ft^2

Iteration  4:
    MTOW  = 8.921883e+04 lbm   
    OEW   = 5.137148e+04 lbm   
    Wbatt = 2.243847e+03 lbm   
    Wfuel = 1.864135e+04 lbm   
    Wem   = 5.726800e+02 lbm   
    Weg   = 0.000000e+00 lbm   
    S     = 8.353673e+02 ft^2

Iteration  5:
    MTOW  = 8.919366e+04 lbm   
    OEW   = 5.137148e+04 lbm   
    Wbatt = 2.243847e+03 lbm   
    Wfuel = 1.861617e+04 lbm   
    Wem   = 5.726800e+02 lbm   
    Weg   = 0.000000e+00 lbm   
    S     = 8.353673e+02 ft^2

Iteration  6:
    MTOW  = 8.942221e+04 lbm   
    OEW   = 5.137148e+04 lbm   
    Wbatt = 2.243847e+03 lbm   
    Wfuel = 1.884472e+04 lbm   
    Wem   = 5.726800e+02 lbm   
    Weg   = 0.000000e+00 lbm   
    S     = 8.353673e+02 ft^2

Iteration  7:
    MTOW  = 8.921867e+04 lbm   
    OEW   = 5.137148e+04 lbm   
    Wbatt = 2.243847e+03 lbm   
    Wfuel = 1.864118e+04 lbm   
    Wem   = 5.726800e+02 lbm   
    Weg   = 0.000000e+00 lbm   
    S     = 8.353673e+02 ft^2

Iteration  8:
    MTOW  = 8.919363e+04 lbm   
    OEW   = 5.137148e+04 lbm   
    Wbatt = 2.243847e+03 lbm   
    Wfuel = 1.861614e+04 lbm   
    Wem   = 5.726800e+02 lbm   
    Weg   = 0.000000e+00 lbm   
    S     = 8.353673e+02 ft^2

Iteration  9:
    MTOW  = 8.942220e+04 lbm   
    OEW   = 5.137148e+04 lbm   
    Wbatt = 2.243847e+03 lbm   
    Wfuel = 1.884471e+04 lbm   
    Wem   = 5.726800e+02 lbm   
    Weg   = 0.000000e+00 lbm   
    S     = 8.353673e+02 ft^2

Iteration 10:
    MTOW  = 8.921867e+04 lbm   
    OEW   = 5.137148e+04 lbm   
    Wbatt = 2.243847e+03 lbm   
    Wfuel = 1.864118e+04 lbm   
    Wem   = 5.726800e+02 lbm   
    Weg   = 0.000000e+00 lbm   
    S     = 8.353673e+02 ft^2

Iteration 11:
    MTOW  = 8.919363e+04 lbm   
    OEW   = 5.137148e+04 lbm   
    Wbatt = 2.243847e+03 lbm   
    Wfuel = 1.861614e+04 lbm   
    Wem   = 5.726800e+02 lbm   
    Weg   = 0.000000e+00 lbm   
    S     = 8.353673e+02 ft^2

Iteration 12:
    MTOW  = 8.942220e+04 lbm   
    OEW   = 5.137148e+04 lbm   
    Wbatt = 2.243847e+03 lbm   
    Wfuel = 1.884471e+04 lbm   
    Wem   = 5.726800e+02 lbm   
    Weg   = 0.000000e+00 lbm   
    S     = 8.353673e+02 ft^2

Iteration 13:
    MTOW  = 8.921867e+04 lbm   
    OEW   = 5.137148e+04 lbm   
    Wbatt = 2.243847e+03 lbm   
    Wfuel = 1.864118e+04 lbm   
    Wem   = 5.726800e+02 lbm   
    Weg   = 0.000000e+00 lbm   
    S     = 8.353673e+02 ft^2

Iteration 14:
    MTOW  = 8.919363e+04 lbm   
    OEW   = 5.137148e+04 lbm   
    Wbatt = 2.243847e+03 lbm   
    Wfuel = 1.861614e+04 lbm   
    Wem   = 5.726800e+02 lbm   
    Weg   = 0.000000e+00 lbm   
    S     = 8.353673e+02 ft^2

Iteration 15:
    MTOW  = 8.942220e+04 lbm   
    OEW   = 5.137148e+04 lbm   
    Wbatt = 2.243847e+03 lbm   
    Wfuel = 1.884471e+04 lbm   
    Wem   = 5.726800e+02 lbm   
    Weg   = 0.000000e+00 lbm   
    S     = 8.353673e+02 ft^2

Iteration 16:
    MTOW  = 8.921867e+04 lbm   
    OEW   = 5.137148e+04 lbm   
    Wbatt = 2.243847e+03 lbm   
    Wfuel = 1.864118e+04 lbm   
    Wem   = 5.726800e+02 lbm   
    Weg   = 0.000000e+00 lbm   
    S     = 8.353673e+02 ft^2

Iteration 17:
    MTOW  = 8.919363e+04 lbm   
    OEW   = 5.137148e+04 lbm   
    Wbatt = 2.243847e+03 lbm   
    Wfuel = 1.861614e+04 lbm   
    Wem   = 5.726800e+02 lbm   
    Weg   = 0.000000e+00 lbm   
    S     = 8.353673e+02 ft^2

Iteration 18:
    MTOW  = 8.942220e+04 lbm   
    OEW   = 5.137148e+04 lbm   
    Wbatt = 2.243847e+03 lbm   
    Wfuel = 1.884471e+04 lbm   
    Wem   = 5.726800e+02 lbm   
    Weg   = 0.000000e+00 lbm   
    S     = 8.353673e+02 ft^2

Iteration 19:
    MTOW  = 8.921867e+04 lbm   
    OEW   = 5.137148e+04 lbm   
    Wbatt = 2.243847e+03 lbm   
    Wfuel = 1.864118e+04 lbm   
    Wem   = 5.726800e+02 lbm   
    Weg   = 0.000000e+00 lbm   
    S     = 8.353673e+02 ft^2

Iteration 20:
    MTOW  = 8.919363e+04 lbm   
    OEW   = 5.137148e+04 lbm   
    Wbatt = 2.243847e+03 lbm   
    Wfuel = 1.861614e+04 lbm   
    Wem   = 5.726800e+02 lbm   
    Weg   = 0.000000e+00 lbm   
    S     = 8.353673e+02 ft^2

Iteration 21:
    MTOW  = 8.942220e+04 lbm   
    OEW   = 5.137148e+04 lbm   
    Wbatt = 2.243847e+03 lbm   
    Wfuel = 1.884471e+04 lbm   
    Wem   = 5.726800e+02 lbm   
    Weg   = 0.000000e+00 lbm   
    S     = 8.353673e+02 ft^2

Iteration 22:
    MTOW  = 8.921867e+04 lbm   
    OEW   = 5.137148e+04 lbm   
    Wbatt = 2.243847e+03 lbm   
    Wfuel = 1.864118e+04 lbm   
    Wem   = 5.726800e+02 lbm   
    Weg   = 0.000000e+00 lbm   
    S     = 8.353673e+02 ft^2

Iteration 23:
    MTOW  = 8.919363e+04 lbm   
    OEW   = 5.137148e+04 lbm   
    Wbatt = 2.243847e+03 lbm   
    Wfuel = 1.861614e+04 lbm   
    Wem   = 5.726800e+02 lbm   
    Weg   = 0.000000e+00 lbm   
    S     = 8.353673e+02 ft^2

Iteration 24:
    MTOW  = 8.942220e+04 lbm   
    OEW   = 5.137148e+04 lbm   
    Wbatt = 2.243847e+03 lbm   
    Wfuel = 1.884471e+04 lbm   
    Wem   = 5.726800e+02 lbm   
    Weg   = 0.000000e+00 lbm   
    S     = 8.353673e+02 ft^2

Iteration 25:
    MTOW  = 8.921867e+04 lbm   
    OEW   = 5.137148e+04 lbm   
    Wbatt = 2.243847e+03 lbm   
    Wfuel = 1.864118e+04 lbm   
    Wem   = 5.726800e+02 lbm   
    Weg   = 0.000000e+00 lbm   
    S     = 8.353673e+02 ft^2

Iteration 26:
    MTOW  = 8.919363e+04 lbm   
    OEW   = 5.137148e+04 lbm   
    Wbatt = 2.243847e+03 lbm   
    Wfuel = 1.861614e+04 lbm   
    Wem   = 5.726800e+02 lbm   
    Weg   = 0.000000e+00 lbm   
    S     = 8.353673e+02 ft^2

Iteration 27:
    MTOW  = 8.942220e+04 lbm   
    OEW   = 5.137148e+04 lbm   
    Wbatt = 2.243847e+03 lbm   
    Wfuel = 1.884471e+04 lbm   
    Wem   = 5.726800e+02 lbm   
    Weg   = 0.000000e+00 lbm   
    S     = 8.353673e+02 ft^2

Iteration 28:
    MTOW  = 8.921867e+04 lbm   
    OEW   = 5.137148e+04 lbm   
    Wbatt = 2.243847e+03 lbm   
    Wfuel = 1.864118e+04 lbm   
    Wem   = 5.726800e+02 lbm   
    Weg   = 0.000000e+00 lbm   
    S     = 8.353673e+02 ft^2

Iteration 29:
    MTOW  = 8.919363e+04 lbm   
    OEW   = 5.137148e+04 lbm   
    Wbatt = 2.243847e+03 lbm   
    Wfuel = 1.861614e+04 lbm   
    Wem   = 5.726800e+02 lbm   
    Weg   = 0.000000e+00 lbm   
    S     = 8.353673e+02 ft^2

Initial Size:          
    MTOW  = 9.126388e+04 lbm   
    Wbatt = 2.243847e+03 lbm   
    Wfuel = 2.068639e+04 lbm   
    S     = 8.353673e+02 ft^2

Iteration  0:
    MTOW  = 8.972470e+04 lbm   
    OEW   = 5.137148e+04 lbm   
    Wbatt = 2.243847e+03 lbm   
    Wfuel = 1.914721e+04 lbm   
    Wem   = 5.726800e+02 lbm   
    Weg   = 0.000000e+00 lbm   
    S     = 8.353673e+02 ft^2

Iteration  1:
    MTOW  = 8.925246e+04 lbm   
    OEW   = 5.137148e+04 lbm   
    Wbatt = 2.243847e+03 lbm   
    Wfuel = 1.867497e+04 lbm   
    Wem   = 5.726800e+02 lbm   
    Weg   = 0.000000e+00 lbm   
    S     = 8.353673e+02 ft^2

Iteration  2:
    MTOW  = 8.919787e+04 lbm   
    OEW   = 5.137148e+04 lbm   
    Wbatt = 2.243847e+03 lbm   
    Wfuel = 1.862039e+04 lbm   
    Wem   = 5.726800e+02 lbm   
    Weg   = 0.000000e+00 lbm   
    S     = 8.353673e+02 ft^2

Iteration  3:
    MTOW  = 8.942306e+04 lbm   
    OEW   = 5.137148e+04 lbm   
    Wbatt = 2.243847e+03 lbm   
    Wfuel = 1.884557e+04 lbm   
    Wem   = 5.726800e+02 lbm   
    Weg   = 0.000000e+00 lbm   
    S     = 8.353673e+02 ft^2

Iteration  4:
    MTOW  = 8.921883e+04 lbm   
    OEW   = 5.137148e+04 lbm   
    Wbatt = 2.243847e+03 lbm   
    Wfuel = 1.864135e+04 lbm   
    Wem   = 5.726800e+02 lbm   
    Weg   = 0.000000e+00 lbm   
    S     = 8.353673e+02 ft^2

Iteration  5:
    MTOW  = 8.919366e+04 lbm   
    OEW   = 5.137148e+04 lbm   
    Wbatt = 2.243847e+03 lbm   
    Wfuel = 1.861617e+04 lbm   
    Wem   = 5.726800e+02 lbm   
    Weg   = 0.000000e+00 lbm   
    S     = 8.353673e+02 ft^2

Iteration  6:
    MTOW  = 8.942221e+04 lbm   
    OEW   = 5.137148e+04 lbm   
    Wbatt = 2.243847e+03 lbm   
    Wfuel = 1.884472e+04 lbm   
    Wem   = 5.726800e+02 lbm   
    Weg   = 0.000000e+00 lbm   
    S     = 8.353673e+02 ft^2

Iteration  7:
    MTOW  = 8.921867e+04 lbm   
    OEW   = 5.137148e+04 lbm   
    Wbatt = 2.243847e+03 lbm   
    Wfuel = 1.864118e+04 lbm   
    Wem   = 5.726800e+02 lbm   
    Weg   = 0.000000e+00 lbm   
    S     = 8.353673e+02 ft^2

Iteration  8:
    MTOW  = 8.919363e+04 lbm   
    OEW   = 5.137148e+04 lbm   
    Wbatt = 2.243847e+03 lbm   
    Wfuel = 1.861614e+04 lbm   
    Wem   = 5.726800e+02 lbm   
    Weg   = 0.000000e+00 lbm   
    S     = 8.353673e+02 ft^2

Iteration  9:
    MTOW  = 8.942220e+04 lbm   
    OEW   = 5.137148e+04 lbm   
    Wbatt = 2.243847e+03 lbm   
    Wfuel = 1.884471e+04 lbm   
    Wem   = 5.726800e+02 lbm   
    Weg   = 0.000000e+00 lbm   
    S     = 8.353673e+02 ft^2

Iteration 10:
    MTOW  = 8.921867e+04 lbm   
    OEW   = 5.137148e+04 lbm   
    Wbatt = 2.243847e+03 lbm   
    Wfuel = 1.864118e+04 lbm   
    Wem   = 5.726800e+02 lbm   
    Weg   = 0.000000e+00 lbm   
    S     = 8.353673e+02 ft^2

Iteration 11:
    MTOW  = 8.919363e+04 lbm   
    OEW   = 5.137148e+04 lbm   
    Wbatt = 2.243847e+03 lbm   
    Wfuel = 1.861614e+04 lbm   
    Wem   = 5.726800e+02 lbm   
    Weg   = 0.000000e+00 lbm   
    S     = 8.353673e+02 ft^2

Iteration 12:
    MTOW  = 8.942220e+04 lbm   
    OEW   = 5.137148e+04 lbm   
    Wbatt = 2.243847e+03 lbm   
    Wfuel = 1.884471e+04 lbm   
    Wem   = 5.726800e+02 lbm   
    Weg   = 0.000000e+00 lbm   
    S     = 8.353673e+02 ft^2

Iteration 13:
    MTOW  = 8.921867e+04 lbm   
    OEW   = 5.137148e+04 lbm   
    Wbatt = 2.243847e+03 lbm   
    Wfuel = 1.864118e+04 lbm   
    Wem   = 5.726800e+02 lbm   
    Weg   = 0.000000e+00 lbm   
    S     = 8.353673e+02 ft^2

Iteration 14:
    MTOW  = 8.919363e+04 lbm   
    OEW   = 5.137148e+04 lbm   
    Wbatt = 2.243847e+03 lbm   
    Wfuel = 1.861614e+04 lbm   
    Wem   = 5.726800e+02 lbm   
    Weg   = 0.000000e+00 lbm   
    S     = 8.353673e+02 ft^2

Iteration 15:
    MTOW  = 8.942220e+04 lbm   
    OEW   = 5.137148e+04 lbm   
    Wbatt = 2.243847e+03 lbm   
    Wfuel = 1.884471e+04 lbm   
    Wem   = 5.726800e+02 lbm   
    Weg   = 0.000000e+00 lbm   
    S     = 8.353673e+02 ft^2

Iteration 16:
    MTOW  = 8.921867e+04 lbm   
    OEW   = 5.137148e+04 lbm   
    Wbatt = 2.243847e+03 lbm   
    Wfuel = 1.864118e+04 lbm   
    Wem   = 5.726800e+02 lbm   
    Weg   = 0.000000e+00 lbm   
    S     = 8.353673e+02 ft^2

Iteration 17:
    MTOW  = 8.919363e+04 lbm   
    OEW   = 5.137148e+04 lbm   
    Wbatt = 2.243847e+03 lbm   
    Wfuel = 1.861614e+04 lbm   
    Wem   = 5.726800e+02 lbm   
    Weg   = 0.000000e+00 lbm   
    S     = 8.353673e+02 ft^2

Iteration 18:
    MTOW  = 8.942220e+04 lbm   
    OEW   = 5.137148e+04 lbm   
    Wbatt = 2.243847e+03 lbm   
    Wfuel = 1.884471e+04 lbm   
    Wem   = 5.726800e+02 lbm   
    Weg   = 0.000000e+00 lbm   
    S     = 8.353673e+02 ft^2

Iteration 19:
    MTOW  = 8.921867e+04 lbm   
    OEW   = 5.137148e+04 lbm   
    Wbatt = 2.243847e+03 lbm   
    Wfuel = 1.864118e+04 lbm   
    Wem   = 5.726800e+02 lbm   
    Weg   = 0.000000e+00 lbm   
    S     = 8.353673e+02 ft^2

Iteration 20:
    MTOW  = 8.919363e+04 lbm   
    OEW   = 5.137148e+04 lbm   
    Wbatt = 2.243847e+03 lbm   
    Wfuel = 1.861614e+04 lbm   
    Wem   = 5.726800e+02 lbm   
    Weg   = 0.000000e+00 lbm   
    S     = 8.353673e+02 ft^2

Iteration 21:
    MTOW  = 8.942220e+04 lbm   
    OEW   = 5.137148e+04 lbm   
    Wbatt = 2.243847e+03 lbm   
    Wfuel = 1.884471e+04 lbm   
    Wem   = 5.726800e+02 lbm   
    Weg   = 0.000000e+00 lbm   
    S     = 8.353673e+02 ft^2

Iteration 22:
    MTOW  = 8.921867e+04 lbm   
    OEW   = 5.137148e+04 lbm   
    Wbatt = 2.243847e+03 lbm   
    Wfuel = 1.864118e+04 lbm   
    Wem   = 5.726800e+02 lbm   
    Weg   = 0.000000e+00 lbm   
    S     = 8.353673e+02 ft^2

Iteration 23:
    MTOW  = 8.919363e+04 lbm   
    OEW   = 5.137148e+04 lbm   
    Wbatt = 2.243847e+03 lbm   
    Wfuel = 1.861614e+04 lbm   
    Wem   = 5.726800e+02 lbm   
    Weg   = 0.000000e+00 lbm   
    S     = 8.353673e+02 ft^2

Iteration 24:
    MTOW  = 8.942220e+04 lbm   
    OEW   = 5.137148e+04 lbm   
    Wbatt = 2.243847e+03 lbm   
    Wfuel = 1.884471e+04 lbm   
    Wem   = 5.726800e+02 lbm   
    Weg   = 0.000000e+00 lbm   
    S     = 8.353673e+02 ft^2

Iteration 25:
    MTOW  = 8.921867e+04 lbm   
    OEW   = 5.137148e+04 lbm   
    Wbatt = 2.243847e+03 lbm   
    Wfuel = 1.864118e+04 lbm   
    Wem   = 5.726800e+02 lbm   
    Weg   = 0.000000e+00 lbm   
    S     = 8.353673e+02 ft^2

Iteration 26:
    MTOW  = 8.919363e+04 lbm   
    OEW   = 5.137148e+04 lbm   
    Wbatt = 2.243847e+03 lbm   
    Wfuel = 1.861614e+04 lbm   
    Wem   = 5.726800e+02 lbm   
    Weg   = 0.000000e+00 lbm   
    S     = 8.353673e+02 ft^2

Iteration 27:
    MTOW  = 8.942220e+04 lbm   
    OEW   = 5.137148e+04 lbm   
    Wbatt = 2.243847e+03 lbm   
    Wfuel = 1.884471e+04 lbm   
    Wem   = 5.726800e+02 lbm   
    Weg   = 0.000000e+00 lbm   
    S     = 8.353673e+02 ft^2

Iteration 28:
    MTOW  = 8.921867e+04 lbm   
    OEW   = 5.137148e+04 lbm   
    Wbatt = 2.243847e+03 lbm   
    Wfuel = 1.864118e+04 lbm   
    Wem   = 5.726800e+02 lbm   
    Weg   = 0.000000e+00 lbm   
    S     = 8.353673e+02 ft^2

Iteration 29:
    MTOW  = 8.919363e+04 lbm   
    OEW   = 5.137148e+04 lbm   
    Wbatt = 2.243847e+03 lbm   
    Wfuel = 1.861614e+04 lbm   
    Wem   = 5.726800e+02 lbm   
    Weg   = 0.000000e+00 lbm   
    S     = 8.353673e+02 ft^2

Initial Size:          
    MTOW  = 9.126388e+04 lbm   
    Wbatt = 2.243847e+03 lbm   
    Wfuel = 2.068639e+04 lbm   
    S     = 8.353673e+02 ft^2

Iteration  0:
    MTOW  = 8.972470e+04 lbm   
    OEW   = 5.137148e+04 lbm   
    Wbatt = 2.243847e+03 lbm   
    Wfuel = 1.914721e+04 lbm   
    Wem   = 5.726800e+02 lbm   
    Weg   = 0.000000e+00 lbm   
    S     = 8.353673e+02 ft^2

Iteration  1:
    MTOW  = 8.925246e+04 lbm   
    OEW   = 5.137148e+04 lbm   
    Wbatt = 2.243847e+03 lbm   
    Wfuel = 1.867497e+04 lbm   
    Wem   = 5.726800e+02 lbm   
    Weg   = 0.000000e+00 lbm   
    S     = 8.353673e+02 ft^2

Iteration  2:
    MTOW  = 8.919787e+04 lbm   
    OEW   = 5.137148e+04 lbm   
    Wbatt = 2.243847e+03 lbm   
    Wfuel = 1.862039e+04 lbm   
    Wem   = 5.726800e+02 lbm   
    Weg   = 0.000000e+00 lbm   
    S     = 8.353673e+02 ft^2

Iteration  3:
    MTOW  = 8.942306e+04 lbm   
    OEW   = 5.137148e+04 lbm   
    Wbatt = 2.243847e+03 lbm   
    Wfuel = 1.884557e+04 lbm   
    Wem   = 5.726800e+02 lbm   
    Weg   = 0.000000e+00 lbm   
    S     = 8.353673e+02 ft^2

Iteration  4:
    MTOW  = 8.921883e+04 lbm   
    OEW   = 5.137148e+04 lbm   
    Wbatt = 2.243847e+03 lbm   
    Wfuel = 1.864135e+04 lbm   
    Wem   = 5.726800e+02 lbm   
    Weg   = 0.000000e+00 lbm   
    S     = 8.353673e+02 ft^2

Iteration  5:
    MTOW  = 8.919366e+04 lbm   
    OEW   = 5.137148e+04 lbm   
    Wbatt = 2.243847e+03 lbm   
    Wfuel = 1.861617e+04 lbm   
    Wem   = 5.726800e+02 lbm   
    Weg   = 0.000000e+00 lbm   
    S     = 8.353673e+02 ft^2

Iteration  6:
    MTOW  = 8.942221e+04 lbm   
    OEW   = 5.137148e+04 lbm   
    Wbatt = 2.243847e+03 lbm   
    Wfuel = 1.884472e+04 lbm   
    Wem   = 5.726800e+02 lbm   
    Weg   = 0.000000e+00 lbm   
    S     = 8.353673e+02 ft^2

Iteration  7:
    MTOW  = 8.921867e+04 lbm   
    OEW   = 5.137148e+04 lbm   
    Wbatt = 2.243847e+03 lbm   
    Wfuel = 1.864118e+04 lbm   
    Wem   = 5.726800e+02 lbm   
    Weg   = 0.000000e+00 lbm   
    S     = 8.353673e+02 ft^2

Iteration  8:
    MTOW  = 8.919363e+04 lbm   
    OEW   = 5.137148e+04 lbm   
    Wbatt = 2.243847e+03 lbm   
    Wfuel = 1.861614e+04 lbm   
    Wem   = 5.726800e+02 lbm   
    Weg   = 0.000000e+00 lbm   
    S     = 8.353673e+02 ft^2

Iteration  9:
    MTOW  = 8.942220e+04 lbm   
    OEW   = 5.137148e+04 lbm   
    Wbatt = 2.243847e+03 lbm   
    Wfuel = 1.884471e+04 lbm   
    Wem   = 5.726800e+02 lbm   
    Weg   = 0.000000e+00 lbm   
    S     = 8.353673e+02 ft^2

Iteration 10:
    MTOW  = 8.921867e+04 lbm   
    OEW   = 5.137148e+04 lbm   
    Wbatt = 2.243847e+03 lbm   
    Wfuel = 1.864118e+04 lbm   
    Wem   = 5.726800e+02 lbm   
    Weg   = 0.000000e+00 lbm   
    S     = 8.353673e+02 ft^2

Iteration 11:
    MTOW  = 8.919363e+04 lbm   
    OEW   = 5.137148e+04 lbm   
    Wbatt = 2.243847e+03 lbm   
    Wfuel = 1.861614e+04 lbm   
    Wem   = 5.726800e+02 lbm   
    Weg   = 0.000000e+00 lbm   
    S     = 8.353673e+02 ft^2

Iteration 12:
    MTOW  = 8.942220e+04 lbm   
    OEW   = 5.137148e+04 lbm   
    Wbatt = 2.243847e+03 lbm   
    Wfuel = 1.884471e+04 lbm   
    Wem   = 5.726800e+02 lbm   
    Weg   = 0.000000e+00 lbm   
    S     = 8.353673e+02 ft^2

Iteration 13:
    MTOW  = 8.921867e+04 lbm   
    OEW   = 5.137148e+04 lbm   
    Wbatt = 2.243847e+03 lbm   
    Wfuel = 1.864118e+04 lbm   
    Wem   = 5.726800e+02 lbm   
    Weg   = 0.000000e+00 lbm   
    S     = 8.353673e+02 ft^2

Iteration 14:
    MTOW  = 8.919363e+04 lbm   
    OEW   = 5.137148e+04 lbm   
    Wbatt = 2.243847e+03 lbm   
    Wfuel = 1.861614e+04 lbm   
    Wem   = 5.726800e+02 lbm   
    Weg   = 0.000000e+00 lbm   
    S     = 8.353673e+02 ft^2

Iteration 15:
    MTOW  = 8.942220e+04 lbm   
    OEW   = 5.137148e+04 lbm   
    Wbatt = 2.243847e+03 lbm   
    Wfuel = 1.884471e+04 lbm   
    Wem   = 5.726800e+02 lbm   
    Weg   = 0.000000e+00 lbm   
    S     = 8.353673e+02 ft^2

Iteration 16:
    MTOW  = 8.921867e+04 lbm   
    OEW   = 5.137148e+04 lbm   
    Wbatt = 2.243847e+03 lbm   
    Wfuel = 1.864118e+04 lbm   
    Wem   = 5.726800e+02 lbm   
    Weg   = 0.000000e+00 lbm   
    S     = 8.353673e+02 ft^2

Iteration 17:
    MTOW  = 8.919363e+04 lbm   
    OEW   = 5.137148e+04 lbm   
    Wbatt = 2.243847e+03 lbm   
    Wfuel = 1.861614e+04 lbm   
    Wem   = 5.726800e+02 lbm   
    Weg   = 0.000000e+00 lbm   
    S     = 8.353673e+02 ft^2

Iteration 18:
    MTOW  = 8.942220e+04 lbm   
    OEW   = 5.137148e+04 lbm   
    Wbatt = 2.243847e+03 lbm   
    Wfuel = 1.884471e+04 lbm   
    Wem   = 5.726800e+02 lbm   
    Weg   = 0.000000e+00 lbm   
    S     = 8.353673e+02 ft^2

Iteration 19:
    MTOW  = 8.921867e+04 lbm   
    OEW   = 5.137148e+04 lbm   
    Wbatt = 2.243847e+03 lbm   
    Wfuel = 1.864118e+04 lbm   
    Wem   = 5.726800e+02 lbm   
    Weg   = 0.000000e+00 lbm   
    S     = 8.353673e+02 ft^2

Iteration 20:
    MTOW  = 8.919363e+04 lbm   
    OEW   = 5.137148e+04 lbm   
    Wbatt = 2.243847e+03 lbm   
    Wfuel = 1.861614e+04 lbm   
    Wem   = 5.726800e+02 lbm   
    Weg   = 0.000000e+00 lbm   
    S     = 8.353673e+02 ft^2

Iteration 21:
    MTOW  = 8.942220e+04 lbm   
    OEW   = 5.137148e+04 lbm   
    Wbatt = 2.243847e+03 lbm   
    Wfuel = 1.884471e+04 lbm   
    Wem   = 5.726800e+02 lbm   
    Weg   = 0.000000e+00 lbm   
    S     = 8.353673e+02 ft^2

Iteration 22:
    MTOW  = 8.921867e+04 lbm   
    OEW   = 5.137148e+04 lbm   
    Wbatt = 2.243847e+03 lbm   
    Wfuel = 1.864118e+04 lbm   
    Wem   = 5.726800e+02 lbm   
    Weg   = 0.000000e+00 lbm   
    S     = 8.353673e+02 ft^2

Iteration 23:
    MTOW  = 8.919363e+04 lbm   
    OEW   = 5.137148e+04 lbm   
    Wbatt = 2.243847e+03 lbm   
    Wfuel = 1.861614e+04 lbm   
    Wem   = 5.726800e+02 lbm   
    Weg   = 0.000000e+00 lbm   
    S     = 8.353673e+02 ft^2

Iteration 24:
    MTOW  = 8.942220e+04 lbm   
    OEW   = 5.137148e+04 lbm   
    Wbatt = 2.243847e+03 lbm   
    Wfuel = 1.884471e+04 lbm   
    Wem   = 5.726800e+02 lbm   
    Weg   = 0.000000e+00 lbm   
    S     = 8.353673e+02 ft^2

Iteration 25:
    MTOW  = 8.921867e+04 lbm   
    OEW   = 5.137148e+04 lbm   
    Wbatt = 2.243847e+03 lbm   
    Wfuel = 1.864118e+04 lbm   
    Wem   = 5.726800e+02 lbm   
    Weg   = 0.000000e+00 lbm   
    S     = 8.353673e+02 ft^2

Iteration 26:
    MTOW  = 8.919363e+04 lbm   
    OEW   = 5.137148e+04 lbm   
    Wbatt = 2.243847e+03 lbm   
    Wfuel = 1.861614e+04 lbm   
    Wem   = 5.726800e+02 lbm   
    Weg   = 0.000000e+00 lbm   
    S     = 8.353673e+02 ft^2

Iteration 27:
    MTOW  = 8.942220e+04 lbm   
    OEW   = 5.137148e+04 lbm   
    Wbatt = 2.243847e+03 lbm   
    Wfuel = 1.884471e+04 lbm   
    Wem   = 5.726800e+02 lbm   
    Weg   = 0.000000e+00 lbm   
    S     = 8.353673e+02 ft^2

Iteration 28:
    MTOW  = 8.921867e+04 lbm   
    OEW   = 5.137148e+04 lbm   
    Wbatt = 2.243847e+03 lbm   
    Wfuel = 1.864118e+04 lbm   
    Wem   = 5.726800e+02 lbm   
    Weg   = 0.000000e+00 lbm   
    S     = 8.353673e+02 ft^2

Iteration 29:
    MTOW  = 8.919363e+04 lbm   
    OEW   = 5.137148e+04 lbm   
    Wbatt = 2.243847e+03 lbm   
    Wfuel = 1.861614e+04 lbm   
    Wem   = 5.726800e+02 lbm   
    Weg   = 0.000000e+00 lbm   
    S     = 8.353673e+02 ft^2

Initial Size:          
    MTOW  = 9.126388e+04 lbm   
    Wbatt = 2.243847e+03 lbm   
    Wfuel = 2.068639e+04 lbm   
    S     = 8.353673e+02 ft^2

Iteration  0:
    MTOW  = 8.972470e+04 lbm   
    OEW   = 5.137148e+04 lbm   
    Wbatt = 2.243847e+03 lbm   
    Wfuel = 1.914721e+04 lbm   
    Wem   = 5.726800e+02 lbm   
    Weg   = 0.000000e+00 lbm   
    S     = 8.353673e+02 ft^2

Iteration  1:
    MTOW  = 8.925246e+04 lbm   
    OEW   = 5.137148e+04 lbm   
    Wbatt = 2.243847e+03 lbm   
    Wfuel = 1.867497e+04 lbm   
    Wem   = 5.726800e+02 lbm   
    Weg   = 0.000000e+00 lbm   
    S     = 8.353673e+02 ft^2

Iteration  2:
    MTOW  = 8.919787e+04 lbm   
    OEW   = 5.137148e+04 lbm   
    Wbatt = 2.243847e+03 lbm   
    Wfuel = 1.862039e+04 lbm   
    Wem   = 5.726800e+02 lbm   
    Weg   = 0.000000e+00 lbm   
    S     = 8.353673e+02 ft^2

Iteration  3:
    MTOW  = 8.942306e+04 lbm   
    OEW   = 5.137148e+04 lbm   
    Wbatt = 2.243847e+03 lbm   
    Wfuel = 1.884557e+04 lbm   
    Wem   = 5.726800e+02 lbm   
    Weg   = 0.000000e+00 lbm   
    S     = 8.353673e+02 ft^2

Iteration  4:
    MTOW  = 8.921883e+04 lbm   
    OEW   = 5.137148e+04 lbm   
    Wbatt = 2.243847e+03 lbm   
    Wfuel = 1.864135e+04 lbm   
    Wem   = 5.726800e+02 lbm   
    Weg   = 0.000000e+00 lbm   
    S     = 8.353673e+02 ft^2

Iteration  5:
    MTOW  = 8.919366e+04 lbm   
    OEW   = 5.137148e+04 lbm   
    Wbatt = 2.243847e+03 lbm   
    Wfuel = 1.861617e+04 lbm   
    Wem   = 5.726800e+02 lbm   
    Weg   = 0.000000e+00 lbm   
    S     = 8.353673e+02 ft^2

Iteration  6:
    MTOW  = 8.942221e+04 lbm   
    OEW   = 5.137148e+04 lbm   
    Wbatt = 2.243847e+03 lbm   
    Wfuel = 1.884472e+04 lbm   
    Wem   = 5.726800e+02 lbm   
    Weg   = 0.000000e+00 lbm   
    S     = 8.353673e+02 ft^2

Iteration  7:
    MTOW  = 8.921867e+04 lbm   
    OEW   = 5.137148e+04 lbm   
    Wbatt = 2.243847e+03 lbm   
    Wfuel = 1.864118e+04 lbm   
    Wem   = 5.726800e+02 lbm   
    Weg   = 0.000000e+00 lbm   
    S     = 8.353673e+02 ft^2

Iteration  8:
    MTOW  = 8.919363e+04 lbm   
    OEW   = 5.137148e+04 lbm   
    Wbatt = 2.243847e+03 lbm   
    Wfuel = 1.861614e+04 lbm   
    Wem   = 5.726800e+02 lbm   
    Weg   = 0.000000e+00 lbm   
    S     = 8.353673e+02 ft^2

Iteration  9:
    MTOW  = 8.942220e+04 lbm   
    OEW   = 5.137148e+04 lbm   
    Wbatt = 2.243847e+03 lbm   
    Wfuel = 1.884471e+04 lbm   
    Wem   = 5.726800e+02 lbm   
    Weg   = 0.000000e+00 lbm   
    S     = 8.353673e+02 ft^2

Iteration 10:
    MTOW  = 8.921867e+04 lbm   
    OEW   = 5.137148e+04 lbm   
    Wbatt = 2.243847e+03 lbm   
    Wfuel = 1.864118e+04 lbm   
    Wem   = 5.726800e+02 lbm   
    Weg   = 0.000000e+00 lbm   
    S     = 8.353673e+02 ft^2

Iteration 11:
    MTOW  = 8.919363e+04 lbm   
    OEW   = 5.137148e+04 lbm   
    Wbatt = 2.243847e+03 lbm   
    Wfuel = 1.861614e+04 lbm   
    Wem   = 5.726800e+02 lbm   
    Weg   = 0.000000e+00 lbm   
    S     = 8.353673e+02 ft^2

Iteration 12:
    MTOW  = 8.942220e+04 lbm   
    OEW   = 5.137148e+04 lbm   
    Wbatt = 2.243847e+03 lbm   
    Wfuel = 1.884471e+04 lbm   
    Wem   = 5.726800e+02 lbm   
    Weg   = 0.000000e+00 lbm   
    S     = 8.353673e+02 ft^2

Iteration 13:
    MTOW  = 8.921867e+04 lbm   
    OEW   = 5.137148e+04 lbm   
    Wbatt = 2.243847e+03 lbm   
    Wfuel = 1.864118e+04 lbm   
    Wem   = 5.726800e+02 lbm   
    Weg   = 0.000000e+00 lbm   
    S     = 8.353673e+02 ft^2

Iteration 14:
    MTOW  = 8.919363e+04 lbm   
    OEW   = 5.137148e+04 lbm   
    Wbatt = 2.243847e+03 lbm   
    Wfuel = 1.861614e+04 lbm   
    Wem   = 5.726800e+02 lbm   
    Weg   = 0.000000e+00 lbm   
    S     = 8.353673e+02 ft^2

Iteration 15:
    MTOW  = 8.942220e+04 lbm   
    OEW   = 5.137148e+04 lbm   
    Wbatt = 2.243847e+03 lbm   
    Wfuel = 1.884471e+04 lbm   
    Wem   = 5.726800e+02 lbm   
    Weg   = 0.000000e+00 lbm   
    S     = 8.353673e+02 ft^2

Iteration 16:
    MTOW  = 8.921867e+04 lbm   
    OEW   = 5.137148e+04 lbm   
    Wbatt = 2.243847e+03 lbm   
    Wfuel = 1.864118e+04 lbm   
    Wem   = 5.726800e+02 lbm   
    Weg   = 0.000000e+00 lbm   
    S     = 8.353673e+02 ft^2

Iteration 17:
    MTOW  = 8.919363e+04 lbm   
    OEW   = 5.137148e+04 lbm   
    Wbatt = 2.243847e+03 lbm   
    Wfuel = 1.861614e+04 lbm   
    Wem   = 5.726800e+02 lbm   
    Weg   = 0.000000e+00 lbm   
    S     = 8.353673e+02 ft^2

Iteration 18:
    MTOW  = 8.942220e+04 lbm   
    OEW   = 5.137148e+04 lbm   
    Wbatt = 2.243847e+03 lbm   
    Wfuel = 1.884471e+04 lbm   
    Wem   = 5.726800e+02 lbm   
    Weg   = 0.000000e+00 lbm   
    S     = 8.353673e+02 ft^2

Iteration 19:
    MTOW  = 8.921867e+04 lbm   
    OEW   = 5.137148e+04 lbm   
    Wbatt = 2.243847e+03 lbm   
    Wfuel = 1.864118e+04 lbm   
    Wem   = 5.726800e+02 lbm   
    Weg   = 0.000000e+00 lbm   
    S     = 8.353673e+02 ft^2

Iteration 20:
    MTOW  = 8.919363e+04 lbm   
    OEW   = 5.137148e+04 lbm   
    Wbatt = 2.243847e+03 lbm   
    Wfuel = 1.861614e+04 lbm   
    Wem   = 5.726800e+02 lbm   
    Weg   = 0.000000e+00 lbm   
    S     = 8.353673e+02 ft^2

Iteration 21:
    MTOW  = 8.942220e+04 lbm   
    OEW   = 5.137148e+04 lbm   
    Wbatt = 2.243847e+03 lbm   
    Wfuel = 1.884471e+04 lbm   
    Wem   = 5.726800e+02 lbm   
    Weg   = 0.000000e+00 lbm   
    S     = 8.353673e+02 ft^2

Iteration 22:
    MTOW  = 8.921867e+04 lbm   
    OEW   = 5.137148e+04 lbm   
    Wbatt = 2.243847e+03 lbm   
    Wfuel = 1.864118e+04 lbm   
    Wem   = 5.726800e+02 lbm   
    Weg   = 0.000000e+00 lbm   
    S     = 8.353673e+02 ft^2

Iteration 23:
    MTOW  = 8.919363e+04 lbm   
    OEW   = 5.137148e+04 lbm   
    Wbatt = 2.243847e+03 lbm   
    Wfuel = 1.861614e+04 lbm   
    Wem   = 5.726800e+02 lbm   
    Weg   = 0.000000e+00 lbm   
    S     = 8.353673e+02 ft^2

Iteration 24:
    MTOW  = 8.942220e+04 lbm   
    OEW   = 5.137148e+04 lbm   
    Wbatt = 2.243847e+03 lbm   
    Wfuel = 1.884471e+04 lbm   
    Wem   = 5.726800e+02 lbm   
    Weg   = 0.000000e+00 lbm   
    S     = 8.353673e+02 ft^2

Iteration 25:
    MTOW  = 8.921867e+04 lbm   
    OEW   = 5.137148e+04 lbm   
    Wbatt = 2.243847e+03 lbm   
    Wfuel = 1.864118e+04 lbm   
    Wem   = 5.726800e+02 lbm   
    Weg   = 0.000000e+00 lbm   
    S     = 8.353673e+02 ft^2

Iteration 26:
    MTOW  = 8.919363e+04 lbm   
    OEW   = 5.137148e+04 lbm   
    Wbatt = 2.243847e+03 lbm   
    Wfuel = 1.861614e+04 lbm   
    Wem   = 5.726800e+02 lbm   
    Weg   = 0.000000e+00 lbm   
    S     = 8.353673e+02 ft^2

Iteration 27:
    MTOW  = 8.942220e+04 lbm   
    OEW   = 5.137148e+04 lbm   
    Wbatt = 2.243847e+03 lbm   
    Wfuel = 1.884471e+04 lbm   
    Wem   = 5.726800e+02 lbm   
    Weg   = 0.000000e+00 lbm   
    S     = 8.353673e+02 ft^2

Iteration 28:
    MTOW  = 8.921867e+04 lbm   
    OEW   = 5.137148e+04 lbm   
    Wbatt = 2.243847e+03 lbm   
    Wfuel = 1.864118e+04 lbm   
    Wem   = 5.726800e+02 lbm   
    Weg   = 0.000000e+00 lbm   
    S     = 8.353673e+02 ft^2

Iteration 29:
    MTOW  = 8.919363e+04 lbm   
    OEW   = 5.137148e+04 lbm   
    Wbatt = 2.243847e+03 lbm   
    Wfuel = 1.861614e+04 lbm   
    Wem   = 5.726800e+02 lbm   
    Weg   = 0.000000e+00 lbm   
    S     = 8.353673e+02 ft^2

Initial Size:          
    MTOW  = 9.126388e+04 lbm   
    Wbatt = 2.243847e+03 lbm   
    Wfuel = 2.068639e+04 lbm   
    S     = 8.353673e+02 ft^2

Iteration  0:
    MTOW  = 8.972470e+04 lbm   
    OEW   = 5.137148e+04 lbm   
    Wbatt = 2.243847e+03 lbm   
    Wfuel = 1.914721e+04 lbm   
    Wem   = 5.726800e+02 lbm   
    Weg   = 0.000000e+00 lbm   
    S     = 8.353673e+02 ft^2

Iteration  1:
    MTOW  = 8.925246e+04 lbm   
    OEW   = 5.137148e+04 lbm   
    Wbatt = 2.243847e+03 lbm   
    Wfuel = 1.867497e+04 lbm   
    Wem   = 5.726800e+02 lbm   
    Weg   = 0.000000e+00 lbm   
    S     = 8.353673e+02 ft^2

Iteration  2:
    MTOW  = 8.919787e+04 lbm   
    OEW   = 5.137148e+04 lbm   
    Wbatt = 2.243847e+03 lbm   
    Wfuel = 1.862039e+04 lbm   
    Wem   = 5.726800e+02 lbm   
    Weg   = 0.000000e+00 lbm   
    S     = 8.353673e+02 ft^2

Iteration  3:
    MTOW  = 8.942306e+04 lbm   
    OEW   = 5.137148e+04 lbm   
    Wbatt = 2.243847e+03 lbm   
    Wfuel = 1.884557e+04 lbm   
    Wem   = 5.726800e+02 lbm   
    Weg   = 0.000000e+00 lbm   
    S     = 8.353673e+02 ft^2

Iteration  4:
    MTOW  = 8.921883e+04 lbm   
    OEW   = 5.137148e+04 lbm   
    Wbatt = 2.243847e+03 lbm   
    Wfuel = 1.864135e+04 lbm   
    Wem   = 5.726800e+02 lbm   
    Weg   = 0.000000e+00 lbm   
    S     = 8.353673e+02 ft^2

Iteration  5:
    MTOW  = 8.919366e+04 lbm   
    OEW   = 5.137148e+04 lbm   
    Wbatt = 2.243847e+03 lbm   
    Wfuel = 1.861617e+04 lbm   
    Wem   = 5.726800e+02 lbm   
    Weg   = 0.000000e+00 lbm   
    S     = 8.353673e+02 ft^2

Iteration  6:
    MTOW  = 8.942221e+04 lbm   
    OEW   = 5.137148e+04 lbm   
    Wbatt = 2.243847e+03 lbm   
    Wfuel = 1.884472e+04 lbm   
    Wem   = 5.726800e+02 lbm   
    Weg   = 0.000000e+00 lbm   
    S     = 8.353673e+02 ft^2

Iteration  7:
    MTOW  = 8.921867e+04 lbm   
    OEW   = 5.137148e+04 lbm   
    Wbatt = 2.243847e+03 lbm   
    Wfuel = 1.864118e+04 lbm   
    Wem   = 5.726800e+02 lbm   
    Weg   = 0.000000e+00 lbm   
    S     = 8.353673e+02 ft^2

Iteration  8:
    MTOW  = 8.919363e+04 lbm   
    OEW   = 5.137148e+04 lbm   
    Wbatt = 2.243847e+03 lbm   
    Wfuel = 1.861614e+04 lbm   
    Wem   = 5.726800e+02 lbm   
    Weg   = 0.000000e+00 lbm   
    S     = 8.353673e+02 ft^2

Iteration  9:
    MTOW  = 8.942220e+04 lbm   
    OEW   = 5.137148e+04 lbm   
    Wbatt = 2.243847e+03 lbm   
    Wfuel = 1.884471e+04 lbm   
    Wem   = 5.726800e+02 lbm   
    Weg   = 0.000000e+00 lbm   
    S     = 8.353673e+02 ft^2

Iteration 10:
    MTOW  = 8.921867e+04 lbm   
    OEW   = 5.137148e+04 lbm   
    Wbatt = 2.243847e+03 lbm   
    Wfuel = 1.864118e+04 lbm   
    Wem   = 5.726800e+02 lbm   
    Weg   = 0.000000e+00 lbm   
    S     = 8.353673e+02 ft^2

Iteration 11:
    MTOW  = 8.919363e+04 lbm   
    OEW   = 5.137148e+04 lbm   
    Wbatt = 2.243847e+03 lbm   
    Wfuel = 1.861614e+04 lbm   
    Wem   = 5.726800e+02 lbm   
    Weg   = 0.000000e+00 lbm   
    S     = 8.353673e+02 ft^2

Iteration 12:
    MTOW  = 8.942220e+04 lbm   
    OEW   = 5.137148e+04 lbm   
    Wbatt = 2.243847e+03 lbm   
    Wfuel = 1.884471e+04 lbm   
    Wem   = 5.726800e+02 lbm   
    Weg   = 0.000000e+00 lbm   
    S     = 8.353673e+02 ft^2

Iteration 13:
    MTOW  = 8.921867e+04 lbm   
    OEW   = 5.137148e+04 lbm   
    Wbatt = 2.243847e+03 lbm   
    Wfuel = 1.864118e+04 lbm   
    Wem   = 5.726800e+02 lbm   
    Weg   = 0.000000e+00 lbm   
    S     = 8.353673e+02 ft^2

Iteration 14:
    MTOW  = 8.919363e+04 lbm   
    OEW   = 5.137148e+04 lbm   
    Wbatt = 2.243847e+03 lbm   
    Wfuel = 1.861614e+04 lbm   
    Wem   = 5.726800e+02 lbm   
    Weg   = 0.000000e+00 lbm   
    S     = 8.353673e+02 ft^2

Iteration 15:
    MTOW  = 8.942220e+04 lbm   
    OEW   = 5.137148e+04 lbm   
    Wbatt = 2.243847e+03 lbm   
    Wfuel = 1.884471e+04 lbm   
    Wem   = 5.726800e+02 lbm   
    Weg   = 0.000000e+00 lbm   
    S     = 8.353673e+02 ft^2

Iteration 16:
    MTOW  = 8.921867e+04 lbm   
    OEW   = 5.137148e+04 lbm   
    Wbatt = 2.243847e+03 lbm   
    Wfuel = 1.864118e+04 lbm   
    Wem   = 5.726800e+02 lbm   
    Weg   = 0.000000e+00 lbm   
    S     = 8.353673e+02 ft^2

Iteration 17:
    MTOW  = 8.919363e+04 lbm   
    OEW   = 5.137148e+04 lbm   
    Wbatt = 2.243847e+03 lbm   
    Wfuel = 1.861614e+04 lbm   
    Wem   = 5.726800e+02 lbm   
    Weg   = 0.000000e+00 lbm   
    S     = 8.353673e+02 ft^2

Iteration 18:
    MTOW  = 8.942220e+04 lbm   
    OEW   = 5.137148e+04 lbm   
    Wbatt = 2.243847e+03 lbm   
    Wfuel = 1.884471e+04 lbm   
    Wem   = 5.726800e+02 lbm   
    Weg   = 0.000000e+00 lbm   
    S     = 8.353673e+02 ft^2

Iteration 19:
    MTOW  = 8.921867e+04 lbm   
    OEW   = 5.137148e+04 lbm   
    Wbatt = 2.243847e+03 lbm   
    Wfuel = 1.864118e+04 lbm   
    Wem   = 5.726800e+02 lbm   
    Weg   = 0.000000e+00 lbm   
    S     = 8.353673e+02 ft^2

Iteration 20:
    MTOW  = 8.919363e+04 lbm   
    OEW   = 5.137148e+04 lbm   
    Wbatt = 2.243847e+03 lbm   
    Wfuel = 1.861614e+04 lbm   
    Wem   = 5.726800e+02 lbm   
    Weg   = 0.000000e+00 lbm   
    S     = 8.353673e+02 ft^2

Iteration 21:
    MTOW  = 8.942220e+04 lbm   
    OEW   = 5.137148e+04 lbm   
    Wbatt = 2.243847e+03 lbm   
    Wfuel = 1.884471e+04 lbm   
    Wem   = 5.726800e+02 lbm   
    Weg   = 0.000000e+00 lbm   
    S     = 8.353673e+02 ft^2

Iteration 22:
    MTOW  = 8.921867e+04 lbm   
    OEW   = 5.137148e+04 lbm   
    Wbatt = 2.243847e+03 lbm   
    Wfuel = 1.864118e+04 lbm   
    Wem   = 5.726800e+02 lbm   
    Weg   = 0.000000e+00 lbm   
    S     = 8.353673e+02 ft^2

Iteration 23:
    MTOW  = 8.919363e+04 lbm   
    OEW   = 5.137148e+04 lbm   
    Wbatt = 2.243847e+03 lbm   
    Wfuel = 1.861614e+04 lbm   
    Wem   = 5.726800e+02 lbm   
    Weg   = 0.000000e+00 lbm   
    S     = 8.353673e+02 ft^2

Iteration 24:
    MTOW  = 8.942220e+04 lbm   
    OEW   = 5.137148e+04 lbm   
    Wbatt = 2.243847e+03 lbm   
    Wfuel = 1.884471e+04 lbm   
    Wem   = 5.726800e+02 lbm   
    Weg   = 0.000000e+00 lbm   
    S     = 8.353673e+02 ft^2

Iteration 25:
    MTOW  = 8.921867e+04 lbm   
    OEW   = 5.137148e+04 lbm   
    Wbatt = 2.243847e+03 lbm   
    Wfuel = 1.864118e+04 lbm   
    Wem   = 5.726800e+02 lbm   
    Weg   = 0.000000e+00 lbm   
    S     = 8.353673e+02 ft^2

Iteration 26:
    MTOW  = 8.919363e+04 lbm   
    OEW   = 5.137148e+04 lbm   
    Wbatt = 2.243847e+03 lbm   
    Wfuel = 1.861614e+04 lbm   
    Wem   = 5.726800e+02 lbm   
    Weg   = 0.000000e+00 lbm   
    S     = 8.353673e+02 ft^2

Iteration 27:
    MTOW  = 8.942220e+04 lbm   
    OEW   = 5.137148e+04 lbm   
    Wbatt = 2.243847e+03 lbm   
    Wfuel = 1.884471e+04 lbm   
    Wem   = 5.726800e+02 lbm   
    Weg   = 0.000000e+00 lbm   
    S     = 8.353673e+02 ft^2

Iteration 28:
    MTOW  = 8.921867e+04 lbm   
    OEW   = 5.137148e+04 lbm   
    Wbatt = 2.243847e+03 lbm   
    Wfuel = 1.864118e+04 lbm   
    Wem   = 5.726800e+02 lbm   
    Weg   = 0.000000e+00 lbm   
    S     = 8.353673e+02 ft^2

Iteration 29:
    MTOW  = 8.919363e+04 lbm   
    OEW   = 5.137148e+04 lbm   
    Wbatt = 2.243847e+03 lbm   
    Wfuel = 1.861614e+04 lbm   
    Wem   = 5.726800e+02 lbm   
    Weg   = 0.000000e+00 lbm   
    S     = 8.353673e+02 ft^2

Initial Size:          
    MTOW  = 9.126388e+04 lbm   
    Wbatt = 2.243847e+03 lbm   
    Wfuel = 2.068639e+04 lbm   
    S     = 8.353673e+02 ft^2

Iteration  0:
    MTOW  = 8.972470e+04 lbm   
    OEW   = 5.137148e+04 lbm   
    Wbatt = 2.243847e+03 lbm   
    Wfuel = 1.914721e+04 lbm   
    Wem   = 5.726800e+02 lbm   
    Weg   = 0.000000e+00 lbm   
    S     = 8.353673e+02 ft^2

Iteration  1:
    MTOW  = 8.925246e+04 lbm   
    OEW   = 5.137148e+04 lbm   
    Wbatt = 2.243847e+03 lbm   
    Wfuel = 1.867497e+04 lbm   
    Wem   = 5.726800e+02 lbm   
    Weg   = 0.000000e+00 lbm   
    S     = 8.353673e+02 ft^2

Iteration  2:
    MTOW  = 8.919787e+04 lbm   
    OEW   = 5.137148e+04 lbm   
    Wbatt = 2.243847e+03 lbm   
    Wfuel = 1.862039e+04 lbm   
    Wem   = 5.726800e+02 lbm   
    Weg   = 0.000000e+00 lbm   
    S     = 8.353673e+02 ft^2

Iteration  3:
    MTOW  = 8.942306e+04 lbm   
    OEW   = 5.137148e+04 lbm   
    Wbatt = 2.243847e+03 lbm   
    Wfuel = 1.884557e+04 lbm   
    Wem   = 5.726800e+02 lbm   
    Weg   = 0.000000e+00 lbm   
    S     = 8.353673e+02 ft^2

Iteration  4:
    MTOW  = 8.921883e+04 lbm   
    OEW   = 5.137148e+04 lbm   
    Wbatt = 2.243847e+03 lbm   
    Wfuel = 1.864135e+04 lbm   
    Wem   = 5.726800e+02 lbm   
    Weg   = 0.000000e+00 lbm   
    S     = 8.353673e+02 ft^2

Iteration  5:
    MTOW  = 8.919366e+04 lbm   
    OEW   = 5.137148e+04 lbm   
    Wbatt = 2.243847e+03 lbm   
    Wfuel = 1.861617e+04 lbm   
    Wem   = 5.726800e+02 lbm   
    Weg   = 0.000000e+00 lbm   
    S     = 8.353673e+02 ft^2

Iteration  6:
    MTOW  = 8.942221e+04 lbm   
    OEW   = 5.137148e+04 lbm   
    Wbatt = 2.243847e+03 lbm   
    Wfuel = 1.884472e+04 lbm   
    Wem   = 5.726800e+02 lbm   
    Weg   = 0.000000e+00 lbm   
    S     = 8.353673e+02 ft^2

Iteration  7:
    MTOW  = 8.921867e+04 lbm   
    OEW   = 5.137148e+04 lbm   
    Wbatt = 2.243847e+03 lbm   
    Wfuel = 1.864118e+04 lbm   
    Wem   = 5.726800e+02 lbm   
    Weg   = 0.000000e+00 lbm   
    S     = 8.353673e+02 ft^2

Iteration  8:
    MTOW  = 8.919363e+04 lbm   
    OEW   = 5.137148e+04 lbm   
    Wbatt = 2.243847e+03 lbm   
    Wfuel = 1.861614e+04 lbm   
    Wem   = 5.726800e+02 lbm   
    Weg   = 0.000000e+00 lbm   
    S     = 8.353673e+02 ft^2

Iteration  9:
    MTOW  = 8.942220e+04 lbm   
    OEW   = 5.137148e+04 lbm   
    Wbatt = 2.243847e+03 lbm   
    Wfuel = 1.884471e+04 lbm   
    Wem   = 5.726800e+02 lbm   
    Weg   = 0.000000e+00 lbm   
    S     = 8.353673e+02 ft^2

Iteration 10:
    MTOW  = 8.921867e+04 lbm   
    OEW   = 5.137148e+04 lbm   
    Wbatt = 2.243847e+03 lbm   
    Wfuel = 1.864118e+04 lbm   
    Wem   = 5.726800e+02 lbm   
    Weg   = 0.000000e+00 lbm   
    S     = 8.353673e+02 ft^2

Iteration 11:
    MTOW  = 8.919363e+04 lbm   
    OEW   = 5.137148e+04 lbm   
    Wbatt = 2.243847e+03 lbm   
    Wfuel = 1.861614e+04 lbm   
    Wem   = 5.726800e+02 lbm   
    Weg   = 0.000000e+00 lbm   
    S     = 8.353673e+02 ft^2

Iteration 12:
    MTOW  = 8.942220e+04 lbm   
    OEW   = 5.137148e+04 lbm   
    Wbatt = 2.243847e+03 lbm   
    Wfuel = 1.884471e+04 lbm   
    Wem   = 5.726800e+02 lbm   
    Weg   = 0.000000e+00 lbm   
    S     = 8.353673e+02 ft^2

Iteration 13:
    MTOW  = 8.921867e+04 lbm   
    OEW   = 5.137148e+04 lbm   
    Wbatt = 2.243847e+03 lbm   
    Wfuel = 1.864118e+04 lbm   
    Wem   = 5.726800e+02 lbm   
    Weg   = 0.000000e+00 lbm   
    S     = 8.353673e+02 ft^2

Iteration 14:
    MTOW  = 8.919363e+04 lbm   
    OEW   = 5.137148e+04 lbm   
    Wbatt = 2.243847e+03 lbm   
    Wfuel = 1.861614e+04 lbm   
    Wem   = 5.726800e+02 lbm   
    Weg   = 0.000000e+00 lbm   
    S     = 8.353673e+02 ft^2

Iteration 15:
    MTOW  = 8.942220e+04 lbm   
    OEW   = 5.137148e+04 lbm   
    Wbatt = 2.243847e+03 lbm   
    Wfuel = 1.884471e+04 lbm   
    Wem   = 5.726800e+02 lbm   
    Weg   = 0.000000e+00 lbm   
    S     = 8.353673e+02 ft^2

Iteration 16:
    MTOW  = 8.921867e+04 lbm   
    OEW   = 5.137148e+04 lbm   
    Wbatt = 2.243847e+03 lbm   
    Wfuel = 1.864118e+04 lbm   
    Wem   = 5.726800e+02 lbm   
    Weg   = 0.000000e+00 lbm   
    S     = 8.353673e+02 ft^2

Iteration 17:
    MTOW  = 8.919363e+04 lbm   
    OEW   = 5.137148e+04 lbm   
    Wbatt = 2.243847e+03 lbm   
    Wfuel = 1.861614e+04 lbm   
    Wem   = 5.726800e+02 lbm   
    Weg   = 0.000000e+00 lbm   
    S     = 8.353673e+02 ft^2

Iteration 18:
    MTOW  = 8.942220e+04 lbm   
    OEW   = 5.137148e+04 lbm   
    Wbatt = 2.243847e+03 lbm   
    Wfuel = 1.884471e+04 lbm   
    Wem   = 5.726800e+02 lbm   
    Weg   = 0.000000e+00 lbm   
    S     = 8.353673e+02 ft^2

Iteration 19:
    MTOW  = 8.921867e+04 lbm   
    OEW   = 5.137148e+04 lbm   
    Wbatt = 2.243847e+03 lbm   
    Wfuel = 1.864118e+04 lbm   
    Wem   = 5.726800e+02 lbm   
    Weg   = 0.000000e+00 lbm   
    S     = 8.353673e+02 ft^2

Iteration 20:
    MTOW  = 8.919363e+04 lbm   
    OEW   = 5.137148e+04 lbm   
    Wbatt = 2.243847e+03 lbm   
    Wfuel = 1.861614e+04 lbm   
    Wem   = 5.726800e+02 lbm   
    Weg   = 0.000000e+00 lbm   
    S     = 8.353673e+02 ft^2

Iteration 21:
    MTOW  = 8.942220e+04 lbm   
    OEW   = 5.137148e+04 lbm   
    Wbatt = 2.243847e+03 lbm   
    Wfuel = 1.884471e+04 lbm   
    Wem   = 5.726800e+02 lbm   
    Weg   = 0.000000e+00 lbm   
    S     = 8.353673e+02 ft^2

Iteration 22:
    MTOW  = 8.921867e+04 lbm   
    OEW   = 5.137148e+04 lbm   
    Wbatt = 2.243847e+03 lbm   
    Wfuel = 1.864118e+04 lbm   
    Wem   = 5.726800e+02 lbm   
    Weg   = 0.000000e+00 lbm   
    S     = 8.353673e+02 ft^2

Iteration 23:
    MTOW  = 8.919363e+04 lbm   
    OEW   = 5.137148e+04 lbm   
    Wbatt = 2.243847e+03 lbm   
    Wfuel = 1.861614e+04 lbm   
    Wem   = 5.726800e+02 lbm   
    Weg   = 0.000000e+00 lbm   
    S     = 8.353673e+02 ft^2

Iteration 24:
    MTOW  = 8.942220e+04 lbm   
    OEW   = 5.137148e+04 lbm   
    Wbatt = 2.243847e+03 lbm   
    Wfuel = 1.884471e+04 lbm   
    Wem   = 5.726800e+02 lbm   
    Weg   = 0.000000e+00 lbm   
    S     = 8.353673e+02 ft^2

Iteration 25:
    MTOW  = 8.921867e+04 lbm   
    OEW   = 5.137148e+04 lbm   
    Wbatt = 2.243847e+03 lbm   
    Wfuel = 1.864118e+04 lbm   
    Wem   = 5.726800e+02 lbm   
    Weg   = 0.000000e+00 lbm   
    S     = 8.353673e+02 ft^2

Iteration 26:
    MTOW  = 8.919363e+04 lbm   
    OEW   = 5.137148e+04 lbm   
    Wbatt = 2.243847e+03 lbm   
    Wfuel = 1.861614e+04 lbm   
    Wem   = 5.726800e+02 lbm   
    Weg   = 0.000000e+00 lbm   
    S     = 8.353673e+02 ft^2

Iteration 27:
    MTOW  = 8.942220e+04 lbm   
    OEW   = 5.137148e+04 lbm   
    Wbatt = 2.243847e+03 lbm   
    Wfuel = 1.884471e+04 lbm   
    Wem   = 5.726800e+02 lbm   
    Weg   = 0.000000e+00 lbm   
    S     = 8.353673e+02 ft^2

Iteration 28:
    MTOW  = 8.921867e+04 lbm   
    OEW   = 5.137148e+04 lbm   
    Wbatt = 2.243847e+03 lbm   
    Wfuel = 1.864118e+04 lbm   
    Wem   = 5.726800e+02 lbm   
    Weg   = 0.000000e+00 lbm   
    S     = 8.353673e+02 ft^2

Iteration 29:
    MTOW  = 8.919363e+04 lbm   
    OEW   = 5.137148e+04 lbm   
    Wbatt = 2.243847e+03 lbm   
    Wfuel = 1.861614e+04 lbm   
    Wem   = 5.726800e+02 lbm   
    Weg   = 0.000000e+00 lbm   
    S     = 8.353673e+02 ft^2

Initial Size:          
    MTOW  = 9.126388e+04 lbm   
    Wbatt = 2.243847e+03 lbm   
    Wfuel = 2.068639e+04 lbm   
    S     = 8.353673e+02 ft^2

Iteration  0:
    MTOW  = 8.972470e+04 lbm   
    OEW   = 5.137148e+04 lbm   
    Wbatt = 2.243847e+03 lbm   
    Wfuel = 1.914721e+04 lbm   
    Wem   = 5.726800e+02 lbm   
    Weg   = 0.000000e+00 lbm   
    S     = 8.353673e+02 ft^2

Iteration  1:
    MTOW  = 8.925246e+04 lbm   
    OEW   = 5.137148e+04 lbm   
    Wbatt = 2.243847e+03 lbm   
    Wfuel = 1.867497e+04 lbm   
    Wem   = 5.726800e+02 lbm   
    Weg   = 0.000000e+00 lbm   
    S     = 8.353673e+02 ft^2

Iteration  2:
    MTOW  = 8.919787e+04 lbm   
    OEW   = 5.137148e+04 lbm   
    Wbatt = 2.243847e+03 lbm   
    Wfuel = 1.862039e+04 lbm   
    Wem   = 5.726800e+02 lbm   
    Weg   = 0.000000e+00 lbm   
    S     = 8.353673e+02 ft^2

Iteration  3:
    MTOW  = 8.942306e+04 lbm   
    OEW   = 5.137148e+04 lbm   
    Wbatt = 2.243847e+03 lbm   
    Wfuel = 1.884557e+04 lbm   
    Wem   = 5.726800e+02 lbm   
    Weg   = 0.000000e+00 lbm   
    S     = 8.353673e+02 ft^2

Iteration  4:
    MTOW  = 8.921883e+04 lbm   
    OEW   = 5.137148e+04 lbm   
    Wbatt = 2.243847e+03 lbm   
    Wfuel = 1.864135e+04 lbm   
    Wem   = 5.726800e+02 lbm   
    Weg   = 0.000000e+00 lbm   
    S     = 8.353673e+02 ft^2

Iteration  5:
    MTOW  = 8.919366e+04 lbm   
    OEW   = 5.137148e+04 lbm   
    Wbatt = 2.243847e+03 lbm   
    Wfuel = 1.861617e+04 lbm   
    Wem   = 5.726800e+02 lbm   
    Weg   = 0.000000e+00 lbm   
    S     = 8.353673e+02 ft^2

Iteration  6:
    MTOW  = 8.942221e+04 lbm   
    OEW   = 5.137148e+04 lbm   
    Wbatt = 2.243847e+03 lbm   
    Wfuel = 1.884472e+04 lbm   
    Wem   = 5.726800e+02 lbm   
    Weg   = 0.000000e+00 lbm   
    S     = 8.353673e+02 ft^2

Iteration  7:
    MTOW  = 8.921867e+04 lbm   
    OEW   = 5.137148e+04 lbm   
    Wbatt = 2.243847e+03 lbm   
    Wfuel = 1.864118e+04 lbm   
    Wem   = 5.726800e+02 lbm   
    Weg   = 0.000000e+00 lbm   
    S     = 8.353673e+02 ft^2

Iteration  8:
    MTOW  = 8.919363e+04 lbm   
    OEW   = 5.137148e+04 lbm   
    Wbatt = 2.243847e+03 lbm   
    Wfuel = 1.861614e+04 lbm   
    Wem   = 5.726800e+02 lbm   
    Weg   = 0.000000e+00 lbm   
    S     = 8.353673e+02 ft^2

Iteration  9:
    MTOW  = 8.942220e+04 lbm   
    OEW   = 5.137148e+04 lbm   
    Wbatt = 2.243847e+03 lbm   
    Wfuel = 1.884471e+04 lbm   
    Wem   = 5.726800e+02 lbm   
    Weg   = 0.000000e+00 lbm   
    S     = 8.353673e+02 ft^2

Iteration 10:
    MTOW  = 8.921867e+04 lbm   
    OEW   = 5.137148e+04 lbm   
    Wbatt = 2.243847e+03 lbm   
    Wfuel = 1.864118e+04 lbm   
    Wem   = 5.726800e+02 lbm   
    Weg   = 0.000000e+00 lbm   
    S     = 8.353673e+02 ft^2

Iteration 11:
    MTOW  = 8.919363e+04 lbm   
    OEW   = 5.137148e+04 lbm   
    Wbatt = 2.243847e+03 lbm   
    Wfuel = 1.861614e+04 lbm   
    Wem   = 5.726800e+02 lbm   
    Weg   = 0.000000e+00 lbm   
    S     = 8.353673e+02 ft^2

Iteration 12:
    MTOW  = 8.942220e+04 lbm   
    OEW   = 5.137148e+04 lbm   
    Wbatt = 2.243847e+03 lbm   
    Wfuel = 1.884471e+04 lbm   
    Wem   = 5.726800e+02 lbm   
    Weg   = 0.000000e+00 lbm   
    S     = 8.353673e+02 ft^2

Iteration 13:
    MTOW  = 8.921867e+04 lbm   
    OEW   = 5.137148e+04 lbm   
    Wbatt = 2.243847e+03 lbm   
    Wfuel = 1.864118e+04 lbm   
    Wem   = 5.726800e+02 lbm   
    Weg   = 0.000000e+00 lbm   
    S     = 8.353673e+02 ft^2

Iteration 14:
    MTOW  = 8.919363e+04 lbm   
    OEW   = 5.137148e+04 lbm   
    Wbatt = 2.243847e+03 lbm   
    Wfuel = 1.861614e+04 lbm   
    Wem   = 5.726800e+02 lbm   
    Weg   = 0.000000e+00 lbm   
    S     = 8.353673e+02 ft^2

Iteration 15:
    MTOW  = 8.942220e+04 lbm   
    OEW   = 5.137148e+04 lbm   
    Wbatt = 2.243847e+03 lbm   
    Wfuel = 1.884471e+04 lbm   
    Wem   = 5.726800e+02 lbm   
    Weg   = 0.000000e+00 lbm   
    S     = 8.353673e+02 ft^2

Iteration 16:
    MTOW  = 8.921867e+04 lbm   
    OEW   = 5.137148e+04 lbm   
    Wbatt = 2.243847e+03 lbm   
    Wfuel = 1.864118e+04 lbm   
    Wem   = 5.726800e+02 lbm   
    Weg   = 0.000000e+00 lbm   
    S     = 8.353673e+02 ft^2

Iteration 17:
    MTOW  = 8.919363e+04 lbm   
    OEW   = 5.137148e+04 lbm   
    Wbatt = 2.243847e+03 lbm   
    Wfuel = 1.861614e+04 lbm   
    Wem   = 5.726800e+02 lbm   
    Weg   = 0.000000e+00 lbm   
    S     = 8.353673e+02 ft^2

Iteration 18:
    MTOW  = 8.942220e+04 lbm   
    OEW   = 5.137148e+04 lbm   
    Wbatt = 2.243847e+03 lbm   
    Wfuel = 1.884471e+04 lbm   
    Wem   = 5.726800e+02 lbm   
    Weg   = 0.000000e+00 lbm   
    S     = 8.353673e+02 ft^2

Iteration 19:
    MTOW  = 8.921867e+04 lbm   
    OEW   = 5.137148e+04 lbm   
    Wbatt = 2.243847e+03 lbm   
    Wfuel = 1.864118e+04 lbm   
    Wem   = 5.726800e+02 lbm   
    Weg   = 0.000000e+00 lbm   
    S     = 8.353673e+02 ft^2

Iteration 20:
    MTOW  = 8.919363e+04 lbm   
    OEW   = 5.137148e+04 lbm   
    Wbatt = 2.243847e+03 lbm   
    Wfuel = 1.861614e+04 lbm   
    Wem   = 5.726800e+02 lbm   
    Weg   = 0.000000e+00 lbm   
    S     = 8.353673e+02 ft^2

Iteration 21:
    MTOW  = 8.942220e+04 lbm   
    OEW   = 5.137148e+04 lbm   
    Wbatt = 2.243847e+03 lbm   
    Wfuel = 1.884471e+04 lbm   
    Wem   = 5.726800e+02 lbm   
    Weg   = 0.000000e+00 lbm   
    S     = 8.353673e+02 ft^2

Iteration 22:
    MTOW  = 8.921867e+04 lbm   
    OEW   = 5.137148e+04 lbm   
    Wbatt = 2.243847e+03 lbm   
    Wfuel = 1.864118e+04 lbm   
    Wem   = 5.726800e+02 lbm   
    Weg   = 0.000000e+00 lbm   
    S     = 8.353673e+02 ft^2

Iteration 23:
    MTOW  = 8.919363e+04 lbm   
    OEW   = 5.137148e+04 lbm   
    Wbatt = 2.243847e+03 lbm   
    Wfuel = 1.861614e+04 lbm   
    Wem   = 5.726800e+02 lbm   
    Weg   = 0.000000e+00 lbm   
    S     = 8.353673e+02 ft^2

Iteration 24:
    MTOW  = 8.942220e+04 lbm   
    OEW   = 5.137148e+04 lbm   
    Wbatt = 2.243847e+03 lbm   
    Wfuel = 1.884471e+04 lbm   
    Wem   = 5.726800e+02 lbm   
    Weg   = 0.000000e+00 lbm   
    S     = 8.353673e+02 ft^2

Iteration 25:
    MTOW  = 8.921867e+04 lbm   
    OEW   = 5.137148e+04 lbm   
    Wbatt = 2.243847e+03 lbm   
    Wfuel = 1.864118e+04 lbm   
    Wem   = 5.726800e+02 lbm   
    Weg   = 0.000000e+00 lbm   
    S     = 8.353673e+02 ft^2

Iteration 26:
    MTOW  = 8.919363e+04 lbm   
    OEW   = 5.137148e+04 lbm   
    Wbatt = 2.243847e+03 lbm   
    Wfuel = 1.861614e+04 lbm   
    Wem   = 5.726800e+02 lbm   
    Weg   = 0.000000e+00 lbm   
    S     = 8.353673e+02 ft^2

Iteration 27:
    MTOW  = 8.942220e+04 lbm   
    OEW   = 5.137148e+04 lbm   
    Wbatt = 2.243847e+03 lbm   
    Wfuel = 1.884471e+04 lbm   
    Wem   = 5.726800e+02 lbm   
    Weg   = 0.000000e+00 lbm   
    S     = 8.353673e+02 ft^2

Iteration 28:
    MTOW  = 8.921867e+04 lbm   
    OEW   = 5.137148e+04 lbm   
    Wbatt = 2.243847e+03 lbm   
    Wfuel = 1.864118e+04 lbm   
    Wem   = 5.726800e+02 lbm   
    Weg   = 0.000000e+00 lbm   
    S     = 8.353673e+02 ft^2

Iteration 29:
    MTOW  = 8.919363e+04 lbm   
    OEW   = 5.137148e+04 lbm   
    Wbatt = 2.243847e+03 lbm   
    Wfuel = 1.861614e+04 lbm   
    Wem   = 5.726800e+02 lbm   
    Weg   = 0.000000e+00 lbm   
    S     = 8.353673e+02 ft^2

Initial Size:          
    MTOW  = 9.126388e+04 lbm   
    Wbatt = 2.243847e+03 lbm   
    Wfuel = 2.068639e+04 lbm   
    S     = 8.353673e+02 ft^2

Iteration  0:
    MTOW  = 8.972470e+04 lbm   
    OEW   = 5.137148e+04 lbm   
    Wbatt = 2.243847e+03 lbm   
    Wfuel = 1.914721e+04 lbm   
    Wem   = 5.726800e+02 lbm   
    Weg   = 0.000000e+00 lbm   
    S     = 8.353673e+02 ft^2

Iteration  1:
    MTOW  = 8.925246e+04 lbm   
    OEW   = 5.137148e+04 lbm   
    Wbatt = 2.243847e+03 lbm   
    Wfuel = 1.867497e+04 lbm   
    Wem   = 5.726800e+02 lbm   
    Weg   = 0.000000e+00 lbm   
    S     = 8.353673e+02 ft^2

Iteration  2:
    MTOW  = 8.919787e+04 lbm   
    OEW   = 5.137148e+04 lbm   
    Wbatt = 2.243847e+03 lbm   
    Wfuel = 1.862039e+04 lbm   
    Wem   = 5.726800e+02 lbm   
    Weg   = 0.000000e+00 lbm   
    S     = 8.353673e+02 ft^2

Iteration  3:
    MTOW  = 8.942306e+04 lbm   
    OEW   = 5.137148e+04 lbm   
    Wbatt = 2.243847e+03 lbm   
    Wfuel = 1.884557e+04 lbm   
    Wem   = 5.726800e+02 lbm   
    Weg   = 0.000000e+00 lbm   
    S     = 8.353673e+02 ft^2

Iteration  4:
    MTOW  = 8.921883e+04 lbm   
    OEW   = 5.137148e+04 lbm   
    Wbatt = 2.243847e+03 lbm   
    Wfuel = 1.864135e+04 lbm   
    Wem   = 5.726800e+02 lbm   
    Weg   = 0.000000e+00 lbm   
    S     = 8.353673e+02 ft^2

Iteration  5:
    MTOW  = 8.919366e+04 lbm   
    OEW   = 5.137148e+04 lbm   
    Wbatt = 2.243847e+03 lbm   
    Wfuel = 1.861617e+04 lbm   
    Wem   = 5.726800e+02 lbm   
    Weg   = 0.000000e+00 lbm   
    S     = 8.353673e+02 ft^2

Iteration  6:
    MTOW  = 8.942221e+04 lbm   
    OEW   = 5.137148e+04 lbm   
    Wbatt = 2.243847e+03 lbm   
    Wfuel = 1.884472e+04 lbm   
    Wem   = 5.726800e+02 lbm   
    Weg   = 0.000000e+00 lbm   
    S     = 8.353673e+02 ft^2

Iteration  7:
    MTOW  = 8.921867e+04 lbm   
    OEW   = 5.137148e+04 lbm   
    Wbatt = 2.243847e+03 lbm   
    Wfuel = 1.864118e+04 lbm   
    Wem   = 5.726800e+02 lbm   
    Weg   = 0.000000e+00 lbm   
    S     = 8.353673e+02 ft^2

Iteration  8:
    MTOW  = 8.919363e+04 lbm   
    OEW   = 5.137148e+04 lbm   
    Wbatt = 2.243847e+03 lbm   
    Wfuel = 1.861614e+04 lbm   
    Wem   = 5.726800e+02 lbm   
    Weg   = 0.000000e+00 lbm   
    S     = 8.353673e+02 ft^2

Iteration  9:
    MTOW  = 8.942220e+04 lbm   
    OEW   = 5.137148e+04 lbm   
    Wbatt = 2.243847e+03 lbm   
    Wfuel = 1.884471e+04 lbm   
    Wem   = 5.726800e+02 lbm   
    Weg   = 0.000000e+00 lbm   
    S     = 8.353673e+02 ft^2

Iteration 10:
    MTOW  = 8.921867e+04 lbm   
    OEW   = 5.137148e+04 lbm   
    Wbatt = 2.243847e+03 lbm   
    Wfuel = 1.864118e+04 lbm   
    Wem   = 5.726800e+02 lbm   
    Weg   = 0.000000e+00 lbm   
    S     = 8.353673e+02 ft^2

Iteration 11:
    MTOW  = 8.919363e+04 lbm   
    OEW   = 5.137148e+04 lbm   
    Wbatt = 2.243847e+03 lbm   
    Wfuel = 1.861614e+04 lbm   
    Wem   = 5.726800e+02 lbm   
    Weg   = 0.000000e+00 lbm   
    S     = 8.353673e+02 ft^2

Iteration 12:
    MTOW  = 8.942220e+04 lbm   
    OEW   = 5.137148e+04 lbm   
    Wbatt = 2.243847e+03 lbm   
    Wfuel = 1.884471e+04 lbm   
    Wem   = 5.726800e+02 lbm   
    Weg   = 0.000000e+00 lbm   
    S     = 8.353673e+02 ft^2

Iteration 13:
    MTOW  = 8.921867e+04 lbm   
    OEW   = 5.137148e+04 lbm   
    Wbatt = 2.243847e+03 lbm   
    Wfuel = 1.864118e+04 lbm   
    Wem   = 5.726800e+02 lbm   
    Weg   = 0.000000e+00 lbm   
    S     = 8.353673e+02 ft^2

Iteration 14:
    MTOW  = 8.919363e+04 lbm   
    OEW   = 5.137148e+04 lbm   
    Wbatt = 2.243847e+03 lbm   
    Wfuel = 1.861614e+04 lbm   
    Wem   = 5.726800e+02 lbm   
    Weg   = 0.000000e+00 lbm   
    S     = 8.353673e+02 ft^2

Iteration 15:
    MTOW  = 8.942220e+04 lbm   
    OEW   = 5.137148e+04 lbm   
    Wbatt = 2.243847e+03 lbm   
    Wfuel = 1.884471e+04 lbm   
    Wem   = 5.726800e+02 lbm   
    Weg   = 0.000000e+00 lbm   
    S     = 8.353673e+02 ft^2

Iteration 16:
    MTOW  = 8.921867e+04 lbm   
    OEW   = 5.137148e+04 lbm   
    Wbatt = 2.243847e+03 lbm   
    Wfuel = 1.864118e+04 lbm   
    Wem   = 5.726800e+02 lbm   
    Weg   = 0.000000e+00 lbm   
    S     = 8.353673e+02 ft^2

Iteration 17:
    MTOW  = 8.919363e+04 lbm   
    OEW   = 5.137148e+04 lbm   
    Wbatt = 2.243847e+03 lbm   
    Wfuel = 1.861614e+04 lbm   
    Wem   = 5.726800e+02 lbm   
    Weg   = 0.000000e+00 lbm   
    S     = 8.353673e+02 ft^2

Iteration 18:
    MTOW  = 8.942220e+04 lbm   
    OEW   = 5.137148e+04 lbm   
    Wbatt = 2.243847e+03 lbm   
    Wfuel = 1.884471e+04 lbm   
    Wem   = 5.726800e+02 lbm   
    Weg   = 0.000000e+00 lbm   
    S     = 8.353673e+02 ft^2

Iteration 19:
    MTOW  = 8.921867e+04 lbm   
    OEW   = 5.137148e+04 lbm   
    Wbatt = 2.243847e+03 lbm   
    Wfuel = 1.864118e+04 lbm   
    Wem   = 5.726800e+02 lbm   
    Weg   = 0.000000e+00 lbm   
    S     = 8.353673e+02 ft^2

Iteration 20:
    MTOW  = 8.919363e+04 lbm   
    OEW   = 5.137148e+04 lbm   
    Wbatt = 2.243847e+03 lbm   
    Wfuel = 1.861614e+04 lbm   
    Wem   = 5.726800e+02 lbm   
    Weg   = 0.000000e+00 lbm   
    S     = 8.353673e+02 ft^2

Iteration 21:
    MTOW  = 8.942220e+04 lbm   
    OEW   = 5.137148e+04 lbm   
    Wbatt = 2.243847e+03 lbm   
    Wfuel = 1.884471e+04 lbm   
    Wem   = 5.726800e+02 lbm   
    Weg   = 0.000000e+00 lbm   
    S     = 8.353673e+02 ft^2

Iteration 22:
    MTOW  = 8.921867e+04 lbm   
    OEW   = 5.137148e+04 lbm   
    Wbatt = 2.243847e+03 lbm   
    Wfuel = 1.864118e+04 lbm   
    Wem   = 5.726800e+02 lbm   
    Weg   = 0.000000e+00 lbm   
    S     = 8.353673e+02 ft^2

Iteration 23:
    MTOW  = 8.919363e+04 lbm   
    OEW   = 5.137148e+04 lbm   
    Wbatt = 2.243847e+03 lbm   
    Wfuel = 1.861614e+04 lbm   
    Wem   = 5.726800e+02 lbm   
    Weg   = 0.000000e+00 lbm   
    S     = 8.353673e+02 ft^2

Iteration 24:
    MTOW  = 8.942220e+04 lbm   
    OEW   = 5.137148e+04 lbm   
    Wbatt = 2.243847e+03 lbm   
    Wfuel = 1.884471e+04 lbm   
    Wem   = 5.726800e+02 lbm   
    Weg   = 0.000000e+00 lbm   
    S     = 8.353673e+02 ft^2

Iteration 25:
    MTOW  = 8.921867e+04 lbm   
    OEW   = 5.137148e+04 lbm   
    Wbatt = 2.243847e+03 lbm   
    Wfuel = 1.864118e+04 lbm   
    Wem   = 5.726800e+02 lbm   
    Weg   = 0.000000e+00 lbm   
    S     = 8.353673e+02 ft^2

Iteration 26:
    MTOW  = 8.919363e+04 lbm   
    OEW   = 5.137148e+04 lbm   
    Wbatt = 2.243847e+03 lbm   
    Wfuel = 1.861614e+04 lbm   
    Wem   = 5.726800e+02 lbm   
    Weg   = 0.000000e+00 lbm   
    S     = 8.353673e+02 ft^2

Iteration 27:
    MTOW  = 8.942220e+04 lbm   
    OEW   = 5.137148e+04 lbm   
    Wbatt = 2.243847e+03 lbm   
    Wfuel = 1.884471e+04 lbm   
    Wem   = 5.726800e+02 lbm   
    Weg   = 0.000000e+00 lbm   
    S     = 8.353673e+02 ft^2

Iteration 28:
    MTOW  = 8.921867e+04 lbm   
    OEW   = 5.137148e+04 lbm   
    Wbatt = 2.243847e+03 lbm   
    Wfuel = 1.864118e+04 lbm   
    Wem   = 5.726800e+02 lbm   
    Weg   = 0.000000e+00 lbm   
    S     = 8.353673e+02 ft^2

Iteration 29:
    MTOW  = 8.919363e+04 lbm   
    OEW   = 5.137148e+04 lbm   
    Wbatt = 2.243847e+03 lbm   
    Wfuel = 1.861614e+04 lbm   
    Wem   = 5.726800e+02 lbm   
    Weg   = 0.000000e+00 lbm   
    S     = 8.353673e+02 ft^2

Initial Size:          
    MTOW  = 9.126388e+04 lbm   
    Wbatt = 2.243847e+03 lbm   
    Wfuel = 2.068639e+04 lbm   
    S     = 8.353673e+02 ft^2

Iteration  0:
    MTOW  = 8.972470e+04 lbm   
    OEW   = 5.137148e+04 lbm   
    Wbatt = 2.243847e+03 lbm   
    Wfuel = 1.914721e+04 lbm   
    Wem   = 5.726801e+02 lbm   
    Weg   = 0.000000e+00 lbm   
    S     = 8.353673e+02 ft^2

Iteration  1:
    MTOW  = 8.925246e+04 lbm   
    OEW   = 5.137148e+04 lbm   
    Wbatt = 2.243847e+03 lbm   
    Wfuel = 1.867497e+04 lbm   
    Wem   = 5.726801e+02 lbm   
    Weg   = 0.000000e+00 lbm   
    S     = 8.353673e+02 ft^2

Iteration  2:
    MTOW  = 8.919787e+04 lbm   
    OEW   = 5.137148e+04 lbm   
    Wbatt = 2.243847e+03 lbm   
    Wfuel = 1.862039e+04 lbm   
    Wem   = 5.726801e+02 lbm   
    Weg   = 0.000000e+00 lbm   
    S     = 8.353673e+02 ft^2

Iteration  3:
    MTOW  = 8.942306e+04 lbm   
    OEW   = 5.137148e+04 lbm   
    Wbatt = 2.243847e+03 lbm   
    Wfuel = 1.884557e+04 lbm   
    Wem   = 5.726801e+02 lbm   
    Weg   = 0.000000e+00 lbm   
    S     = 8.353673e+02 ft^2

Iteration  4:
    MTOW  = 8.921883e+04 lbm   
    OEW   = 5.137148e+04 lbm   
    Wbatt = 2.243847e+03 lbm   
    Wfuel = 1.864135e+04 lbm   
    Wem   = 5.726801e+02 lbm   
    Weg   = 0.000000e+00 lbm   
    S     = 8.353673e+02 ft^2

Iteration  5:
    MTOW  = 8.919366e+04 lbm   
    OEW   = 5.137148e+04 lbm   
    Wbatt = 2.243847e+03 lbm   
    Wfuel = 1.861617e+04 lbm   
    Wem   = 5.726801e+02 lbm   
    Weg   = 0.000000e+00 lbm   
    S     = 8.353673e+02 ft^2

Iteration  6:
    MTOW  = 8.942221e+04 lbm   
    OEW   = 5.137148e+04 lbm   
    Wbatt = 2.243847e+03 lbm   
    Wfuel = 1.884472e+04 lbm   
    Wem   = 5.726801e+02 lbm   
    Weg   = 0.000000e+00 lbm   
    S     = 8.353673e+02 ft^2

Iteration  7:
    MTOW  = 8.921867e+04 lbm   
    OEW   = 5.137148e+04 lbm   
    Wbatt = 2.243847e+03 lbm   
    Wfuel = 1.864118e+04 lbm   
    Wem   = 5.726801e+02 lbm   
    Weg   = 0.000000e+00 lbm   
    S     = 8.353673e+02 ft^2

Iteration  8:
    MTOW  = 8.919363e+04 lbm   
    OEW   = 5.137148e+04 lbm   
    Wbatt = 2.243847e+03 lbm   
    Wfuel = 1.861614e+04 lbm   
    Wem   = 5.726801e+02 lbm   
    Weg   = 0.000000e+00 lbm   
    S     = 8.353673e+02 ft^2

Iteration  9:
    MTOW  = 8.942220e+04 lbm   
    OEW   = 5.137148e+04 lbm   
    Wbatt = 2.243847e+03 lbm   
    Wfuel = 1.884471e+04 lbm   
    Wem   = 5.726801e+02 lbm   
    Weg   = 0.000000e+00 lbm   
    S     = 8.353673e+02 ft^2

Iteration 10:
    MTOW  = 8.921867e+04 lbm   
    OEW   = 5.137148e+04 lbm   
    Wbatt = 2.243847e+03 lbm   
    Wfuel = 1.864118e+04 lbm   
    Wem   = 5.726801e+02 lbm   
    Weg   = 0.000000e+00 lbm   
    S     = 8.353673e+02 ft^2

Iteration 11:
    MTOW  = 8.919363e+04 lbm   
    OEW   = 5.137148e+04 lbm   
    Wbatt = 2.243847e+03 lbm   
    Wfuel = 1.861614e+04 lbm   
    Wem   = 5.726801e+02 lbm   
    Weg   = 0.000000e+00 lbm   
    S     = 8.353673e+02 ft^2

Iteration 12:
    MTOW  = 8.942220e+04 lbm   
    OEW   = 5.137148e+04 lbm   
    Wbatt = 2.243847e+03 lbm   
    Wfuel = 1.884471e+04 lbm   
    Wem   = 5.726801e+02 lbm   
    Weg   = 0.000000e+00 lbm   
    S     = 8.353673e+02 ft^2

Iteration 13:
    MTOW  = 8.921867e+04 lbm   
    OEW   = 5.137148e+04 lbm   
    Wbatt = 2.243847e+03 lbm   
    Wfuel = 1.864118e+04 lbm   
    Wem   = 5.726801e+02 lbm   
    Weg   = 0.000000e+00 lbm   
    S     = 8.353673e+02 ft^2

Iteration 14:
    MTOW  = 8.919363e+04 lbm   
    OEW   = 5.137148e+04 lbm   
    Wbatt = 2.243847e+03 lbm   
    Wfuel = 1.861614e+04 lbm   
    Wem   = 5.726801e+02 lbm   
    Weg   = 0.000000e+00 lbm   
    S     = 8.353673e+02 ft^2

Iteration 15:
    MTOW  = 8.942220e+04 lbm   
    OEW   = 5.137148e+04 lbm   
    Wbatt = 2.243847e+03 lbm   
    Wfuel = 1.884471e+04 lbm   
    Wem   = 5.726801e+02 lbm   
    Weg   = 0.000000e+00 lbm   
    S     = 8.353673e+02 ft^2

Iteration 16:
    MTOW  = 8.921867e+04 lbm   
    OEW   = 5.137148e+04 lbm   
    Wbatt = 2.243847e+03 lbm   
    Wfuel = 1.864118e+04 lbm   
    Wem   = 5.726801e+02 lbm   
    Weg   = 0.000000e+00 lbm   
    S     = 8.353673e+02 ft^2

Iteration 17:
    MTOW  = 8.919363e+04 lbm   
    OEW   = 5.137148e+04 lbm   
    Wbatt = 2.243847e+03 lbm   
    Wfuel = 1.861614e+04 lbm   
    Wem   = 5.726801e+02 lbm   
    Weg   = 0.000000e+00 lbm   
    S     = 8.353673e+02 ft^2

Iteration 18:
    MTOW  = 8.942220e+04 lbm   
    OEW   = 5.137148e+04 lbm   
    Wbatt = 2.243847e+03 lbm   
    Wfuel = 1.884471e+04 lbm   
    Wem   = 5.726801e+02 lbm   
    Weg   = 0.000000e+00 lbm   
    S     = 8.353673e+02 ft^2

Iteration 19:
    MTOW  = 8.921867e+04 lbm   
    OEW   = 5.137148e+04 lbm   
    Wbatt = 2.243847e+03 lbm   
    Wfuel = 1.864118e+04 lbm   
    Wem   = 5.726801e+02 lbm   
    Weg   = 0.000000e+00 lbm   
    S     = 8.353673e+02 ft^2

Iteration 20:
    MTOW  = 8.919363e+04 lbm   
    OEW   = 5.137148e+04 lbm   
    Wbatt = 2.243847e+03 lbm   
    Wfuel = 1.861614e+04 lbm   
    Wem   = 5.726801e+02 lbm   
    Weg   = 0.000000e+00 lbm   
    S     = 8.353673e+02 ft^2

Iteration 21:
    MTOW  = 8.942220e+04 lbm   
    OEW   = 5.137148e+04 lbm   
    Wbatt = 2.243847e+03 lbm   
    Wfuel = 1.884471e+04 lbm   
    Wem   = 5.726801e+02 lbm   
    Weg   = 0.000000e+00 lbm   
    S     = 8.353673e+02 ft^2

Iteration 22:
    MTOW  = 8.921867e+04 lbm   
    OEW   = 5.137148e+04 lbm   
    Wbatt = 2.243847e+03 lbm   
    Wfuel = 1.864118e+04 lbm   
    Wem   = 5.726801e+02 lbm   
    Weg   = 0.000000e+00 lbm   
    S     = 8.353673e+02 ft^2

Iteration 23:
    MTOW  = 8.919363e+04 lbm   
    OEW   = 5.137148e+04 lbm   
    Wbatt = 2.243847e+03 lbm   
    Wfuel = 1.861614e+04 lbm   
    Wem   = 5.726801e+02 lbm   
    Weg   = 0.000000e+00 lbm   
    S     = 8.353673e+02 ft^2

Iteration 24:
    MTOW  = 8.942220e+04 lbm   
    OEW   = 5.137148e+04 lbm   
    Wbatt = 2.243847e+03 lbm   
    Wfuel = 1.884471e+04 lbm   
    Wem   = 5.726801e+02 lbm   
    Weg   = 0.000000e+00 lbm   
    S     = 8.353673e+02 ft^2

Iteration 25:
    MTOW  = 8.921867e+04 lbm   
    OEW   = 5.137148e+04 lbm   
    Wbatt = 2.243847e+03 lbm   
    Wfuel = 1.864118e+04 lbm   
    Wem   = 5.726801e+02 lbm   
    Weg   = 0.000000e+00 lbm   
    S     = 8.353673e+02 ft^2

Iteration 26:
    MTOW  = 8.919363e+04 lbm   
    OEW   = 5.137148e+04 lbm   
    Wbatt = 2.243847e+03 lbm   
    Wfuel = 1.861614e+04 lbm   
    Wem   = 5.726801e+02 lbm   
    Weg   = 0.000000e+00 lbm   
    S     = 8.353673e+02 ft^2

Iteration 27:
    MTOW  = 8.942220e+04 lbm   
    OEW   = 5.137148e+04 lbm   
    Wbatt = 2.243847e+03 lbm   
    Wfuel = 1.884471e+04 lbm   
    Wem   = 5.726801e+02 lbm   
    Weg   = 0.000000e+00 lbm   
    S     = 8.353673e+02 ft^2

Iteration 28:
    MTOW  = 8.921867e+04 lbm   
    OEW   = 5.137148e+04 lbm   
    Wbatt = 2.243847e+03 lbm   
    Wfuel = 1.864118e+04 lbm   
    Wem   = 5.726801e+02 lbm   
    Weg   = 0.000000e+00 lbm   
    S     = 8.353673e+02 ft^2

Iteration 29:
    MTOW  = 8.919363e+04 lbm   
    OEW   = 5.137148e+04 lbm   
    Wbatt = 2.243847e+03 lbm   
    Wfuel = 1.861614e+04 lbm   
    Wem   = 5.726801e+02 lbm   
    Weg   = 0.000000e+00 lbm   
    S     = 8.353673e+02 ft^2

Initial Size:          
    MTOW  = 9.126388e+04 lbm   
    Wbatt = 2.243847e+03 lbm   
    Wfuel = 2.068639e+04 lbm   
    S     = 8.353673e+02 ft^2

Iteration  0:
    MTOW  = 8.972470e+04 lbm   
    OEW   = 5.137148e+04 lbm   
    Wbatt = 2.243847e+03 lbm   
    Wfuel = 1.914721e+04 lbm   
    Wem   = 5.726800e+02 lbm   
    Weg   = 0.000000e+00 lbm   
    S     = 8.353673e+02 ft^2

Iteration  1:
    MTOW  = 8.925246e+04 lbm   
    OEW   = 5.137148e+04 lbm   
    Wbatt = 2.243847e+03 lbm   
    Wfuel = 1.867497e+04 lbm   
    Wem   = 5.726800e+02 lbm   
    Weg   = 0.000000e+00 lbm   
    S     = 8.353673e+02 ft^2

Iteration  2:
    MTOW  = 8.919787e+04 lbm   
    OEW   = 5.137148e+04 lbm   
    Wbatt = 2.243847e+03 lbm   
    Wfuel = 1.862039e+04 lbm   
    Wem   = 5.726800e+02 lbm   
    Weg   = 0.000000e+00 lbm   
    S     = 8.353673e+02 ft^2

Iteration  3:
    MTOW  = 8.942306e+04 lbm   
    OEW   = 5.137148e+04 lbm   
    Wbatt = 2.243847e+03 lbm   
    Wfuel = 1.884557e+04 lbm   
    Wem   = 5.726800e+02 lbm   
    Weg   = 0.000000e+00 lbm   
    S     = 8.353673e+02 ft^2

Iteration  4:
    MTOW  = 8.921883e+04 lbm   
    OEW   = 5.137148e+04 lbm   
    Wbatt = 2.243847e+03 lbm   
    Wfuel = 1.864135e+04 lbm   
    Wem   = 5.726800e+02 lbm   
    Weg   = 0.000000e+00 lbm   
    S     = 8.353673e+02 ft^2

Iteration  5:
    MTOW  = 8.919366e+04 lbm   
    OEW   = 5.137148e+04 lbm   
    Wbatt = 2.243847e+03 lbm   
    Wfuel = 1.861617e+04 lbm   
    Wem   = 5.726800e+02 lbm   
    Weg   = 0.000000e+00 lbm   
    S     = 8.353673e+02 ft^2

Iteration  6:
    MTOW  = 8.942221e+04 lbm   
    OEW   = 5.137148e+04 lbm   
    Wbatt = 2.243847e+03 lbm   
    Wfuel = 1.884472e+04 lbm   
    Wem   = 5.726800e+02 lbm   
    Weg   = 0.000000e+00 lbm   
    S     = 8.353673e+02 ft^2

Iteration  7:
    MTOW  = 8.921867e+04 lbm   
    OEW   = 5.137148e+04 lbm   
    Wbatt = 2.243847e+03 lbm   
    Wfuel = 1.864118e+04 lbm   
    Wem   = 5.726800e+02 lbm   
    Weg   = 0.000000e+00 lbm   
    S     = 8.353673e+02 ft^2

Iteration  8:
    MTOW  = 8.919363e+04 lbm   
    OEW   = 5.137148e+04 lbm   
    Wbatt = 2.243847e+03 lbm   
    Wfuel = 1.861614e+04 lbm   
    Wem   = 5.726800e+02 lbm   
    Weg   = 0.000000e+00 lbm   
    S     = 8.353673e+02 ft^2

Iteration  9:
    MTOW  = 8.942220e+04 lbm   
    OEW   = 5.137148e+04 lbm   
    Wbatt = 2.243847e+03 lbm   
    Wfuel = 1.884471e+04 lbm   
    Wem   = 5.726800e+02 lbm   
    Weg   = 0.000000e+00 lbm   
    S     = 8.353673e+02 ft^2

Iteration 10:
    MTOW  = 8.921867e+04 lbm   
    OEW   = 5.137148e+04 lbm   
    Wbatt = 2.243847e+03 lbm   
    Wfuel = 1.864118e+04 lbm   
    Wem   = 5.726800e+02 lbm   
    Weg   = 0.000000e+00 lbm   
    S     = 8.353673e+02 ft^2

Iteration 11:
    MTOW  = 8.919363e+04 lbm   
    OEW   = 5.137148e+04 lbm   
    Wbatt = 2.243847e+03 lbm   
    Wfuel = 1.861614e+04 lbm   
    Wem   = 5.726800e+02 lbm   
    Weg   = 0.000000e+00 lbm   
    S     = 8.353673e+02 ft^2

Iteration 12:
    MTOW  = 8.942220e+04 lbm   
    OEW   = 5.137148e+04 lbm   
    Wbatt = 2.243847e+03 lbm   
    Wfuel = 1.884471e+04 lbm   
    Wem   = 5.726800e+02 lbm   
    Weg   = 0.000000e+00 lbm   
    S     = 8.353673e+02 ft^2

Iteration 13:
    MTOW  = 8.921867e+04 lbm   
    OEW   = 5.137148e+04 lbm   
    Wbatt = 2.243847e+03 lbm   
    Wfuel = 1.864118e+04 lbm   
    Wem   = 5.726800e+02 lbm   
    Weg   = 0.000000e+00 lbm   
    S     = 8.353673e+02 ft^2

Iteration 14:
    MTOW  = 8.919363e+04 lbm   
    OEW   = 5.137148e+04 lbm   
    Wbatt = 2.243847e+03 lbm   
    Wfuel = 1.861614e+04 lbm   
    Wem   = 5.726800e+02 lbm   
    Weg   = 0.000000e+00 lbm   
    S     = 8.353673e+02 ft^2

Iteration 15:
    MTOW  = 8.942220e+04 lbm   
    OEW   = 5.137148e+04 lbm   
    Wbatt = 2.243847e+03 lbm   
    Wfuel = 1.884471e+04 lbm   
    Wem   = 5.726800e+02 lbm   
    Weg   = 0.000000e+00 lbm   
    S     = 8.353673e+02 ft^2

Iteration 16:
    MTOW  = 8.921867e+04 lbm   
    OEW   = 5.137148e+04 lbm   
    Wbatt = 2.243847e+03 lbm   
    Wfuel = 1.864118e+04 lbm   
    Wem   = 5.726800e+02 lbm   
    Weg   = 0.000000e+00 lbm   
    S     = 8.353673e+02 ft^2

Iteration 17:
    MTOW  = 8.919363e+04 lbm   
    OEW   = 5.137148e+04 lbm   
    Wbatt = 2.243847e+03 lbm   
    Wfuel = 1.861614e+04 lbm   
    Wem   = 5.726800e+02 lbm   
    Weg   = 0.000000e+00 lbm   
    S     = 8.353673e+02 ft^2

Iteration 18:
    MTOW  = 8.942220e+04 lbm   
    OEW   = 5.137148e+04 lbm   
    Wbatt = 2.243847e+03 lbm   
    Wfuel = 1.884471e+04 lbm   
    Wem   = 5.726800e+02 lbm   
    Weg   = 0.000000e+00 lbm   
    S     = 8.353673e+02 ft^2

Iteration 19:
    MTOW  = 8.921867e+04 lbm   
    OEW   = 5.137148e+04 lbm   
    Wbatt = 2.243847e+03 lbm   
    Wfuel = 1.864118e+04 lbm   
    Wem   = 5.726800e+02 lbm   
    Weg   = 0.000000e+00 lbm   
    S     = 8.353673e+02 ft^2

Iteration 20:
    MTOW  = 8.919363e+04 lbm   
    OEW   = 5.137148e+04 lbm   
    Wbatt = 2.243847e+03 lbm   
    Wfuel = 1.861614e+04 lbm   
    Wem   = 5.726800e+02 lbm   
    Weg   = 0.000000e+00 lbm   
    S     = 8.353673e+02 ft^2

Iteration 21:
    MTOW  = 8.942220e+04 lbm   
    OEW   = 5.137148e+04 lbm   
    Wbatt = 2.243847e+03 lbm   
    Wfuel = 1.884471e+04 lbm   
    Wem   = 5.726800e+02 lbm   
    Weg   = 0.000000e+00 lbm   
    S     = 8.353673e+02 ft^2

Iteration 22:
    MTOW  = 8.921867e+04 lbm   
    OEW   = 5.137148e+04 lbm   
    Wbatt = 2.243847e+03 lbm   
    Wfuel = 1.864118e+04 lbm   
    Wem   = 5.726800e+02 lbm   
    Weg   = 0.000000e+00 lbm   
    S     = 8.353673e+02 ft^2

Iteration 23:
    MTOW  = 8.919363e+04 lbm   
    OEW   = 5.137148e+04 lbm   
    Wbatt = 2.243847e+03 lbm   
    Wfuel = 1.861614e+04 lbm   
    Wem   = 5.726800e+02 lbm   
    Weg   = 0.000000e+00 lbm   
    S     = 8.353673e+02 ft^2

Iteration 24:
    MTOW  = 8.942220e+04 lbm   
    OEW   = 5.137148e+04 lbm   
    Wbatt = 2.243847e+03 lbm   
    Wfuel = 1.884471e+04 lbm   
    Wem   = 5.726800e+02 lbm   
    Weg   = 0.000000e+00 lbm   
    S     = 8.353673e+02 ft^2

Iteration 25:
    MTOW  = 8.921867e+04 lbm   
    OEW   = 5.137148e+04 lbm   
    Wbatt = 2.243847e+03 lbm   
    Wfuel = 1.864118e+04 lbm   
    Wem   = 5.726800e+02 lbm   
    Weg   = 0.000000e+00 lbm   
    S     = 8.353673e+02 ft^2

Iteration 26:
    MTOW  = 8.919363e+04 lbm   
    OEW   = 5.137148e+04 lbm   
    Wbatt = 2.243847e+03 lbm   
    Wfuel = 1.861614e+04 lbm   
    Wem   = 5.726800e+02 lbm   
    Weg   = 0.000000e+00 lbm   
    S     = 8.353673e+02 ft^2

Iteration 27:
    MTOW  = 8.942220e+04 lbm   
    OEW   = 5.137148e+04 lbm   
    Wbatt = 2.243847e+03 lbm   
    Wfuel = 1.884471e+04 lbm   
    Wem   = 5.726800e+02 lbm   
    Weg   = 0.000000e+00 lbm   
    S     = 8.353673e+02 ft^2

Iteration 28:
    MTOW  = 8.921867e+04 lbm   
    OEW   = 5.137148e+04 lbm   
    Wbatt = 2.243847e+03 lbm   
    Wfuel = 1.864118e+04 lbm   
    Wem   = 5.726800e+02 lbm   
    Weg   = 0.000000e+00 lbm   
    S     = 8.353673e+02 ft^2

Iteration 29:
    MTOW  = 8.919363e+04 lbm   
    OEW   = 5.137148e+04 lbm   
    Wbatt = 2.243847e+03 lbm   
    Wfuel = 1.861614e+04 lbm   
    Wem   = 5.726800e+02 lbm   
    Weg   = 0.000000e+00 lbm   
    S     = 8.353673e+02 ft^2

Initial Size:          
    MTOW  = 9.126388e+04 lbm   
    Wbatt = 2.243847e+03 lbm   
    Wfuel = 2.068639e+04 lbm   
    S     = 8.353673e+02 ft^2

Iteration  0:
    MTOW  = 8.972470e+04 lbm   
    OEW   = 5.137148e+04 lbm   
    Wbatt = 2.243847e+03 lbm   
    Wfuel = 1.914721e+04 lbm   
    Wem   = 5.726800e+02 lbm   
    Weg   = 0.000000e+00 lbm   
    S     = 8.353673e+02 ft^2

Iteration  1:
    MTOW  = 8.925246e+04 lbm   
    OEW   = 5.137148e+04 lbm   
    Wbatt = 2.243847e+03 lbm   
    Wfuel = 1.867497e+04 lbm   
    Wem   = 5.726800e+02 lbm   
    Weg   = 0.000000e+00 lbm   
    S     = 8.353673e+02 ft^2

Iteration  2:
    MTOW  = 8.919787e+04 lbm   
    OEW   = 5.137148e+04 lbm   
    Wbatt = 2.243847e+03 lbm   
    Wfuel = 1.862039e+04 lbm   
    Wem   = 5.726800e+02 lbm   
    Weg   = 0.000000e+00 lbm   
    S     = 8.353673e+02 ft^2

Iteration  3:
    MTOW  = 8.942306e+04 lbm   
    OEW   = 5.137148e+04 lbm   
    Wbatt = 2.243847e+03 lbm   
    Wfuel = 1.884557e+04 lbm   
    Wem   = 5.726800e+02 lbm   
    Weg   = 0.000000e+00 lbm   
    S     = 8.353673e+02 ft^2

Iteration  4:
    MTOW  = 8.921883e+04 lbm   
    OEW   = 5.137148e+04 lbm   
    Wbatt = 2.243847e+03 lbm   
    Wfuel = 1.864135e+04 lbm   
    Wem   = 5.726800e+02 lbm   
    Weg   = 0.000000e+00 lbm   
    S     = 8.353673e+02 ft^2

Iteration  5:
    MTOW  = 8.919366e+04 lbm   
    OEW   = 5.137148e+04 lbm   
    Wbatt = 2.243847e+03 lbm   
    Wfuel = 1.861617e+04 lbm   
    Wem   = 5.726800e+02 lbm   
    Weg   = 0.000000e+00 lbm   
    S     = 8.353673e+02 ft^2

Iteration  6:
    MTOW  = 8.942221e+04 lbm   
    OEW   = 5.137148e+04 lbm   
    Wbatt = 2.243847e+03 lbm   
    Wfuel = 1.884472e+04 lbm   
    Wem   = 5.726800e+02 lbm   
    Weg   = 0.000000e+00 lbm   
    S     = 8.353673e+02 ft^2

Iteration  7:
    MTOW  = 8.921867e+04 lbm   
    OEW   = 5.137148e+04 lbm   
    Wbatt = 2.243847e+03 lbm   
    Wfuel = 1.864118e+04 lbm   
    Wem   = 5.726800e+02 lbm   
    Weg   = 0.000000e+00 lbm   
    S     = 8.353673e+02 ft^2

Iteration  8:
    MTOW  = 8.919363e+04 lbm   
    OEW   = 5.137148e+04 lbm   
    Wbatt = 2.243847e+03 lbm   
    Wfuel = 1.861614e+04 lbm   
    Wem   = 5.726800e+02 lbm   
    Weg   = 0.000000e+00 lbm   
    S     = 8.353673e+02 ft^2

Iteration  9:
    MTOW  = 8.942220e+04 lbm   
    OEW   = 5.137148e+04 lbm   
    Wbatt = 2.243847e+03 lbm   
    Wfuel = 1.884471e+04 lbm   
    Wem   = 5.726800e+02 lbm   
    Weg   = 0.000000e+00 lbm   
    S     = 8.353673e+02 ft^2

Iteration 10:
    MTOW  = 8.921867e+04 lbm   
    OEW   = 5.137148e+04 lbm   
    Wbatt = 2.243847e+03 lbm   
    Wfuel = 1.864118e+04 lbm   
    Wem   = 5.726800e+02 lbm   
    Weg   = 0.000000e+00 lbm   
    S     = 8.353673e+02 ft^2

Iteration 11:
    MTOW  = 8.919363e+04 lbm   
    OEW   = 5.137148e+04 lbm   
    Wbatt = 2.243847e+03 lbm   
    Wfuel = 1.861614e+04 lbm   
    Wem   = 5.726800e+02 lbm   
    Weg   = 0.000000e+00 lbm   
    S     = 8.353673e+02 ft^2

Iteration 12:
    MTOW  = 8.942220e+04 lbm   
    OEW   = 5.137148e+04 lbm   
    Wbatt = 2.243847e+03 lbm   
    Wfuel = 1.884471e+04 lbm   
    Wem   = 5.726800e+02 lbm   
    Weg   = 0.000000e+00 lbm   
    S     = 8.353673e+02 ft^2

Iteration 13:
    MTOW  = 8.921867e+04 lbm   
    OEW   = 5.137148e+04 lbm   
    Wbatt = 2.243847e+03 lbm   
    Wfuel = 1.864118e+04 lbm   
    Wem   = 5.726800e+02 lbm   
    Weg   = 0.000000e+00 lbm   
    S     = 8.353673e+02 ft^2

Iteration 14:
    MTOW  = 8.919363e+04 lbm   
    OEW   = 5.137148e+04 lbm   
    Wbatt = 2.243847e+03 lbm   
    Wfuel = 1.861614e+04 lbm   
    Wem   = 5.726800e+02 lbm   
    Weg   = 0.000000e+00 lbm   
    S     = 8.353673e+02 ft^2

Iteration 15:
    MTOW  = 8.942220e+04 lbm   
    OEW   = 5.137148e+04 lbm   
    Wbatt = 2.243847e+03 lbm   
    Wfuel = 1.884471e+04 lbm   
    Wem   = 5.726800e+02 lbm   
    Weg   = 0.000000e+00 lbm   
    S     = 8.353673e+02 ft^2

Iteration 16:
    MTOW  = 8.921867e+04 lbm   
    OEW   = 5.137148e+04 lbm   
    Wbatt = 2.243847e+03 lbm   
    Wfuel = 1.864118e+04 lbm   
    Wem   = 5.726800e+02 lbm   
    Weg   = 0.000000e+00 lbm   
    S     = 8.353673e+02 ft^2

Iteration 17:
    MTOW  = 8.919363e+04 lbm   
    OEW   = 5.137148e+04 lbm   
    Wbatt = 2.243847e+03 lbm   
    Wfuel = 1.861614e+04 lbm   
    Wem   = 5.726800e+02 lbm   
    Weg   = 0.000000e+00 lbm   
    S     = 8.353673e+02 ft^2

Iteration 18:
    MTOW  = 8.942220e+04 lbm   
    OEW   = 5.137148e+04 lbm   
    Wbatt = 2.243847e+03 lbm   
    Wfuel = 1.884471e+04 lbm   
    Wem   = 5.726800e+02 lbm   
    Weg   = 0.000000e+00 lbm   
    S     = 8.353673e+02 ft^2

Iteration 19:
    MTOW  = 8.921867e+04 lbm   
    OEW   = 5.137148e+04 lbm   
    Wbatt = 2.243847e+03 lbm   
    Wfuel = 1.864118e+04 lbm   
    Wem   = 5.726800e+02 lbm   
    Weg   = 0.000000e+00 lbm   
    S     = 8.353673e+02 ft^2

Iteration 20:
    MTOW  = 8.919363e+04 lbm   
    OEW   = 5.137148e+04 lbm   
    Wbatt = 2.243847e+03 lbm   
    Wfuel = 1.861614e+04 lbm   
    Wem   = 5.726800e+02 lbm   
    Weg   = 0.000000e+00 lbm   
    S     = 8.353673e+02 ft^2

Iteration 21:
    MTOW  = 8.942220e+04 lbm   
    OEW   = 5.137148e+04 lbm   
    Wbatt = 2.243847e+03 lbm   
    Wfuel = 1.884471e+04 lbm   
    Wem   = 5.726800e+02 lbm   
    Weg   = 0.000000e+00 lbm   
    S     = 8.353673e+02 ft^2

Iteration 22:
    MTOW  = 8.921867e+04 lbm   
    OEW   = 5.137148e+04 lbm   
    Wbatt = 2.243847e+03 lbm   
    Wfuel = 1.864118e+04 lbm   
    Wem   = 5.726800e+02 lbm   
    Weg   = 0.000000e+00 lbm   
    S     = 8.353673e+02 ft^2

Iteration 23:
    MTOW  = 8.919363e+04 lbm   
    OEW   = 5.137148e+04 lbm   
    Wbatt = 2.243847e+03 lbm   
    Wfuel = 1.861614e+04 lbm   
    Wem   = 5.726800e+02 lbm   
    Weg   = 0.000000e+00 lbm   
    S     = 8.353673e+02 ft^2

Iteration 24:
    MTOW  = 8.942220e+04 lbm   
    OEW   = 5.137148e+04 lbm   
    Wbatt = 2.243847e+03 lbm   
    Wfuel = 1.884471e+04 lbm   
    Wem   = 5.726800e+02 lbm   
    Weg   = 0.000000e+00 lbm   
    S     = 8.353673e+02 ft^2

Iteration 25:
    MTOW  = 8.921867e+04 lbm   
    OEW   = 5.137148e+04 lbm   
    Wbatt = 2.243847e+03 lbm   
    Wfuel = 1.864118e+04 lbm   
    Wem   = 5.726800e+02 lbm   
    Weg   = 0.000000e+00 lbm   
    S     = 8.353673e+02 ft^2

Iteration 26:
    MTOW  = 8.919363e+04 lbm   
    OEW   = 5.137148e+04 lbm   
    Wbatt = 2.243847e+03 lbm   
    Wfuel = 1.861614e+04 lbm   
    Wem   = 5.726800e+02 lbm   
    Weg   = 0.000000e+00 lbm   
    S     = 8.353673e+02 ft^2

Iteration 27:
    MTOW  = 8.942220e+04 lbm   
    OEW   = 5.137148e+04 lbm   
    Wbatt = 2.243847e+03 lbm   
    Wfuel = 1.884471e+04 lbm   
    Wem   = 5.726800e+02 lbm   
    Weg   = 0.000000e+00 lbm   
    S     = 8.353673e+02 ft^2

Iteration 28:
    MTOW  = 8.921867e+04 lbm   
    OEW   = 5.137148e+04 lbm   
    Wbatt = 2.243847e+03 lbm   
    Wfuel = 1.864118e+04 lbm   
    Wem   = 5.726800e+02 lbm   
    Weg   = 0.000000e+00 lbm   
    S     = 8.353673e+02 ft^2

Iteration 29:
    MTOW  = 8.919363e+04 lbm   
    OEW   = 5.137148e+04 lbm   
    Wbatt = 2.243847e+03 lbm   
    Wfuel = 1.861614e+04 lbm   
    Wem   = 5.726800e+02 lbm   
    Weg   = 0.000000e+00 lbm   
    S     = 8.353673e+02 ft^2

Initial Size:          
    MTOW  = 9.126388e+04 lbm   
    Wbatt = 2.243847e+03 lbm   
    Wfuel = 2.068639e+04 lbm   
    S     = 8.353673e+02 ft^2

Iteration  0:
    MTOW  = 8.972470e+04 lbm   
    OEW   = 5.137148e+04 lbm   
    Wbatt = 2.243847e+03 lbm   
    Wfuel = 1.914721e+04 lbm   
    Wem   = 5.726800e+02 lbm   
    Weg   = 0.000000e+00 lbm   
    S     = 8.353673e+02 ft^2

Iteration  1:
    MTOW  = 8.925246e+04 lbm   
    OEW   = 5.137148e+04 lbm   
    Wbatt = 2.243847e+03 lbm   
    Wfuel = 1.867497e+04 lbm   
    Wem   = 5.726800e+02 lbm   
    Weg   = 0.000000e+00 lbm   
    S     = 8.353673e+02 ft^2

Iteration  2:
    MTOW  = 8.919787e+04 lbm   
    OEW   = 5.137148e+04 lbm   
    Wbatt = 2.243847e+03 lbm   
    Wfuel = 1.862039e+04 lbm   
    Wem   = 5.726800e+02 lbm   
    Weg   = 0.000000e+00 lbm   
    S     = 8.353673e+02 ft^2

Iteration  3:
    MTOW  = 8.942306e+04 lbm   
    OEW   = 5.137148e+04 lbm   
    Wbatt = 2.243847e+03 lbm   
    Wfuel = 1.884557e+04 lbm   
    Wem   = 5.726800e+02 lbm   
    Weg   = 0.000000e+00 lbm   
    S     = 8.353673e+02 ft^2

Iteration  4:
    MTOW  = 8.921883e+04 lbm   
    OEW   = 5.137148e+04 lbm   
    Wbatt = 2.243847e+03 lbm   
    Wfuel = 1.864135e+04 lbm   
    Wem   = 5.726800e+02 lbm   
    Weg   = 0.000000e+00 lbm   
    S     = 8.353673e+02 ft^2

Iteration  5:
    MTOW  = 8.919366e+04 lbm   
    OEW   = 5.137148e+04 lbm   
    Wbatt = 2.243847e+03 lbm   
    Wfuel = 1.861617e+04 lbm   
    Wem   = 5.726800e+02 lbm   
    Weg   = 0.000000e+00 lbm   
    S     = 8.353673e+02 ft^2

Iteration  6:
    MTOW  = 8.942221e+04 lbm   
    OEW   = 5.137148e+04 lbm   
    Wbatt = 2.243847e+03 lbm   
    Wfuel = 1.884472e+04 lbm   
    Wem   = 5.726800e+02 lbm   
    Weg   = 0.000000e+00 lbm   
    S     = 8.353673e+02 ft^2

Iteration  7:
    MTOW  = 8.921867e+04 lbm   
    OEW   = 5.137148e+04 lbm   
    Wbatt = 2.243847e+03 lbm   
    Wfuel = 1.864118e+04 lbm   
    Wem   = 5.726800e+02 lbm   
    Weg   = 0.000000e+00 lbm   
    S     = 8.353673e+02 ft^2

Iteration  8:
    MTOW  = 8.919363e+04 lbm   
    OEW   = 5.137148e+04 lbm   
    Wbatt = 2.243847e+03 lbm   
    Wfuel = 1.861614e+04 lbm   
    Wem   = 5.726800e+02 lbm   
    Weg   = 0.000000e+00 lbm   
    S     = 8.353673e+02 ft^2

Iteration  9:
    MTOW  = 8.942220e+04 lbm   
    OEW   = 5.137148e+04 lbm   
    Wbatt = 2.243847e+03 lbm   
    Wfuel = 1.884471e+04 lbm   
    Wem   = 5.726800e+02 lbm   
    Weg   = 0.000000e+00 lbm   
    S     = 8.353673e+02 ft^2

Iteration 10:
    MTOW  = 8.921867e+04 lbm   
    OEW   = 5.137148e+04 lbm   
    Wbatt = 2.243847e+03 lbm   
    Wfuel = 1.864118e+04 lbm   
    Wem   = 5.726800e+02 lbm   
    Weg   = 0.000000e+00 lbm   
    S     = 8.353673e+02 ft^2

Iteration 11:
    MTOW  = 8.919363e+04 lbm   
    OEW   = 5.137148e+04 lbm   
    Wbatt = 2.243847e+03 lbm   
    Wfuel = 1.861614e+04 lbm   
    Wem   = 5.726800e+02 lbm   
    Weg   = 0.000000e+00 lbm   
    S     = 8.353673e+02 ft^2

Iteration 12:
    MTOW  = 8.942220e+04 lbm   
    OEW   = 5.137148e+04 lbm   
    Wbatt = 2.243847e+03 lbm   
    Wfuel = 1.884471e+04 lbm   
    Wem   = 5.726800e+02 lbm   
    Weg   = 0.000000e+00 lbm   
    S     = 8.353673e+02 ft^2

Iteration 13:
    MTOW  = 8.921867e+04 lbm   
    OEW   = 5.137148e+04 lbm   
    Wbatt = 2.243847e+03 lbm   
    Wfuel = 1.864118e+04 lbm   
    Wem   = 5.726800e+02 lbm   
    Weg   = 0.000000e+00 lbm   
    S     = 8.353673e+02 ft^2

Iteration 14:
    MTOW  = 8.919363e+04 lbm   
    OEW   = 5.137148e+04 lbm   
    Wbatt = 2.243847e+03 lbm   
    Wfuel = 1.861614e+04 lbm   
    Wem   = 5.726800e+02 lbm   
    Weg   = 0.000000e+00 lbm   
    S     = 8.353673e+02 ft^2

Iteration 15:
    MTOW  = 8.942220e+04 lbm   
    OEW   = 5.137148e+04 lbm   
    Wbatt = 2.243847e+03 lbm   
    Wfuel = 1.884471e+04 lbm   
    Wem   = 5.726800e+02 lbm   
    Weg   = 0.000000e+00 lbm   
    S     = 8.353673e+02 ft^2

Iteration 16:
    MTOW  = 8.921867e+04 lbm   
    OEW   = 5.137148e+04 lbm   
    Wbatt = 2.243847e+03 lbm   
    Wfuel = 1.864118e+04 lbm   
    Wem   = 5.726800e+02 lbm   
    Weg   = 0.000000e+00 lbm   
    S     = 8.353673e+02 ft^2

Iteration 17:
    MTOW  = 8.919363e+04 lbm   
    OEW   = 5.137148e+04 lbm   
    Wbatt = 2.243847e+03 lbm   
    Wfuel = 1.861614e+04 lbm   
    Wem   = 5.726800e+02 lbm   
    Weg   = 0.000000e+00 lbm   
    S     = 8.353673e+02 ft^2

Iteration 18:
    MTOW  = 8.942220e+04 lbm   
    OEW   = 5.137148e+04 lbm   
    Wbatt = 2.243847e+03 lbm   
    Wfuel = 1.884471e+04 lbm   
    Wem   = 5.726800e+02 lbm   
    Weg   = 0.000000e+00 lbm   
    S     = 8.353673e+02 ft^2

Iteration 19:
    MTOW  = 8.921867e+04 lbm   
    OEW   = 5.137148e+04 lbm   
    Wbatt = 2.243847e+03 lbm   
    Wfuel = 1.864118e+04 lbm   
    Wem   = 5.726800e+02 lbm   
    Weg   = 0.000000e+00 lbm   
    S     = 8.353673e+02 ft^2

Iteration 20:
    MTOW  = 8.919363e+04 lbm   
    OEW   = 5.137148e+04 lbm   
    Wbatt = 2.243847e+03 lbm   
    Wfuel = 1.861614e+04 lbm   
    Wem   = 5.726800e+02 lbm   
    Weg   = 0.000000e+00 lbm   
    S     = 8.353673e+02 ft^2

Iteration 21:
    MTOW  = 8.942220e+04 lbm   
    OEW   = 5.137148e+04 lbm   
    Wbatt = 2.243847e+03 lbm   
    Wfuel = 1.884471e+04 lbm   
    Wem   = 5.726800e+02 lbm   
    Weg   = 0.000000e+00 lbm   
    S     = 8.353673e+02 ft^2

Iteration 22:
    MTOW  = 8.921867e+04 lbm   
    OEW   = 5.137148e+04 lbm   
    Wbatt = 2.243847e+03 lbm   
    Wfuel = 1.864118e+04 lbm   
    Wem   = 5.726800e+02 lbm   
    Weg   = 0.000000e+00 lbm   
    S     = 8.353673e+02 ft^2

Iteration 23:
    MTOW  = 8.919363e+04 lbm   
    OEW   = 5.137148e+04 lbm   
    Wbatt = 2.243847e+03 lbm   
    Wfuel = 1.861614e+04 lbm   
    Wem   = 5.726800e+02 lbm   
    Weg   = 0.000000e+00 lbm   
    S     = 8.353673e+02 ft^2

Iteration 24:
    MTOW  = 8.942220e+04 lbm   
    OEW   = 5.137148e+04 lbm   
    Wbatt = 2.243847e+03 lbm   
    Wfuel = 1.884471e+04 lbm   
    Wem   = 5.726800e+02 lbm   
    Weg   = 0.000000e+00 lbm   
    S     = 8.353673e+02 ft^2

Iteration 25:
    MTOW  = 8.921867e+04 lbm   
    OEW   = 5.137148e+04 lbm   
    Wbatt = 2.243847e+03 lbm   
    Wfuel = 1.864118e+04 lbm   
    Wem   = 5.726800e+02 lbm   
    Weg   = 0.000000e+00 lbm   
    S     = 8.353673e+02 ft^2

Iteration 26:
    MTOW  = 8.919363e+04 lbm   
    OEW   = 5.137148e+04 lbm   
    Wbatt = 2.243847e+03 lbm   
    Wfuel = 1.861614e+04 lbm   
    Wem   = 5.726800e+02 lbm   
    Weg   = 0.000000e+00 lbm   
    S     = 8.353673e+02 ft^2

Iteration 27:
    MTOW  = 8.942220e+04 lbm   
    OEW   = 5.137148e+04 lbm   
    Wbatt = 2.243847e+03 lbm   
    Wfuel = 1.884471e+04 lbm   
    Wem   = 5.726800e+02 lbm   
    Weg   = 0.000000e+00 lbm   
    S     = 8.353673e+02 ft^2

Iteration 28:
    MTOW  = 8.921867e+04 lbm   
    OEW   = 5.137148e+04 lbm   
    Wbatt = 2.243847e+03 lbm   
    Wfuel = 1.864118e+04 lbm   
    Wem   = 5.726800e+02 lbm   
    Weg   = 0.000000e+00 lbm   
    S     = 8.353673e+02 ft^2

Iteration 29:
    MTOW  = 8.919363e+04 lbm   
    OEW   = 5.137148e+04 lbm   
    Wbatt = 2.243847e+03 lbm   
    Wfuel = 1.861614e+04 lbm   
    Wem   = 5.726800e+02 lbm   
    Weg   = 0.000000e+00 lbm   
    S     = 8.353673e+02 ft^2

Initial Size:          
    MTOW  = 9.126388e+04 lbm   
    Wbatt = 2.243847e+03 lbm   
    Wfuel = 2.068639e+04 lbm   
    S     = 8.353673e+02 ft^2

Iteration  0:
    MTOW  = 8.972470e+04 lbm   
    OEW   = 5.137148e+04 lbm   
    Wbatt = 2.243847e+03 lbm   
    Wfuel = 1.914721e+04 lbm   
    Wem   = 5.726800e+02 lbm   
    Weg   = 0.000000e+00 lbm   
    S     = 8.353673e+02 ft^2

Iteration  1:
    MTOW  = 8.925246e+04 lbm   
    OEW   = 5.137148e+04 lbm   
    Wbatt = 2.243847e+03 lbm   
    Wfuel = 1.867497e+04 lbm   
    Wem   = 5.726800e+02 lbm   
    Weg   = 0.000000e+00 lbm   
    S     = 8.353673e+02 ft^2

Iteration  2:
    MTOW  = 8.919787e+04 lbm   
    OEW   = 5.137148e+04 lbm   
    Wbatt = 2.243847e+03 lbm   
    Wfuel = 1.862039e+04 lbm   
    Wem   = 5.726800e+02 lbm   
    Weg   = 0.000000e+00 lbm   
    S     = 8.353673e+02 ft^2

Iteration  3:
    MTOW  = 8.942306e+04 lbm   
    OEW   = 5.137148e+04 lbm   
    Wbatt = 2.243847e+03 lbm   
    Wfuel = 1.884557e+04 lbm   
    Wem   = 5.726800e+02 lbm   
    Weg   = 0.000000e+00 lbm   
    S     = 8.353673e+02 ft^2

Iteration  4:
    MTOW  = 8.921883e+04 lbm   
    OEW   = 5.137148e+04 lbm   
    Wbatt = 2.243847e+03 lbm   
    Wfuel = 1.864135e+04 lbm   
    Wem   = 5.726800e+02 lbm   
    Weg   = 0.000000e+00 lbm   
    S     = 8.353673e+02 ft^2

Iteration  5:
    MTOW  = 8.919366e+04 lbm   
    OEW   = 5.137148e+04 lbm   
    Wbatt = 2.243847e+03 lbm   
    Wfuel = 1.861617e+04 lbm   
    Wem   = 5.726800e+02 lbm   
    Weg   = 0.000000e+00 lbm   
    S     = 8.353673e+02 ft^2

Iteration  6:
    MTOW  = 8.942221e+04 lbm   
    OEW   = 5.137148e+04 lbm   
    Wbatt = 2.243847e+03 lbm   
    Wfuel = 1.884472e+04 lbm   
    Wem   = 5.726800e+02 lbm   
    Weg   = 0.000000e+00 lbm   
    S     = 8.353673e+02 ft^2

Iteration  7:
    MTOW  = 8.921867e+04 lbm   
    OEW   = 5.137148e+04 lbm   
    Wbatt = 2.243847e+03 lbm   
    Wfuel = 1.864118e+04 lbm   
    Wem   = 5.726800e+02 lbm   
    Weg   = 0.000000e+00 lbm   
    S     = 8.353673e+02 ft^2

Iteration  8:
    MTOW  = 8.919363e+04 lbm   
    OEW   = 5.137148e+04 lbm   
    Wbatt = 2.243847e+03 lbm   
    Wfuel = 1.861614e+04 lbm   
    Wem   = 5.726800e+02 lbm   
    Weg   = 0.000000e+00 lbm   
    S     = 8.353673e+02 ft^2

Iteration  9:
    MTOW  = 8.942220e+04 lbm   
    OEW   = 5.137148e+04 lbm   
    Wbatt = 2.243847e+03 lbm   
    Wfuel = 1.884471e+04 lbm   
    Wem   = 5.726800e+02 lbm   
    Weg   = 0.000000e+00 lbm   
    S     = 8.353673e+02 ft^2

Iteration 10:
    MTOW  = 8.921867e+04 lbm   
    OEW   = 5.137148e+04 lbm   
    Wbatt = 2.243847e+03 lbm   
    Wfuel = 1.864118e+04 lbm   
    Wem   = 5.726800e+02 lbm   
    Weg   = 0.000000e+00 lbm   
    S     = 8.353673e+02 ft^2

Iteration 11:
    MTOW  = 8.919363e+04 lbm   
    OEW   = 5.137148e+04 lbm   
    Wbatt = 2.243847e+03 lbm   
    Wfuel = 1.861614e+04 lbm   
    Wem   = 5.726800e+02 lbm   
    Weg   = 0.000000e+00 lbm   
    S     = 8.353673e+02 ft^2

Iteration 12:
    MTOW  = 8.942220e+04 lbm   
    OEW   = 5.137148e+04 lbm   
    Wbatt = 2.243847e+03 lbm   
    Wfuel = 1.884471e+04 lbm   
    Wem   = 5.726800e+02 lbm   
    Weg   = 0.000000e+00 lbm   
    S     = 8.353673e+02 ft^2

Iteration 13:
    MTOW  = 8.921867e+04 lbm   
    OEW   = 5.137148e+04 lbm   
    Wbatt = 2.243847e+03 lbm   
    Wfuel = 1.864118e+04 lbm   
    Wem   = 5.726800e+02 lbm   
    Weg   = 0.000000e+00 lbm   
    S     = 8.353673e+02 ft^2

Iteration 14:
    MTOW  = 8.919363e+04 lbm   
    OEW   = 5.137148e+04 lbm   
    Wbatt = 2.243847e+03 lbm   
    Wfuel = 1.861614e+04 lbm   
    Wem   = 5.726800e+02 lbm   
    Weg   = 0.000000e+00 lbm   
    S     = 8.353673e+02 ft^2

Iteration 15:
    MTOW  = 8.942220e+04 lbm   
    OEW   = 5.137148e+04 lbm   
    Wbatt = 2.243847e+03 lbm   
    Wfuel = 1.884471e+04 lbm   
    Wem   = 5.726800e+02 lbm   
    Weg   = 0.000000e+00 lbm   
    S     = 8.353673e+02 ft^2

Iteration 16:
    MTOW  = 8.921867e+04 lbm   
    OEW   = 5.137148e+04 lbm   
    Wbatt = 2.243847e+03 lbm   
    Wfuel = 1.864118e+04 lbm   
    Wem   = 5.726800e+02 lbm   
    Weg   = 0.000000e+00 lbm   
    S     = 8.353673e+02 ft^2

Iteration 17:
    MTOW  = 8.919363e+04 lbm   
    OEW   = 5.137148e+04 lbm   
    Wbatt = 2.243847e+03 lbm   
    Wfuel = 1.861614e+04 lbm   
    Wem   = 5.726800e+02 lbm   
    Weg   = 0.000000e+00 lbm   
    S     = 8.353673e+02 ft^2

Iteration 18:
    MTOW  = 8.942220e+04 lbm   
    OEW   = 5.137148e+04 lbm   
    Wbatt = 2.243847e+03 lbm   
    Wfuel = 1.884471e+04 lbm   
    Wem   = 5.726800e+02 lbm   
    Weg   = 0.000000e+00 lbm   
    S     = 8.353673e+02 ft^2

Iteration 19:
    MTOW  = 8.921867e+04 lbm   
    OEW   = 5.137148e+04 lbm   
    Wbatt = 2.243847e+03 lbm   
    Wfuel = 1.864118e+04 lbm   
    Wem   = 5.726800e+02 lbm   
    Weg   = 0.000000e+00 lbm   
    S     = 8.353673e+02 ft^2

Iteration 20:
    MTOW  = 8.919363e+04 lbm   
    OEW   = 5.137148e+04 lbm   
    Wbatt = 2.243847e+03 lbm   
    Wfuel = 1.861614e+04 lbm   
    Wem   = 5.726800e+02 lbm   
    Weg   = 0.000000e+00 lbm   
    S     = 8.353673e+02 ft^2

Iteration 21:
    MTOW  = 8.942220e+04 lbm   
    OEW   = 5.137148e+04 lbm   
    Wbatt = 2.243847e+03 lbm   
    Wfuel = 1.884471e+04 lbm   
    Wem   = 5.726800e+02 lbm   
    Weg   = 0.000000e+00 lbm   
    S     = 8.353673e+02 ft^2

Iteration 22:
    MTOW  = 8.921867e+04 lbm   
    OEW   = 5.137148e+04 lbm   
    Wbatt = 2.243847e+03 lbm   
    Wfuel = 1.864118e+04 lbm   
    Wem   = 5.726800e+02 lbm   
    Weg   = 0.000000e+00 lbm   
    S     = 8.353673e+02 ft^2

Iteration 23:
    MTOW  = 8.919363e+04 lbm   
    OEW   = 5.137148e+04 lbm   
    Wbatt = 2.243847e+03 lbm   
    Wfuel = 1.861614e+04 lbm   
    Wem   = 5.726800e+02 lbm   
    Weg   = 0.000000e+00 lbm   
    S     = 8.353673e+02 ft^2

Iteration 24:
    MTOW  = 8.942220e+04 lbm   
    OEW   = 5.137148e+04 lbm   
    Wbatt = 2.243847e+03 lbm   
    Wfuel = 1.884471e+04 lbm   
    Wem   = 5.726800e+02 lbm   
    Weg   = 0.000000e+00 lbm   
    S     = 8.353673e+02 ft^2

Iteration 25:
    MTOW  = 8.921867e+04 lbm   
    OEW   = 5.137148e+04 lbm   
    Wbatt = 2.243847e+03 lbm   
    Wfuel = 1.864118e+04 lbm   
    Wem   = 5.726800e+02 lbm   
    Weg   = 0.000000e+00 lbm   
    S     = 8.353673e+02 ft^2

Iteration 26:
    MTOW  = 8.919363e+04 lbm   
    OEW   = 5.137148e+04 lbm   
    Wbatt = 2.243847e+03 lbm   
    Wfuel = 1.861614e+04 lbm   
    Wem   = 5.726800e+02 lbm   
    Weg   = 0.000000e+00 lbm   
    S     = 8.353673e+02 ft^2

Iteration 27:
    MTOW  = 8.942220e+04 lbm   
    OEW   = 5.137148e+04 lbm   
    Wbatt = 2.243847e+03 lbm   
    Wfuel = 1.884471e+04 lbm   
    Wem   = 5.726800e+02 lbm   
    Weg   = 0.000000e+00 lbm   
    S     = 8.353673e+02 ft^2

Iteration 28:
    MTOW  = 8.921867e+04 lbm   
    OEW   = 5.137148e+04 lbm   
    Wbatt = 2.243847e+03 lbm   
    Wfuel = 1.864118e+04 lbm   
    Wem   = 5.726800e+02 lbm   
    Weg   = 0.000000e+00 lbm   
    S     = 8.353673e+02 ft^2

Iteration 29:
    MTOW  = 8.919363e+04 lbm   
    OEW   = 5.137148e+04 lbm   
    Wbatt = 2.243847e+03 lbm   
    Wfuel = 1.861614e+04 lbm   
    Wem   = 5.726800e+02 lbm   
    Weg   = 0.000000e+00 lbm   
    S     = 8.353673e+02 ft^2

Initial Size:          
    MTOW  = 9.126388e+04 lbm   
    Wbatt = 2.243847e+03 lbm   
    Wfuel = 2.068639e+04 lbm   
    S     = 8.353673e+02 ft^2

Iteration  0:
    MTOW  = 8.972470e+04 lbm   
    OEW   = 5.137148e+04 lbm   
    Wbatt = 2.243847e+03 lbm   
    Wfuel = 1.914721e+04 lbm   
    Wem   = 5.726800e+02 lbm   
    Weg   = 0.000000e+00 lbm   
    S     = 8.353673e+02 ft^2

Iteration  1:
    MTOW  = 8.925246e+04 lbm   
    OEW   = 5.137148e+04 lbm   
    Wbatt = 2.243847e+03 lbm   
    Wfuel = 1.867497e+04 lbm   
    Wem   = 5.726800e+02 lbm   
    Weg   = 0.000000e+00 lbm   
    S     = 8.353673e+02 ft^2

Iteration  2:
    MTOW  = 8.919787e+04 lbm   
    OEW   = 5.137148e+04 lbm   
    Wbatt = 2.243847e+03 lbm   
    Wfuel = 1.862039e+04 lbm   
    Wem   = 5.726800e+02 lbm   
    Weg   = 0.000000e+00 lbm   
    S     = 8.353673e+02 ft^2

Iteration  3:
    MTOW  = 8.942306e+04 lbm   
    OEW   = 5.137148e+04 lbm   
    Wbatt = 2.243847e+03 lbm   
    Wfuel = 1.884557e+04 lbm   
    Wem   = 5.726800e+02 lbm   
    Weg   = 0.000000e+00 lbm   
    S     = 8.353673e+02 ft^2

Iteration  4:
    MTOW  = 8.921883e+04 lbm   
    OEW   = 5.137148e+04 lbm   
    Wbatt = 2.243847e+03 lbm   
    Wfuel = 1.864135e+04 lbm   
    Wem   = 5.726800e+02 lbm   
    Weg   = 0.000000e+00 lbm   
    S     = 8.353673e+02 ft^2

Iteration  5:
    MTOW  = 8.919366e+04 lbm   
    OEW   = 5.137148e+04 lbm   
    Wbatt = 2.243847e+03 lbm   
    Wfuel = 1.861617e+04 lbm   
    Wem   = 5.726800e+02 lbm   
    Weg   = 0.000000e+00 lbm   
    S     = 8.353673e+02 ft^2

Iteration  6:
    MTOW  = 8.942221e+04 lbm   
    OEW   = 5.137148e+04 lbm   
    Wbatt = 2.243847e+03 lbm   
    Wfuel = 1.884472e+04 lbm   
    Wem   = 5.726800e+02 lbm   
    Weg   = 0.000000e+00 lbm   
    S     = 8.353673e+02 ft^2

Iteration  7:
    MTOW  = 8.921867e+04 lbm   
    OEW   = 5.137148e+04 lbm   
    Wbatt = 2.243847e+03 lbm   
    Wfuel = 1.864118e+04 lbm   
    Wem   = 5.726800e+02 lbm   
    Weg   = 0.000000e+00 lbm   
    S     = 8.353673e+02 ft^2

Iteration  8:
    MTOW  = 8.919363e+04 lbm   
    OEW   = 5.137148e+04 lbm   
    Wbatt = 2.243847e+03 lbm   
    Wfuel = 1.861614e+04 lbm   
    Wem   = 5.726800e+02 lbm   
    Weg   = 0.000000e+00 lbm   
    S     = 8.353673e+02 ft^2

Iteration  9:
    MTOW  = 8.942220e+04 lbm   
    OEW   = 5.137148e+04 lbm   
    Wbatt = 2.243847e+03 lbm   
    Wfuel = 1.884471e+04 lbm   
    Wem   = 5.726800e+02 lbm   
    Weg   = 0.000000e+00 lbm   
    S     = 8.353673e+02 ft^2

Iteration 10:
    MTOW  = 8.921867e+04 lbm   
    OEW   = 5.137148e+04 lbm   
    Wbatt = 2.243847e+03 lbm   
    Wfuel = 1.864118e+04 lbm   
    Wem   = 5.726800e+02 lbm   
    Weg   = 0.000000e+00 lbm   
    S     = 8.353673e+02 ft^2

Iteration 11:
    MTOW  = 8.919363e+04 lbm   
    OEW   = 5.137148e+04 lbm   
    Wbatt = 2.243847e+03 lbm   
    Wfuel = 1.861614e+04 lbm   
    Wem   = 5.726800e+02 lbm   
    Weg   = 0.000000e+00 lbm   
    S     = 8.353673e+02 ft^2

Iteration 12:
    MTOW  = 8.942220e+04 lbm   
    OEW   = 5.137148e+04 lbm   
    Wbatt = 2.243847e+03 lbm   
    Wfuel = 1.884471e+04 lbm   
    Wem   = 5.726800e+02 lbm   
    Weg   = 0.000000e+00 lbm   
    S     = 8.353673e+02 ft^2

Iteration 13:
    MTOW  = 8.921867e+04 lbm   
    OEW   = 5.137148e+04 lbm   
    Wbatt = 2.243847e+03 lbm   
    Wfuel = 1.864118e+04 lbm   
    Wem   = 5.726800e+02 lbm   
    Weg   = 0.000000e+00 lbm   
    S     = 8.353673e+02 ft^2

Iteration 14:
    MTOW  = 8.919363e+04 lbm   
    OEW   = 5.137148e+04 lbm   
    Wbatt = 2.243847e+03 lbm   
    Wfuel = 1.861614e+04 lbm   
    Wem   = 5.726800e+02 lbm   
    Weg   = 0.000000e+00 lbm   
    S     = 8.353673e+02 ft^2

Iteration 15:
    MTOW  = 8.942220e+04 lbm   
    OEW   = 5.137148e+04 lbm   
    Wbatt = 2.243847e+03 lbm   
    Wfuel = 1.884471e+04 lbm   
    Wem   = 5.726800e+02 lbm   
    Weg   = 0.000000e+00 lbm   
    S     = 8.353673e+02 ft^2

Iteration 16:
    MTOW  = 8.921867e+04 lbm   
    OEW   = 5.137148e+04 lbm   
    Wbatt = 2.243847e+03 lbm   
    Wfuel = 1.864118e+04 lbm   
    Wem   = 5.726800e+02 lbm   
    Weg   = 0.000000e+00 lbm   
    S     = 8.353673e+02 ft^2

Iteration 17:
    MTOW  = 8.919363e+04 lbm   
    OEW   = 5.137148e+04 lbm   
    Wbatt = 2.243847e+03 lbm   
    Wfuel = 1.861614e+04 lbm   
    Wem   = 5.726800e+02 lbm   
    Weg   = 0.000000e+00 lbm   
    S     = 8.353673e+02 ft^2

Iteration 18:
    MTOW  = 8.942220e+04 lbm   
    OEW   = 5.137148e+04 lbm   
    Wbatt = 2.243847e+03 lbm   
    Wfuel = 1.884471e+04 lbm   
    Wem   = 5.726800e+02 lbm   
    Weg   = 0.000000e+00 lbm   
    S     = 8.353673e+02 ft^2

Iteration 19:
    MTOW  = 8.921867e+04 lbm   
    OEW   = 5.137148e+04 lbm   
    Wbatt = 2.243847e+03 lbm   
    Wfuel = 1.864118e+04 lbm   
    Wem   = 5.726800e+02 lbm   
    Weg   = 0.000000e+00 lbm   
    S     = 8.353673e+02 ft^2

Iteration 20:
    MTOW  = 8.919363e+04 lbm   
    OEW   = 5.137148e+04 lbm   
    Wbatt = 2.243847e+03 lbm   
    Wfuel = 1.861614e+04 lbm   
    Wem   = 5.726800e+02 lbm   
    Weg   = 0.000000e+00 lbm   
    S     = 8.353673e+02 ft^2

Iteration 21:
    MTOW  = 8.942220e+04 lbm   
    OEW   = 5.137148e+04 lbm   
    Wbatt = 2.243847e+03 lbm   
    Wfuel = 1.884471e+04 lbm   
    Wem   = 5.726800e+02 lbm   
    Weg   = 0.000000e+00 lbm   
    S     = 8.353673e+02 ft^2

Iteration 22:
    MTOW  = 8.921867e+04 lbm   
    OEW   = 5.137148e+04 lbm   
    Wbatt = 2.243847e+03 lbm   
    Wfuel = 1.864118e+04 lbm   
    Wem   = 5.726800e+02 lbm   
    Weg   = 0.000000e+00 lbm   
    S     = 8.353673e+02 ft^2

Iteration 23:
    MTOW  = 8.919363e+04 lbm   
    OEW   = 5.137148e+04 lbm   
    Wbatt = 2.243847e+03 lbm   
    Wfuel = 1.861614e+04 lbm   
    Wem   = 5.726800e+02 lbm   
    Weg   = 0.000000e+00 lbm   
    S     = 8.353673e+02 ft^2

Iteration 24:
    MTOW  = 8.942220e+04 lbm   
    OEW   = 5.137148e+04 lbm   
    Wbatt = 2.243847e+03 lbm   
    Wfuel = 1.884471e+04 lbm   
    Wem   = 5.726800e+02 lbm   
    Weg   = 0.000000e+00 lbm   
    S     = 8.353673e+02 ft^2

Iteration 25:
    MTOW  = 8.921867e+04 lbm   
    OEW   = 5.137148e+04 lbm   
    Wbatt = 2.243847e+03 lbm   
    Wfuel = 1.864118e+04 lbm   
    Wem   = 5.726800e+02 lbm   
    Weg   = 0.000000e+00 lbm   
    S     = 8.353673e+02 ft^2

Iteration 26:
    MTOW  = 8.919363e+04 lbm   
    OEW   = 5.137148e+04 lbm   
    Wbatt = 2.243847e+03 lbm   
    Wfuel = 1.861614e+04 lbm   
    Wem   = 5.726800e+02 lbm   
    Weg   = 0.000000e+00 lbm   
    S     = 8.353673e+02 ft^2

Iteration 27:
    MTOW  = 8.942220e+04 lbm   
    OEW   = 5.137148e+04 lbm   
    Wbatt = 2.243847e+03 lbm   
    Wfuel = 1.884471e+04 lbm   
    Wem   = 5.726800e+02 lbm   
    Weg   = 0.000000e+00 lbm   
    S     = 8.353673e+02 ft^2

Iteration 28:
    MTOW  = 8.921867e+04 lbm   
    OEW   = 5.137148e+04 lbm   
    Wbatt = 2.243847e+03 lbm   
    Wfuel = 1.864118e+04 lbm   
    Wem   = 5.726800e+02 lbm   
    Weg   = 0.000000e+00 lbm   
    S     = 8.353673e+02 ft^2

Iteration 29:
    MTOW  = 8.919363e+04 lbm   
    OEW   = 5.137148e+04 lbm   
    Wbatt = 2.243847e+03 lbm   
    Wfuel = 1.861614e+04 lbm   
    Wem   = 5.726800e+02 lbm   
    Weg   = 0.000000e+00 lbm   
    S     = 8.353673e+02 ft^2

Initial Size:          
    MTOW  = 9.126388e+04 lbm   
    Wbatt = 2.243847e+03 lbm   
    Wfuel = 2.068639e+04 lbm   
    S     = 8.353673e+02 ft^2

Iteration  0:
    MTOW  = 8.972470e+04 lbm   
    OEW   = 5.137148e+04 lbm   
    Wbatt = 2.243847e+03 lbm   
    Wfuel = 1.914721e+04 lbm   
    Wem   = 5.726800e+02 lbm   
    Weg   = 0.000000e+00 lbm   
    S     = 8.353673e+02 ft^2

Iteration  1:
    MTOW  = 8.925246e+04 lbm   
    OEW   = 5.137148e+04 lbm   
    Wbatt = 2.243847e+03 lbm   
    Wfuel = 1.867497e+04 lbm   
    Wem   = 5.726800e+02 lbm   
    Weg   = 0.000000e+00 lbm   
    S     = 8.353673e+02 ft^2

Iteration  2:
    MTOW  = 8.919787e+04 lbm   
    OEW   = 5.137148e+04 lbm   
    Wbatt = 2.243847e+03 lbm   
    Wfuel = 1.862039e+04 lbm   
    Wem   = 5.726800e+02 lbm   
    Weg   = 0.000000e+00 lbm   
    S     = 8.353673e+02 ft^2

Iteration  3:
    MTOW  = 8.942306e+04 lbm   
    OEW   = 5.137148e+04 lbm   
    Wbatt = 2.243847e+03 lbm   
    Wfuel = 1.884557e+04 lbm   
    Wem   = 5.726800e+02 lbm   
    Weg   = 0.000000e+00 lbm   
    S     = 8.353673e+02 ft^2

Iteration  4:
    MTOW  = 8.921883e+04 lbm   
    OEW   = 5.137148e+04 lbm   
    Wbatt = 2.243847e+03 lbm   
    Wfuel = 1.864135e+04 lbm   
    Wem   = 5.726800e+02 lbm   
    Weg   = 0.000000e+00 lbm   
    S     = 8.353673e+02 ft^2

Iteration  5:
    MTOW  = 8.919366e+04 lbm   
    OEW   = 5.137148e+04 lbm   
    Wbatt = 2.243847e+03 lbm   
    Wfuel = 1.861617e+04 lbm   
    Wem   = 5.726800e+02 lbm   
    Weg   = 0.000000e+00 lbm   
    S     = 8.353673e+02 ft^2

Iteration  6:
    MTOW  = 8.942221e+04 lbm   
    OEW   = 5.137148e+04 lbm   
    Wbatt = 2.243847e+03 lbm   
    Wfuel = 1.884472e+04 lbm   
    Wem   = 5.726800e+02 lbm   
    Weg   = 0.000000e+00 lbm   
    S     = 8.353673e+02 ft^2

Iteration  7:
    MTOW  = 8.921867e+04 lbm   
    OEW   = 5.137148e+04 lbm   
    Wbatt = 2.243847e+03 lbm   
    Wfuel = 1.864118e+04 lbm   
    Wem   = 5.726800e+02 lbm   
    Weg   = 0.000000e+00 lbm   
    S     = 8.353673e+02 ft^2

Iteration  8:
    MTOW  = 8.919363e+04 lbm   
    OEW   = 5.137148e+04 lbm   
    Wbatt = 2.243847e+03 lbm   
    Wfuel = 1.861614e+04 lbm   
    Wem   = 5.726800e+02 lbm   
    Weg   = 0.000000e+00 lbm   
    S     = 8.353673e+02 ft^2

Iteration  9:
    MTOW  = 8.942220e+04 lbm   
    OEW   = 5.137148e+04 lbm   
    Wbatt = 2.243847e+03 lbm   
    Wfuel = 1.884471e+04 lbm   
    Wem   = 5.726800e+02 lbm   
    Weg   = 0.000000e+00 lbm   
    S     = 8.353673e+02 ft^2

Iteration 10:
    MTOW  = 8.921867e+04 lbm   
    OEW   = 5.137148e+04 lbm   
    Wbatt = 2.243847e+03 lbm   
    Wfuel = 1.864118e+04 lbm   
    Wem   = 5.726800e+02 lbm   
    Weg   = 0.000000e+00 lbm   
    S     = 8.353673e+02 ft^2

Iteration 11:
    MTOW  = 8.919363e+04 lbm   
    OEW   = 5.137148e+04 lbm   
    Wbatt = 2.243847e+03 lbm   
    Wfuel = 1.861614e+04 lbm   
    Wem   = 5.726800e+02 lbm   
    Weg   = 0.000000e+00 lbm   
    S     = 8.353673e+02 ft^2

Iteration 12:
    MTOW  = 8.942220e+04 lbm   
    OEW   = 5.137148e+04 lbm   
    Wbatt = 2.243847e+03 lbm   
    Wfuel = 1.884471e+04 lbm   
    Wem   = 5.726800e+02 lbm   
    Weg   = 0.000000e+00 lbm   
    S     = 8.353673e+02 ft^2

Iteration 13:
    MTOW  = 8.921867e+04 lbm   
    OEW   = 5.137148e+04 lbm   
    Wbatt = 2.243847e+03 lbm   
    Wfuel = 1.864118e+04 lbm   
    Wem   = 5.726800e+02 lbm   
    Weg   = 0.000000e+00 lbm   
    S     = 8.353673e+02 ft^2

Iteration 14:
    MTOW  = 8.919363e+04 lbm   
    OEW   = 5.137148e+04 lbm   
    Wbatt = 2.243847e+03 lbm   
    Wfuel = 1.861614e+04 lbm   
    Wem   = 5.726800e+02 lbm   
    Weg   = 0.000000e+00 lbm   
    S     = 8.353673e+02 ft^2

Iteration 15:
    MTOW  = 8.942220e+04 lbm   
    OEW   = 5.137148e+04 lbm   
    Wbatt = 2.243847e+03 lbm   
    Wfuel = 1.884471e+04 lbm   
    Wem   = 5.726800e+02 lbm   
    Weg   = 0.000000e+00 lbm   
    S     = 8.353673e+02 ft^2

Iteration 16:
    MTOW  = 8.921867e+04 lbm   
    OEW   = 5.137148e+04 lbm   
    Wbatt = 2.243847e+03 lbm   
    Wfuel = 1.864118e+04 lbm   
    Wem   = 5.726800e+02 lbm   
    Weg   = 0.000000e+00 lbm   
    S     = 8.353673e+02 ft^2

Iteration 17:
    MTOW  = 8.919363e+04 lbm   
    OEW   = 5.137148e+04 lbm   
    Wbatt = 2.243847e+03 lbm   
    Wfuel = 1.861614e+04 lbm   
    Wem   = 5.726800e+02 lbm   
    Weg   = 0.000000e+00 lbm   
    S     = 8.353673e+02 ft^2

Iteration 18:
    MTOW  = 8.942220e+04 lbm   
    OEW   = 5.137148e+04 lbm   
    Wbatt = 2.243847e+03 lbm   
    Wfuel = 1.884471e+04 lbm   
    Wem   = 5.726800e+02 lbm   
    Weg   = 0.000000e+00 lbm   
    S     = 8.353673e+02 ft^2

Iteration 19:
    MTOW  = 8.921867e+04 lbm   
    OEW   = 5.137148e+04 lbm   
    Wbatt = 2.243847e+03 lbm   
    Wfuel = 1.864118e+04 lbm   
    Wem   = 5.726800e+02 lbm   
    Weg   = 0.000000e+00 lbm   
    S     = 8.353673e+02 ft^2

Iteration 20:
    MTOW  = 8.919363e+04 lbm   
    OEW   = 5.137148e+04 lbm   
    Wbatt = 2.243847e+03 lbm   
    Wfuel = 1.861614e+04 lbm   
    Wem   = 5.726800e+02 lbm   
    Weg   = 0.000000e+00 lbm   
    S     = 8.353673e+02 ft^2

Iteration 21:
    MTOW  = 8.942220e+04 lbm   
    OEW   = 5.137148e+04 lbm   
    Wbatt = 2.243847e+03 lbm   
    Wfuel = 1.884471e+04 lbm   
    Wem   = 5.726800e+02 lbm   
    Weg   = 0.000000e+00 lbm   
    S     = 8.353673e+02 ft^2

Iteration 22:
    MTOW  = 8.921867e+04 lbm   
    OEW   = 5.137148e+04 lbm   
    Wbatt = 2.243847e+03 lbm   
    Wfuel = 1.864118e+04 lbm   
    Wem   = 5.726800e+02 lbm   
    Weg   = 0.000000e+00 lbm   
    S     = 8.353673e+02 ft^2

Iteration 23:
    MTOW  = 8.919363e+04 lbm   
    OEW   = 5.137148e+04 lbm   
    Wbatt = 2.243847e+03 lbm   
    Wfuel = 1.861614e+04 lbm   
    Wem   = 5.726800e+02 lbm   
    Weg   = 0.000000e+00 lbm   
    S     = 8.353673e+02 ft^2

Iteration 24:
    MTOW  = 8.942220e+04 lbm   
    OEW   = 5.137148e+04 lbm   
    Wbatt = 2.243847e+03 lbm   
    Wfuel = 1.884471e+04 lbm   
    Wem   = 5.726800e+02 lbm   
    Weg   = 0.000000e+00 lbm   
    S     = 8.353673e+02 ft^2

Iteration 25:
    MTOW  = 8.921867e+04 lbm   
    OEW   = 5.137148e+04 lbm   
    Wbatt = 2.243847e+03 lbm   
    Wfuel = 1.864118e+04 lbm   
    Wem   = 5.726800e+02 lbm   
    Weg   = 0.000000e+00 lbm   
    S     = 8.353673e+02 ft^2

Iteration 26:
    MTOW  = 8.919363e+04 lbm   
    OEW   = 5.137148e+04 lbm   
    Wbatt = 2.243847e+03 lbm   
    Wfuel = 1.861614e+04 lbm   
    Wem   = 5.726800e+02 lbm   
    Weg   = 0.000000e+00 lbm   
    S     = 8.353673e+02 ft^2

Iteration 27:
    MTOW  = 8.942220e+04 lbm   
    OEW   = 5.137148e+04 lbm   
    Wbatt = 2.243847e+03 lbm   
    Wfuel = 1.884471e+04 lbm   
    Wem   = 5.726800e+02 lbm   
    Weg   = 0.000000e+00 lbm   
    S     = 8.353673e+02 ft^2

Iteration 28:
    MTOW  = 8.921867e+04 lbm   
    OEW   = 5.137148e+04 lbm   
    Wbatt = 2.243847e+03 lbm   
    Wfuel = 1.864118e+04 lbm   
    Wem   = 5.726800e+02 lbm   
    Weg   = 0.000000e+00 lbm   
    S     = 8.353673e+02 ft^2

Iteration 29:
    MTOW  = 8.919363e+04 lbm   
    OEW   = 5.137148e+04 lbm   
    Wbatt = 2.243847e+03 lbm   
    Wfuel = 1.861614e+04 lbm   
    Wem   = 5.726800e+02 lbm   
    Weg   = 0.000000e+00 lbm   
    S     = 8.353673e+02 ft^2

Initial Size:          
    MTOW  = 9.126388e+04 lbm   
    Wbatt = 2.243847e+03 lbm   
    Wfuel = 2.068639e+04 lbm   
    S     = 8.353673e+02 ft^2

Iteration  0:
    MTOW  = 8.972470e+04 lbm   
    OEW   = 5.137148e+04 lbm   
    Wbatt = 2.243847e+03 lbm   
    Wfuel = 1.914721e+04 lbm   
    Wem   = 5.726800e+02 lbm   
    Weg   = 0.000000e+00 lbm   
    S     = 8.353673e+02 ft^2

Iteration  1:
    MTOW  = 8.925246e+04 lbm   
    OEW   = 5.137148e+04 lbm   
    Wbatt = 2.243847e+03 lbm   
    Wfuel = 1.867497e+04 lbm   
    Wem   = 5.726800e+02 lbm   
    Weg   = 0.000000e+00 lbm   
    S     = 8.353673e+02 ft^2

Iteration  2:
    MTOW  = 8.919787e+04 lbm   
    OEW   = 5.137148e+04 lbm   
    Wbatt = 2.243847e+03 lbm   
    Wfuel = 1.862039e+04 lbm   
    Wem   = 5.726800e+02 lbm   
    Weg   = 0.000000e+00 lbm   
    S     = 8.353673e+02 ft^2

Iteration  3:
    MTOW  = 8.942306e+04 lbm   
    OEW   = 5.137148e+04 lbm   
    Wbatt = 2.243847e+03 lbm   
    Wfuel = 1.884557e+04 lbm   
    Wem   = 5.726800e+02 lbm   
    Weg   = 0.000000e+00 lbm   
    S     = 8.353673e+02 ft^2

Iteration  4:
    MTOW  = 8.921883e+04 lbm   
    OEW   = 5.137148e+04 lbm   
    Wbatt = 2.243847e+03 lbm   
    Wfuel = 1.864135e+04 lbm   
    Wem   = 5.726800e+02 lbm   
    Weg   = 0.000000e+00 lbm   
    S     = 8.353673e+02 ft^2

Iteration  5:
    MTOW  = 8.919366e+04 lbm   
    OEW   = 5.137148e+04 lbm   
    Wbatt = 2.243847e+03 lbm   
    Wfuel = 1.861617e+04 lbm   
    Wem   = 5.726800e+02 lbm   
    Weg   = 0.000000e+00 lbm   
    S     = 8.353673e+02 ft^2

Iteration  6:
    MTOW  = 8.942221e+04 lbm   
    OEW   = 5.137148e+04 lbm   
    Wbatt = 2.243847e+03 lbm   
    Wfuel = 1.884472e+04 lbm   
    Wem   = 5.726800e+02 lbm   
    Weg   = 0.000000e+00 lbm   
    S     = 8.353673e+02 ft^2

Iteration  7:
    MTOW  = 8.921867e+04 lbm   
    OEW   = 5.137148e+04 lbm   
    Wbatt = 2.243847e+03 lbm   
    Wfuel = 1.864118e+04 lbm   
    Wem   = 5.726800e+02 lbm   
    Weg   = 0.000000e+00 lbm   
    S     = 8.353673e+02 ft^2

Iteration  8:
    MTOW  = 8.919363e+04 lbm   
    OEW   = 5.137148e+04 lbm   
    Wbatt = 2.243847e+03 lbm   
    Wfuel = 1.861614e+04 lbm   
    Wem   = 5.726800e+02 lbm   
    Weg   = 0.000000e+00 lbm   
    S     = 8.353673e+02 ft^2

Iteration  9:
    MTOW  = 8.942220e+04 lbm   
    OEW   = 5.137148e+04 lbm   
    Wbatt = 2.243847e+03 lbm   
    Wfuel = 1.884471e+04 lbm   
    Wem   = 5.726800e+02 lbm   
    Weg   = 0.000000e+00 lbm   
    S     = 8.353673e+02 ft^2

Iteration 10:
    MTOW  = 8.921867e+04 lbm   
    OEW   = 5.137148e+04 lbm   
    Wbatt = 2.243847e+03 lbm   
    Wfuel = 1.864118e+04 lbm   
    Wem   = 5.726800e+02 lbm   
    Weg   = 0.000000e+00 lbm   
    S     = 8.353673e+02 ft^2

Iteration 11:
    MTOW  = 8.919363e+04 lbm   
    OEW   = 5.137148e+04 lbm   
    Wbatt = 2.243847e+03 lbm   
    Wfuel = 1.861614e+04 lbm   
    Wem   = 5.726800e+02 lbm   
    Weg   = 0.000000e+00 lbm   
    S     = 8.353673e+02 ft^2

Iteration 12:
    MTOW  = 8.942220e+04 lbm   
    OEW   = 5.137148e+04 lbm   
    Wbatt = 2.243847e+03 lbm   
    Wfuel = 1.884471e+04 lbm   
    Wem   = 5.726800e+02 lbm   
    Weg   = 0.000000e+00 lbm   
    S     = 8.353673e+02 ft^2

Iteration 13:
    MTOW  = 8.921867e+04 lbm   
    OEW   = 5.137148e+04 lbm   
    Wbatt = 2.243847e+03 lbm   
    Wfuel = 1.864118e+04 lbm   
    Wem   = 5.726800e+02 lbm   
    Weg   = 0.000000e+00 lbm   
    S     = 8.353673e+02 ft^2

Iteration 14:
    MTOW  = 8.919363e+04 lbm   
    OEW   = 5.137148e+04 lbm   
    Wbatt = 2.243847e+03 lbm   
    Wfuel = 1.861614e+04 lbm   
    Wem   = 5.726800e+02 lbm   
    Weg   = 0.000000e+00 lbm   
    S     = 8.353673e+02 ft^2

Iteration 15:
    MTOW  = 8.942220e+04 lbm   
    OEW   = 5.137148e+04 lbm   
    Wbatt = 2.243847e+03 lbm   
    Wfuel = 1.884471e+04 lbm   
    Wem   = 5.726800e+02 lbm   
    Weg   = 0.000000e+00 lbm   
    S     = 8.353673e+02 ft^2

Iteration 16:
    MTOW  = 8.921867e+04 lbm   
    OEW   = 5.137148e+04 lbm   
    Wbatt = 2.243847e+03 lbm   
    Wfuel = 1.864118e+04 lbm   
    Wem   = 5.726800e+02 lbm   
    Weg   = 0.000000e+00 lbm   
    S     = 8.353673e+02 ft^2

Iteration 17:
    MTOW  = 8.919363e+04 lbm   
    OEW   = 5.137148e+04 lbm   
    Wbatt = 2.243847e+03 lbm   
    Wfuel = 1.861614e+04 lbm   
    Wem   = 5.726800e+02 lbm   
    Weg   = 0.000000e+00 lbm   
    S     = 8.353673e+02 ft^2

Iteration 18:
    MTOW  = 8.942220e+04 lbm   
    OEW   = 5.137148e+04 lbm   
    Wbatt = 2.243847e+03 lbm   
    Wfuel = 1.884471e+04 lbm   
    Wem   = 5.726800e+02 lbm   
    Weg   = 0.000000e+00 lbm   
    S     = 8.353673e+02 ft^2

Iteration 19:
    MTOW  = 8.921867e+04 lbm   
    OEW   = 5.137148e+04 lbm   
    Wbatt = 2.243847e+03 lbm   
    Wfuel = 1.864118e+04 lbm   
    Wem   = 5.726800e+02 lbm   
    Weg   = 0.000000e+00 lbm   
    S     = 8.353673e+02 ft^2

Iteration 20:
    MTOW  = 8.919363e+04 lbm   
    OEW   = 5.137148e+04 lbm   
    Wbatt = 2.243847e+03 lbm   
    Wfuel = 1.861614e+04 lbm   
    Wem   = 5.726800e+02 lbm   
    Weg   = 0.000000e+00 lbm   
    S     = 8.353673e+02 ft^2

Iteration 21:
    MTOW  = 8.942220e+04 lbm   
    OEW   = 5.137148e+04 lbm   
    Wbatt = 2.243847e+03 lbm   
    Wfuel = 1.884471e+04 lbm   
    Wem   = 5.726800e+02 lbm   
    Weg   = 0.000000e+00 lbm   
    S     = 8.353673e+02 ft^2

Iteration 22:
    MTOW  = 8.921867e+04 lbm   
    OEW   = 5.137148e+04 lbm   
    Wbatt = 2.243847e+03 lbm   
    Wfuel = 1.864118e+04 lbm   
    Wem   = 5.726800e+02 lbm   
    Weg   = 0.000000e+00 lbm   
    S     = 8.353673e+02 ft^2

Iteration 23:
    MTOW  = 8.919363e+04 lbm   
    OEW   = 5.137148e+04 lbm   
    Wbatt = 2.243847e+03 lbm   
    Wfuel = 1.861614e+04 lbm   
    Wem   = 5.726800e+02 lbm   
    Weg   = 0.000000e+00 lbm   
    S     = 8.353673e+02 ft^2

Iteration 24:
    MTOW  = 8.942220e+04 lbm   
    OEW   = 5.137148e+04 lbm   
    Wbatt = 2.243847e+03 lbm   
    Wfuel = 1.884471e+04 lbm   
    Wem   = 5.726800e+02 lbm   
    Weg   = 0.000000e+00 lbm   
    S     = 8.353673e+02 ft^2

Iteration 25:
    MTOW  = 8.921867e+04 lbm   
    OEW   = 5.137148e+04 lbm   
    Wbatt = 2.243847e+03 lbm   
    Wfuel = 1.864118e+04 lbm   
    Wem   = 5.726800e+02 lbm   
    Weg   = 0.000000e+00 lbm   
    S     = 8.353673e+02 ft^2

Iteration 26:
    MTOW  = 8.919363e+04 lbm   
    OEW   = 5.137148e+04 lbm   
    Wbatt = 2.243847e+03 lbm   
    Wfuel = 1.861614e+04 lbm   
    Wem   = 5.726800e+02 lbm   
    Weg   = 0.000000e+00 lbm   
    S     = 8.353673e+02 ft^2

Iteration 27:
    MTOW  = 8.942220e+04 lbm   
    OEW   = 5.137148e+04 lbm   
    Wbatt = 2.243847e+03 lbm   
    Wfuel = 1.884471e+04 lbm   
    Wem   = 5.726800e+02 lbm   
    Weg   = 0.000000e+00 lbm   
    S     = 8.353673e+02 ft^2

Iteration 28:
    MTOW  = 8.921867e+04 lbm   
    OEW   = 5.137148e+04 lbm   
    Wbatt = 2.243847e+03 lbm   
    Wfuel = 1.864118e+04 lbm   
    Wem   = 5.726800e+02 lbm   
    Weg   = 0.000000e+00 lbm   
    S     = 8.353673e+02 ft^2

Iteration 29:
    MTOW  = 8.919363e+04 lbm   
    OEW   = 5.137148e+04 lbm   
    Wbatt = 2.243847e+03 lbm   
    Wfuel = 1.861614e+04 lbm   
    Wem   = 5.726800e+02 lbm   
    Weg   = 0.000000e+00 lbm   
    S     = 8.353673e+02 ft^2

Initial Size:          
    MTOW  = 9.126388e+04 lbm   
    Wbatt = 2.243847e+03 lbm   
    Wfuel = 2.068639e+04 lbm   
    S     = 8.353673e+02 ft^2

Iteration  0:
    MTOW  = 8.972470e+04 lbm   
    OEW   = 5.137148e+04 lbm   
    Wbatt = 2.243847e+03 lbm   
    Wfuel = 1.914721e+04 lbm   
    Wem   = 5.726800e+02 lbm   
    Weg   = 0.000000e+00 lbm   
    S     = 8.353673e+02 ft^2

Iteration  1:
    MTOW  = 8.925246e+04 lbm   
    OEW   = 5.137148e+04 lbm   
    Wbatt = 2.243847e+03 lbm   
    Wfuel = 1.867497e+04 lbm   
    Wem   = 5.726800e+02 lbm   
    Weg   = 0.000000e+00 lbm   
    S     = 8.353673e+02 ft^2

Iteration  2:
    MTOW  = 8.919787e+04 lbm   
    OEW   = 5.137148e+04 lbm   
    Wbatt = 2.243847e+03 lbm   
    Wfuel = 1.862039e+04 lbm   
    Wem   = 5.726800e+02 lbm   
    Weg   = 0.000000e+00 lbm   
    S     = 8.353673e+02 ft^2

Iteration  3:
    MTOW  = 8.942306e+04 lbm   
    OEW   = 5.137148e+04 lbm   
    Wbatt = 2.243847e+03 lbm   
    Wfuel = 1.884557e+04 lbm   
    Wem   = 5.726800e+02 lbm   
    Weg   = 0.000000e+00 lbm   
    S     = 8.353673e+02 ft^2

Iteration  4:
    MTOW  = 8.921883e+04 lbm   
    OEW   = 5.137148e+04 lbm   
    Wbatt = 2.243847e+03 lbm   
    Wfuel = 1.864135e+04 lbm   
    Wem   = 5.726800e+02 lbm   
    Weg   = 0.000000e+00 lbm   
    S     = 8.353673e+02 ft^2

Iteration  5:
    MTOW  = 8.919366e+04 lbm   
    OEW   = 5.137148e+04 lbm   
    Wbatt = 2.243847e+03 lbm   
    Wfuel = 1.861617e+04 lbm   
    Wem   = 5.726800e+02 lbm   
    Weg   = 0.000000e+00 lbm   
    S     = 8.353673e+02 ft^2

Iteration  6:
    MTOW  = 8.942221e+04 lbm   
    OEW   = 5.137148e+04 lbm   
    Wbatt = 2.243847e+03 lbm   
    Wfuel = 1.884472e+04 lbm   
    Wem   = 5.726800e+02 lbm   
    Weg   = 0.000000e+00 lbm   
    S     = 8.353673e+02 ft^2

Iteration  7:
    MTOW  = 8.921867e+04 lbm   
    OEW   = 5.137148e+04 lbm   
    Wbatt = 2.243847e+03 lbm   
    Wfuel = 1.864118e+04 lbm   
    Wem   = 5.726800e+02 lbm   
    Weg   = 0.000000e+00 lbm   
    S     = 8.353673e+02 ft^2

Iteration  8:
    MTOW  = 8.919363e+04 lbm   
    OEW   = 5.137148e+04 lbm   
    Wbatt = 2.243847e+03 lbm   
    Wfuel = 1.861614e+04 lbm   
    Wem   = 5.726800e+02 lbm   
    Weg   = 0.000000e+00 lbm   
    S     = 8.353673e+02 ft^2

Iteration  9:
    MTOW  = 8.942220e+04 lbm   
    OEW   = 5.137148e+04 lbm   
    Wbatt = 2.243847e+03 lbm   
    Wfuel = 1.884471e+04 lbm   
    Wem   = 5.726800e+02 lbm   
    Weg   = 0.000000e+00 lbm   
    S     = 8.353673e+02 ft^2

Iteration 10:
    MTOW  = 8.921867e+04 lbm   
    OEW   = 5.137148e+04 lbm   
    Wbatt = 2.243847e+03 lbm   
    Wfuel = 1.864118e+04 lbm   
    Wem   = 5.726800e+02 lbm   
    Weg   = 0.000000e+00 lbm   
    S     = 8.353673e+02 ft^2

Iteration 11:
    MTOW  = 8.919363e+04 lbm   
    OEW   = 5.137148e+04 lbm   
    Wbatt = 2.243847e+03 lbm   
    Wfuel = 1.861614e+04 lbm   
    Wem   = 5.726800e+02 lbm   
    Weg   = 0.000000e+00 lbm   
    S     = 8.353673e+02 ft^2

Iteration 12:
    MTOW  = 8.942220e+04 lbm   
    OEW   = 5.137148e+04 lbm   
    Wbatt = 2.243847e+03 lbm   
    Wfuel = 1.884471e+04 lbm   
    Wem   = 5.726800e+02 lbm   
    Weg   = 0.000000e+00 lbm   
    S     = 8.353673e+02 ft^2

Iteration 13:
    MTOW  = 8.921867e+04 lbm   
    OEW   = 5.137148e+04 lbm   
    Wbatt = 2.243847e+03 lbm   
    Wfuel = 1.864118e+04 lbm   
    Wem   = 5.726800e+02 lbm   
    Weg   = 0.000000e+00 lbm   
    S     = 8.353673e+02 ft^2

Iteration 14:
    MTOW  = 8.919363e+04 lbm   
    OEW   = 5.137148e+04 lbm   
    Wbatt = 2.243847e+03 lbm   
    Wfuel = 1.861614e+04 lbm   
    Wem   = 5.726800e+02 lbm   
    Weg   = 0.000000e+00 lbm   
    S     = 8.353673e+02 ft^2

Iteration 15:
    MTOW  = 8.942220e+04 lbm   
    OEW   = 5.137148e+04 lbm   
    Wbatt = 2.243847e+03 lbm   
    Wfuel = 1.884471e+04 lbm   
    Wem   = 5.726800e+02 lbm   
    Weg   = 0.000000e+00 lbm   
    S     = 8.353673e+02 ft^2

Iteration 16:
    MTOW  = 8.921867e+04 lbm   
    OEW   = 5.137148e+04 lbm   
    Wbatt = 2.243847e+03 lbm   
    Wfuel = 1.864118e+04 lbm   
    Wem   = 5.726800e+02 lbm   
    Weg   = 0.000000e+00 lbm   
    S     = 8.353673e+02 ft^2

Iteration 17:
    MTOW  = 8.919363e+04 lbm   
    OEW   = 5.137148e+04 lbm   
    Wbatt = 2.243847e+03 lbm   
    Wfuel = 1.861614e+04 lbm   
    Wem   = 5.726800e+02 lbm   
    Weg   = 0.000000e+00 lbm   
    S     = 8.353673e+02 ft^2

Iteration 18:
    MTOW  = 8.942220e+04 lbm   
    OEW   = 5.137148e+04 lbm   
    Wbatt = 2.243847e+03 lbm   
    Wfuel = 1.884471e+04 lbm   
    Wem   = 5.726800e+02 lbm   
    Weg   = 0.000000e+00 lbm   
    S     = 8.353673e+02 ft^2

Iteration 19:
    MTOW  = 8.921867e+04 lbm   
    OEW   = 5.137148e+04 lbm   
    Wbatt = 2.243847e+03 lbm   
    Wfuel = 1.864118e+04 lbm   
    Wem   = 5.726800e+02 lbm   
    Weg   = 0.000000e+00 lbm   
    S     = 8.353673e+02 ft^2

Iteration 20:
    MTOW  = 8.919363e+04 lbm   
    OEW   = 5.137148e+04 lbm   
    Wbatt = 2.243847e+03 lbm   
    Wfuel = 1.861614e+04 lbm   
    Wem   = 5.726800e+02 lbm   
    Weg   = 0.000000e+00 lbm   
    S     = 8.353673e+02 ft^2

Iteration 21:
    MTOW  = 8.942220e+04 lbm   
    OEW   = 5.137148e+04 lbm   
    Wbatt = 2.243847e+03 lbm   
    Wfuel = 1.884471e+04 lbm   
    Wem   = 5.726800e+02 lbm   
    Weg   = 0.000000e+00 lbm   
    S     = 8.353673e+02 ft^2

Iteration 22:
    MTOW  = 8.921867e+04 lbm   
    OEW   = 5.137148e+04 lbm   
    Wbatt = 2.243847e+03 lbm   
    Wfuel = 1.864118e+04 lbm   
    Wem   = 5.726800e+02 lbm   
    Weg   = 0.000000e+00 lbm   
    S     = 8.353673e+02 ft^2

Iteration 23:
    MTOW  = 8.919363e+04 lbm   
    OEW   = 5.137148e+04 lbm   
    Wbatt = 2.243847e+03 lbm   
    Wfuel = 1.861614e+04 lbm   
    Wem   = 5.726800e+02 lbm   
    Weg   = 0.000000e+00 lbm   
    S     = 8.353673e+02 ft^2

Iteration 24:
    MTOW  = 8.942220e+04 lbm   
    OEW   = 5.137148e+04 lbm   
    Wbatt = 2.243847e+03 lbm   
    Wfuel = 1.884471e+04 lbm   
    Wem   = 5.726800e+02 lbm   
    Weg   = 0.000000e+00 lbm   
    S     = 8.353673e+02 ft^2

Iteration 25:
    MTOW  = 8.921867e+04 lbm   
    OEW   = 5.137148e+04 lbm   
    Wbatt = 2.243847e+03 lbm   
    Wfuel = 1.864118e+04 lbm   
    Wem   = 5.726800e+02 lbm   
    Weg   = 0.000000e+00 lbm   
    S     = 8.353673e+02 ft^2

Iteration 26:
    MTOW  = 8.919363e+04 lbm   
    OEW   = 5.137148e+04 lbm   
    Wbatt = 2.243847e+03 lbm   
    Wfuel = 1.861614e+04 lbm   
    Wem   = 5.726800e+02 lbm   
    Weg   = 0.000000e+00 lbm   
    S     = 8.353673e+02 ft^2

Iteration 27:
    MTOW  = 8.942220e+04 lbm   
    OEW   = 5.137148e+04 lbm   
    Wbatt = 2.243847e+03 lbm   
    Wfuel = 1.884471e+04 lbm   
    Wem   = 5.726800e+02 lbm   
    Weg   = 0.000000e+00 lbm   
    S     = 8.353673e+02 ft^2

Iteration 28:
    MTOW  = 8.921867e+04 lbm   
    OEW   = 5.137148e+04 lbm   
    Wbatt = 2.243847e+03 lbm   
    Wfuel = 1.864118e+04 lbm   
    Wem   = 5.726800e+02 lbm   
    Weg   = 0.000000e+00 lbm   
    S     = 8.353673e+02 ft^2

Iteration 29:
    MTOW  = 8.919363e+04 lbm   
    OEW   = 5.137148e+04 lbm   
    Wbatt = 2.243847e+03 lbm   
    Wfuel = 1.861614e+04 lbm   
    Wem   = 5.726800e+02 lbm   
    Weg   = 0.000000e+00 lbm   
    S     = 8.353673e+02 ft^2

Initial Size:          
    MTOW  = 9.126388e+04 lbm   
    Wbatt = 2.243847e+03 lbm   
    Wfuel = 2.068639e+04 lbm   
    S     = 8.353673e+02 ft^2

Iteration  0:
    MTOW  = 8.972470e+04 lbm   
    OEW   = 5.137148e+04 lbm   
    Wbatt = 2.243847e+03 lbm   
    Wfuel = 1.914721e+04 lbm   
    Wem   = 5.726800e+02 lbm   
    Weg   = 0.000000e+00 lbm   
    S     = 8.353673e+02 ft^2

Iteration  1:
    MTOW  = 8.925246e+04 lbm   
    OEW   = 5.137148e+04 lbm   
    Wbatt = 2.243847e+03 lbm   
    Wfuel = 1.867497e+04 lbm   
    Wem   = 5.726800e+02 lbm   
    Weg   = 0.000000e+00 lbm   
    S     = 8.353673e+02 ft^2

Iteration  2:
    MTOW  = 8.919787e+04 lbm   
    OEW   = 5.137148e+04 lbm   
    Wbatt = 2.243847e+03 lbm   
    Wfuel = 1.862039e+04 lbm   
    Wem   = 5.726800e+02 lbm   
    Weg   = 0.000000e+00 lbm   
    S     = 8.353673e+02 ft^2

Iteration  3:
    MTOW  = 8.942306e+04 lbm   
    OEW   = 5.137148e+04 lbm   
    Wbatt = 2.243847e+03 lbm   
    Wfuel = 1.884557e+04 lbm   
    Wem   = 5.726800e+02 lbm   
    Weg   = 0.000000e+00 lbm   
    S     = 8.353673e+02 ft^2

Iteration  4:
    MTOW  = 8.921883e+04 lbm   
    OEW   = 5.137148e+04 lbm   
    Wbatt = 2.243847e+03 lbm   
    Wfuel = 1.864135e+04 lbm   
    Wem   = 5.726800e+02 lbm   
    Weg   = 0.000000e+00 lbm   
    S     = 8.353673e+02 ft^2

Iteration  5:
    MTOW  = 8.919366e+04 lbm   
    OEW   = 5.137148e+04 lbm   
    Wbatt = 2.243847e+03 lbm   
    Wfuel = 1.861617e+04 lbm   
    Wem   = 5.726800e+02 lbm   
    Weg   = 0.000000e+00 lbm   
    S     = 8.353673e+02 ft^2

Iteration  6:
    MTOW  = 8.942221e+04 lbm   
    OEW   = 5.137148e+04 lbm   
    Wbatt = 2.243847e+03 lbm   
    Wfuel = 1.884472e+04 lbm   
    Wem   = 5.726800e+02 lbm   
    Weg   = 0.000000e+00 lbm   
    S     = 8.353673e+02 ft^2

Iteration  7:
    MTOW  = 8.921867e+04 lbm   
    OEW   = 5.137148e+04 lbm   
    Wbatt = 2.243847e+03 lbm   
    Wfuel = 1.864118e+04 lbm   
    Wem   = 5.726800e+02 lbm   
    Weg   = 0.000000e+00 lbm   
    S     = 8.353673e+02 ft^2

Iteration  8:
    MTOW  = 8.919363e+04 lbm   
    OEW   = 5.137148e+04 lbm   
    Wbatt = 2.243847e+03 lbm   
    Wfuel = 1.861614e+04 lbm   
    Wem   = 5.726800e+02 lbm   
    Weg   = 0.000000e+00 lbm   
    S     = 8.353673e+02 ft^2

Iteration  9:
    MTOW  = 8.942220e+04 lbm   
    OEW   = 5.137148e+04 lbm   
    Wbatt = 2.243847e+03 lbm   
    Wfuel = 1.884471e+04 lbm   
    Wem   = 5.726800e+02 lbm   
    Weg   = 0.000000e+00 lbm   
    S     = 8.353673e+02 ft^2

Iteration 10:
    MTOW  = 8.921867e+04 lbm   
    OEW   = 5.137148e+04 lbm   
    Wbatt = 2.243847e+03 lbm   
    Wfuel = 1.864118e+04 lbm   
    Wem   = 5.726800e+02 lbm   
    Weg   = 0.000000e+00 lbm   
    S     = 8.353673e+02 ft^2

Iteration 11:
    MTOW  = 8.919363e+04 lbm   
    OEW   = 5.137148e+04 lbm   
    Wbatt = 2.243847e+03 lbm   
    Wfuel = 1.861614e+04 lbm   
    Wem   = 5.726800e+02 lbm   
    Weg   = 0.000000e+00 lbm   
    S     = 8.353673e+02 ft^2

Iteration 12:
    MTOW  = 8.942220e+04 lbm   
    OEW   = 5.137148e+04 lbm   
    Wbatt = 2.243847e+03 lbm   
    Wfuel = 1.884471e+04 lbm   
    Wem   = 5.726800e+02 lbm   
    Weg   = 0.000000e+00 lbm   
    S     = 8.353673e+02 ft^2

Iteration 13:
    MTOW  = 8.921867e+04 lbm   
    OEW   = 5.137148e+04 lbm   
    Wbatt = 2.243847e+03 lbm   
    Wfuel = 1.864118e+04 lbm   
    Wem   = 5.726800e+02 lbm   
    Weg   = 0.000000e+00 lbm   
    S     = 8.353673e+02 ft^2

Iteration 14:
    MTOW  = 8.919363e+04 lbm   
    OEW   = 5.137148e+04 lbm   
    Wbatt = 2.243847e+03 lbm   
    Wfuel = 1.861614e+04 lbm   
    Wem   = 5.726800e+02 lbm   
    Weg   = 0.000000e+00 lbm   
    S     = 8.353673e+02 ft^2

Iteration 15:
    MTOW  = 8.942220e+04 lbm   
    OEW   = 5.137148e+04 lbm   
    Wbatt = 2.243847e+03 lbm   
    Wfuel = 1.884471e+04 lbm   
    Wem   = 5.726800e+02 lbm   
    Weg   = 0.000000e+00 lbm   
    S     = 8.353673e+02 ft^2

Iteration 16:
    MTOW  = 8.921867e+04 lbm   
    OEW   = 5.137148e+04 lbm   
    Wbatt = 2.243847e+03 lbm   
    Wfuel = 1.864118e+04 lbm   
    Wem   = 5.726800e+02 lbm   
    Weg   = 0.000000e+00 lbm   
    S     = 8.353673e+02 ft^2

Iteration 17:
    MTOW  = 8.919363e+04 lbm   
    OEW   = 5.137148e+04 lbm   
    Wbatt = 2.243847e+03 lbm   
    Wfuel = 1.861614e+04 lbm   
    Wem   = 5.726800e+02 lbm   
    Weg   = 0.000000e+00 lbm   
    S     = 8.353673e+02 ft^2

Iteration 18:
    MTOW  = 8.942220e+04 lbm   
    OEW   = 5.137148e+04 lbm   
    Wbatt = 2.243847e+03 lbm   
    Wfuel = 1.884471e+04 lbm   
    Wem   = 5.726800e+02 lbm   
    Weg   = 0.000000e+00 lbm   
    S     = 8.353673e+02 ft^2

Iteration 19:
    MTOW  = 8.921867e+04 lbm   
    OEW   = 5.137148e+04 lbm   
    Wbatt = 2.243847e+03 lbm   
    Wfuel = 1.864118e+04 lbm   
    Wem   = 5.726800e+02 lbm   
    Weg   = 0.000000e+00 lbm   
    S     = 8.353673e+02 ft^2

Iteration 20:
    MTOW  = 8.919363e+04 lbm   
    OEW   = 5.137148e+04 lbm   
    Wbatt = 2.243847e+03 lbm   
    Wfuel = 1.861614e+04 lbm   
    Wem   = 5.726800e+02 lbm   
    Weg   = 0.000000e+00 lbm   
    S     = 8.353673e+02 ft^2

Iteration 21:
    MTOW  = 8.942220e+04 lbm   
    OEW   = 5.137148e+04 lbm   
    Wbatt = 2.243847e+03 lbm   
    Wfuel = 1.884471e+04 lbm   
    Wem   = 5.726800e+02 lbm   
    Weg   = 0.000000e+00 lbm   
    S     = 8.353673e+02 ft^2

Iteration 22:
    MTOW  = 8.921867e+04 lbm   
    OEW   = 5.137148e+04 lbm   
    Wbatt = 2.243847e+03 lbm   
    Wfuel = 1.864118e+04 lbm   
    Wem   = 5.726800e+02 lbm   
    Weg   = 0.000000e+00 lbm   
    S     = 8.353673e+02 ft^2

Iteration 23:
    MTOW  = 8.919363e+04 lbm   
    OEW   = 5.137148e+04 lbm   
    Wbatt = 2.243847e+03 lbm   
    Wfuel = 1.861614e+04 lbm   
    Wem   = 5.726800e+02 lbm   
    Weg   = 0.000000e+00 lbm   
    S     = 8.353673e+02 ft^2

Iteration 24:
    MTOW  = 8.942220e+04 lbm   
    OEW   = 5.137148e+04 lbm   
    Wbatt = 2.243847e+03 lbm   
    Wfuel = 1.884471e+04 lbm   
    Wem   = 5.726800e+02 lbm   
    Weg   = 0.000000e+00 lbm   
    S     = 8.353673e+02 ft^2

Iteration 25:
    MTOW  = 8.921867e+04 lbm   
    OEW   = 5.137148e+04 lbm   
    Wbatt = 2.243847e+03 lbm   
    Wfuel = 1.864118e+04 lbm   
    Wem   = 5.726800e+02 lbm   
    Weg   = 0.000000e+00 lbm   
    S     = 8.353673e+02 ft^2

Iteration 26:
    MTOW  = 8.919363e+04 lbm   
    OEW   = 5.137148e+04 lbm   
    Wbatt = 2.243847e+03 lbm   
    Wfuel = 1.861614e+04 lbm   
    Wem   = 5.726800e+02 lbm   
    Weg   = 0.000000e+00 lbm   
    S     = 8.353673e+02 ft^2

Iteration 27:
    MTOW  = 8.942220e+04 lbm   
    OEW   = 5.137148e+04 lbm   
    Wbatt = 2.243847e+03 lbm   
    Wfuel = 1.884471e+04 lbm   
    Wem   = 5.726800e+02 lbm   
    Weg   = 0.000000e+00 lbm   
    S     = 8.353673e+02 ft^2

Iteration 28:
    MTOW  = 8.921867e+04 lbm   
    OEW   = 5.137148e+04 lbm   
    Wbatt = 2.243847e+03 lbm   
    Wfuel = 1.864118e+04 lbm   
    Wem   = 5.726800e+02 lbm   
    Weg   = 0.000000e+00 lbm   
    S     = 8.353673e+02 ft^2

Iteration 29:
    MTOW  = 8.919363e+04 lbm   
    OEW   = 5.137148e+04 lbm   
    Wbatt = 2.243847e+03 lbm   
    Wfuel = 1.861614e+04 lbm   
    Wem   = 5.726800e+02 lbm   
    Weg   = 0.000000e+00 lbm   
    S     = 8.353673e+02 ft^2

Initial Size:          
    MTOW  = 9.126388e+04 lbm   
    Wbatt = 2.243847e+03 lbm   
    Wfuel = 2.068639e+04 lbm   
    S     = 8.353673e+02 ft^2

Iteration  0:
    MTOW  = 8.972470e+04 lbm   
    OEW   = 5.137148e+04 lbm   
    Wbatt = 2.243847e+03 lbm   
    Wfuel = 1.914721e+04 lbm   
    Wem   = 5.726800e+02 lbm   
    Weg   = 0.000000e+00 lbm   
    S     = 8.353673e+02 ft^2

Iteration  1:
    MTOW  = 8.925246e+04 lbm   
    OEW   = 5.137148e+04 lbm   
    Wbatt = 2.243847e+03 lbm   
    Wfuel = 1.867497e+04 lbm   
    Wem   = 5.726800e+02 lbm   
    Weg   = 0.000000e+00 lbm   
    S     = 8.353673e+02 ft^2

Iteration  2:
    MTOW  = 8.919787e+04 lbm   
    OEW   = 5.137148e+04 lbm   
    Wbatt = 2.243847e+03 lbm   
    Wfuel = 1.862039e+04 lbm   
    Wem   = 5.726800e+02 lbm   
    Weg   = 0.000000e+00 lbm   
    S     = 8.353673e+02 ft^2

Iteration  3:
    MTOW  = 8.942306e+04 lbm   
    OEW   = 5.137148e+04 lbm   
    Wbatt = 2.243847e+03 lbm   
    Wfuel = 1.884557e+04 lbm   
    Wem   = 5.726800e+02 lbm   
    Weg   = 0.000000e+00 lbm   
    S     = 8.353673e+02 ft^2

Iteration  4:
    MTOW  = 8.921883e+04 lbm   
    OEW   = 5.137148e+04 lbm   
    Wbatt = 2.243847e+03 lbm   
    Wfuel = 1.864135e+04 lbm   
    Wem   = 5.726800e+02 lbm   
    Weg   = 0.000000e+00 lbm   
    S     = 8.353673e+02 ft^2

Iteration  5:
    MTOW  = 8.919366e+04 lbm   
    OEW   = 5.137148e+04 lbm   
    Wbatt = 2.243847e+03 lbm   
    Wfuel = 1.861617e+04 lbm   
    Wem   = 5.726800e+02 lbm   
    Weg   = 0.000000e+00 lbm   
    S     = 8.353673e+02 ft^2

Iteration  6:
    MTOW  = 8.942221e+04 lbm   
    OEW   = 5.137148e+04 lbm   
    Wbatt = 2.243847e+03 lbm   
    Wfuel = 1.884472e+04 lbm   
    Wem   = 5.726800e+02 lbm   
    Weg   = 0.000000e+00 lbm   
    S     = 8.353673e+02 ft^2

Iteration  7:
    MTOW  = 8.921867e+04 lbm   
    OEW   = 5.137148e+04 lbm   
    Wbatt = 2.243847e+03 lbm   
    Wfuel = 1.864118e+04 lbm   
    Wem   = 5.726800e+02 lbm   
    Weg   = 0.000000e+00 lbm   
    S     = 8.353673e+02 ft^2

Iteration  8:
    MTOW  = 8.919363e+04 lbm   
    OEW   = 5.137148e+04 lbm   
    Wbatt = 2.243847e+03 lbm   
    Wfuel = 1.861614e+04 lbm   
    Wem   = 5.726800e+02 lbm   
    Weg   = 0.000000e+00 lbm   
    S     = 8.353673e+02 ft^2

Iteration  9:
    MTOW  = 8.942220e+04 lbm   
    OEW   = 5.137148e+04 lbm   
    Wbatt = 2.243847e+03 lbm   
    Wfuel = 1.884471e+04 lbm   
    Wem   = 5.726800e+02 lbm   
    Weg   = 0.000000e+00 lbm   
    S     = 8.353673e+02 ft^2

Iteration 10:
    MTOW  = 8.921867e+04 lbm   
    OEW   = 5.137148e+04 lbm   
    Wbatt = 2.243847e+03 lbm   
    Wfuel = 1.864118e+04 lbm   
    Wem   = 5.726800e+02 lbm   
    Weg   = 0.000000e+00 lbm   
    S     = 8.353673e+02 ft^2

Iteration 11:
    MTOW  = 8.919363e+04 lbm   
    OEW   = 5.137148e+04 lbm   
    Wbatt = 2.243847e+03 lbm   
    Wfuel = 1.861614e+04 lbm   
    Wem   = 5.726800e+02 lbm   
    Weg   = 0.000000e+00 lbm   
    S     = 8.353673e+02 ft^2

Iteration 12:
    MTOW  = 8.942220e+04 lbm   
    OEW   = 5.137148e+04 lbm   
    Wbatt = 2.243847e+03 lbm   
    Wfuel = 1.884471e+04 lbm   
    Wem   = 5.726800e+02 lbm   
    Weg   = 0.000000e+00 lbm   
    S     = 8.353673e+02 ft^2

Iteration 13:
    MTOW  = 8.921867e+04 lbm   
    OEW   = 5.137148e+04 lbm   
    Wbatt = 2.243847e+03 lbm   
    Wfuel = 1.864118e+04 lbm   
    Wem   = 5.726800e+02 lbm   
    Weg   = 0.000000e+00 lbm   
    S     = 8.353673e+02 ft^2

Iteration 14:
    MTOW  = 8.919363e+04 lbm   
    OEW   = 5.137148e+04 lbm   
    Wbatt = 2.243847e+03 lbm   
    Wfuel = 1.861614e+04 lbm   
    Wem   = 5.726800e+02 lbm   
    Weg   = 0.000000e+00 lbm   
    S     = 8.353673e+02 ft^2

Iteration 15:
    MTOW  = 8.942220e+04 lbm   
    OEW   = 5.137148e+04 lbm   
    Wbatt = 2.243847e+03 lbm   
    Wfuel = 1.884471e+04 lbm   
    Wem   = 5.726800e+02 lbm   
    Weg   = 0.000000e+00 lbm   
    S     = 8.353673e+02 ft^2

Iteration 16:
    MTOW  = 8.921867e+04 lbm   
    OEW   = 5.137148e+04 lbm   
    Wbatt = 2.243847e+03 lbm   
    Wfuel = 1.864118e+04 lbm   
    Wem   = 5.726800e+02 lbm   
    Weg   = 0.000000e+00 lbm   
    S     = 8.353673e+02 ft^2

Iteration 17:
    MTOW  = 8.919363e+04 lbm   
    OEW   = 5.137148e+04 lbm   
    Wbatt = 2.243847e+03 lbm   
    Wfuel = 1.861614e+04 lbm   
    Wem   = 5.726800e+02 lbm   
    Weg   = 0.000000e+00 lbm   
    S     = 8.353673e+02 ft^2

Iteration 18:
    MTOW  = 8.942220e+04 lbm   
    OEW   = 5.137148e+04 lbm   
    Wbatt = 2.243847e+03 lbm   
    Wfuel = 1.884471e+04 lbm   
    Wem   = 5.726800e+02 lbm   
    Weg   = 0.000000e+00 lbm   
    S     = 8.353673e+02 ft^2

Iteration 19:
    MTOW  = 8.921867e+04 lbm   
    OEW   = 5.137148e+04 lbm   
    Wbatt = 2.243847e+03 lbm   
    Wfuel = 1.864118e+04 lbm   
    Wem   = 5.726800e+02 lbm   
    Weg   = 0.000000e+00 lbm   
    S     = 8.353673e+02 ft^2

Iteration 20:
    MTOW  = 8.919363e+04 lbm   
    OEW   = 5.137148e+04 lbm   
    Wbatt = 2.243847e+03 lbm   
    Wfuel = 1.861614e+04 lbm   
    Wem   = 5.726800e+02 lbm   
    Weg   = 0.000000e+00 lbm   
    S     = 8.353673e+02 ft^2

Iteration 21:
    MTOW  = 8.942220e+04 lbm   
    OEW   = 5.137148e+04 lbm   
    Wbatt = 2.243847e+03 lbm   
    Wfuel = 1.884471e+04 lbm   
    Wem   = 5.726800e+02 lbm   
    Weg   = 0.000000e+00 lbm   
    S     = 8.353673e+02 ft^2

Iteration 22:
    MTOW  = 8.921867e+04 lbm   
    OEW   = 5.137148e+04 lbm   
    Wbatt = 2.243847e+03 lbm   
    Wfuel = 1.864118e+04 lbm   
    Wem   = 5.726800e+02 lbm   
    Weg   = 0.000000e+00 lbm   
    S     = 8.353673e+02 ft^2

Iteration 23:
    MTOW  = 8.919363e+04 lbm   
    OEW   = 5.137148e+04 lbm   
    Wbatt = 2.243847e+03 lbm   
    Wfuel = 1.861614e+04 lbm   
    Wem   = 5.726800e+02 lbm   
    Weg   = 0.000000e+00 lbm   
    S     = 8.353673e+02 ft^2

Iteration 24:
    MTOW  = 8.942220e+04 lbm   
    OEW   = 5.137148e+04 lbm   
    Wbatt = 2.243847e+03 lbm   
    Wfuel = 1.884471e+04 lbm   
    Wem   = 5.726800e+02 lbm   
    Weg   = 0.000000e+00 lbm   
    S     = 8.353673e+02 ft^2

Iteration 25:
    MTOW  = 8.921867e+04 lbm   
    OEW   = 5.137148e+04 lbm   
    Wbatt = 2.243847e+03 lbm   
    Wfuel = 1.864118e+04 lbm   
    Wem   = 5.726800e+02 lbm   
    Weg   = 0.000000e+00 lbm   
    S     = 8.353673e+02 ft^2

Iteration 26:
    MTOW  = 8.919363e+04 lbm   
    OEW   = 5.137148e+04 lbm   
    Wbatt = 2.243847e+03 lbm   
    Wfuel = 1.861614e+04 lbm   
    Wem   = 5.726800e+02 lbm   
    Weg   = 0.000000e+00 lbm   
    S     = 8.353673e+02 ft^2

Iteration 27:
    MTOW  = 8.942220e+04 lbm   
    OEW   = 5.137148e+04 lbm   
    Wbatt = 2.243847e+03 lbm   
    Wfuel = 1.884471e+04 lbm   
    Wem   = 5.726800e+02 lbm   
    Weg   = 0.000000e+00 lbm   
    S     = 8.353673e+02 ft^2

Iteration 28:
    MTOW  = 8.921867e+04 lbm   
    OEW   = 5.137148e+04 lbm   
    Wbatt = 2.243847e+03 lbm   
    Wfuel = 1.864118e+04 lbm   
    Wem   = 5.726800e+02 lbm   
    Weg   = 0.000000e+00 lbm   
    S     = 8.353673e+02 ft^2

Iteration 29:
    MTOW  = 8.919363e+04 lbm   
    OEW   = 5.137148e+04 lbm   
    Wbatt = 2.243847e+03 lbm   
    Wfuel = 1.861614e+04 lbm   
    Wem   = 5.726800e+02 lbm   
    Weg   = 0.000000e+00 lbm   
    S     = 8.353673e+02 ft^2

Initial Size:          
    MTOW  = 9.126388e+04 lbm   
    Wbatt = 2.243847e+03 lbm   
    Wfuel = 2.068639e+04 lbm   
    S     = 8.353673e+02 ft^2

Iteration  0:
    MTOW  = 8.972470e+04 lbm   
    OEW   = 5.137148e+04 lbm   
    Wbatt = 2.243847e+03 lbm   
    Wfuel = 1.914721e+04 lbm   
    Wem   = 5.726800e+02 lbm   
    Weg   = 0.000000e+00 lbm   
    S     = 8.353673e+02 ft^2

Iteration  1:
    MTOW  = 8.925246e+04 lbm   
    OEW   = 5.137148e+04 lbm   
    Wbatt = 2.243847e+03 lbm   
    Wfuel = 1.867497e+04 lbm   
    Wem   = 5.726800e+02 lbm   
    Weg   = 0.000000e+00 lbm   
    S     = 8.353673e+02 ft^2

Iteration  2:
    MTOW  = 8.919787e+04 lbm   
    OEW   = 5.137148e+04 lbm   
    Wbatt = 2.243847e+03 lbm   
    Wfuel = 1.862039e+04 lbm   
    Wem   = 5.726800e+02 lbm   
    Weg   = 0.000000e+00 lbm   
    S     = 8.353673e+02 ft^2

Iteration  3:
    MTOW  = 8.942306e+04 lbm   
    OEW   = 5.137148e+04 lbm   
    Wbatt = 2.243847e+03 lbm   
    Wfuel = 1.884557e+04 lbm   
    Wem   = 5.726800e+02 lbm   
    Weg   = 0.000000e+00 lbm   
    S     = 8.353673e+02 ft^2

Iteration  4:
    MTOW  = 8.921883e+04 lbm   
    OEW   = 5.137148e+04 lbm   
    Wbatt = 2.243847e+03 lbm   
    Wfuel = 1.864135e+04 lbm   
    Wem   = 5.726800e+02 lbm   
    Weg   = 0.000000e+00 lbm   
    S     = 8.353673e+02 ft^2

Iteration  5:
    MTOW  = 8.919366e+04 lbm   
    OEW   = 5.137148e+04 lbm   
    Wbatt = 2.243847e+03 lbm   
    Wfuel = 1.861617e+04 lbm   
    Wem   = 5.726800e+02 lbm   
    Weg   = 0.000000e+00 lbm   
    S     = 8.353673e+02 ft^2

Iteration  6:
    MTOW  = 8.942221e+04 lbm   
    OEW   = 5.137148e+04 lbm   
    Wbatt = 2.243847e+03 lbm   
    Wfuel = 1.884472e+04 lbm   
    Wem   = 5.726800e+02 lbm   
    Weg   = 0.000000e+00 lbm   
    S     = 8.353673e+02 ft^2

Iteration  7:
    MTOW  = 8.921867e+04 lbm   
    OEW   = 5.137148e+04 lbm   
    Wbatt = 2.243847e+03 lbm   
    Wfuel = 1.864118e+04 lbm   
    Wem   = 5.726800e+02 lbm   
    Weg   = 0.000000e+00 lbm   
    S     = 8.353673e+02 ft^2

Iteration  8:
    MTOW  = 8.919363e+04 lbm   
    OEW   = 5.137148e+04 lbm   
    Wbatt = 2.243847e+03 lbm   
    Wfuel = 1.861614e+04 lbm   
    Wem   = 5.726800e+02 lbm   
    Weg   = 0.000000e+00 lbm   
    S     = 8.353673e+02 ft^2

Iteration  9:
    MTOW  = 8.942220e+04 lbm   
    OEW   = 5.137148e+04 lbm   
    Wbatt = 2.243847e+03 lbm   
    Wfuel = 1.884471e+04 lbm   
    Wem   = 5.726800e+02 lbm   
    Weg   = 0.000000e+00 lbm   
    S     = 8.353673e+02 ft^2

Iteration 10:
    MTOW  = 8.921867e+04 lbm   
    OEW   = 5.137148e+04 lbm   
    Wbatt = 2.243847e+03 lbm   
    Wfuel = 1.864118e+04 lbm   
    Wem   = 5.726800e+02 lbm   
    Weg   = 0.000000e+00 lbm   
    S     = 8.353673e+02 ft^2

Iteration 11:
    MTOW  = 8.919363e+04 lbm   
    OEW   = 5.137148e+04 lbm   
    Wbatt = 2.243847e+03 lbm   
    Wfuel = 1.861614e+04 lbm   
    Wem   = 5.726800e+02 lbm   
    Weg   = 0.000000e+00 lbm   
    S     = 8.353673e+02 ft^2

Iteration 12:
    MTOW  = 8.942220e+04 lbm   
    OEW   = 5.137148e+04 lbm   
    Wbatt = 2.243847e+03 lbm   
    Wfuel = 1.884471e+04 lbm   
    Wem   = 5.726800e+02 lbm   
    Weg   = 0.000000e+00 lbm   
    S     = 8.353673e+02 ft^2

Iteration 13:
    MTOW  = 8.921867e+04 lbm   
    OEW   = 5.137148e+04 lbm   
    Wbatt = 2.243847e+03 lbm   
    Wfuel = 1.864118e+04 lbm   
    Wem   = 5.726800e+02 lbm   
    Weg   = 0.000000e+00 lbm   
    S     = 8.353673e+02 ft^2

Iteration 14:
    MTOW  = 8.919363e+04 lbm   
    OEW   = 5.137148e+04 lbm   
    Wbatt = 2.243847e+03 lbm   
    Wfuel = 1.861614e+04 lbm   
    Wem   = 5.726800e+02 lbm   
    Weg   = 0.000000e+00 lbm   
    S     = 8.353673e+02 ft^2

Iteration 15:
    MTOW  = 8.942220e+04 lbm   
    OEW   = 5.137148e+04 lbm   
    Wbatt = 2.243847e+03 lbm   
    Wfuel = 1.884471e+04 lbm   
    Wem   = 5.726800e+02 lbm   
    Weg   = 0.000000e+00 lbm   
    S     = 8.353673e+02 ft^2

Iteration 16:
    MTOW  = 8.921867e+04 lbm   
    OEW   = 5.137148e+04 lbm   
    Wbatt = 2.243847e+03 lbm   
    Wfuel = 1.864118e+04 lbm   
    Wem   = 5.726800e+02 lbm   
    Weg   = 0.000000e+00 lbm   
    S     = 8.353673e+02 ft^2

Iteration 17:
    MTOW  = 8.919363e+04 lbm   
    OEW   = 5.137148e+04 lbm   
    Wbatt = 2.243847e+03 lbm   
    Wfuel = 1.861614e+04 lbm   
    Wem   = 5.726800e+02 lbm   
    Weg   = 0.000000e+00 lbm   
    S     = 8.353673e+02 ft^2

Iteration 18:
    MTOW  = 8.942220e+04 lbm   
    OEW   = 5.137148e+04 lbm   
    Wbatt = 2.243847e+03 lbm   
    Wfuel = 1.884471e+04 lbm   
    Wem   = 5.726800e+02 lbm   
    Weg   = 0.000000e+00 lbm   
    S     = 8.353673e+02 ft^2

Iteration 19:
    MTOW  = 8.921867e+04 lbm   
    OEW   = 5.137148e+04 lbm   
    Wbatt = 2.243847e+03 lbm   
    Wfuel = 1.864118e+04 lbm   
    Wem   = 5.726800e+02 lbm   
    Weg   = 0.000000e+00 lbm   
    S     = 8.353673e+02 ft^2

Iteration 20:
    MTOW  = 8.919363e+04 lbm   
    OEW   = 5.137148e+04 lbm   
    Wbatt = 2.243847e+03 lbm   
    Wfuel = 1.861614e+04 lbm   
    Wem   = 5.726800e+02 lbm   
    Weg   = 0.000000e+00 lbm   
    S     = 8.353673e+02 ft^2

Iteration 21:
    MTOW  = 8.942220e+04 lbm   
    OEW   = 5.137148e+04 lbm   
    Wbatt = 2.243847e+03 lbm   
    Wfuel = 1.884471e+04 lbm   
    Wem   = 5.726800e+02 lbm   
    Weg   = 0.000000e+00 lbm   
    S     = 8.353673e+02 ft^2

Iteration 22:
    MTOW  = 8.921867e+04 lbm   
    OEW   = 5.137148e+04 lbm   
    Wbatt = 2.243847e+03 lbm   
    Wfuel = 1.864118e+04 lbm   
    Wem   = 5.726800e+02 lbm   
    Weg   = 0.000000e+00 lbm   
    S     = 8.353673e+02 ft^2

Iteration 23:
    MTOW  = 8.919363e+04 lbm   
    OEW   = 5.137148e+04 lbm   
    Wbatt = 2.243847e+03 lbm   
    Wfuel = 1.861614e+04 lbm   
    Wem   = 5.726800e+02 lbm   
    Weg   = 0.000000e+00 lbm   
    S     = 8.353673e+02 ft^2

Iteration 24:
    MTOW  = 8.942220e+04 lbm   
    OEW   = 5.137148e+04 lbm   
    Wbatt = 2.243847e+03 lbm   
    Wfuel = 1.884471e+04 lbm   
    Wem   = 5.726800e+02 lbm   
    Weg   = 0.000000e+00 lbm   
    S     = 8.353673e+02 ft^2

Iteration 25:
    MTOW  = 8.921867e+04 lbm   
    OEW   = 5.137148e+04 lbm   
    Wbatt = 2.243847e+03 lbm   
    Wfuel = 1.864118e+04 lbm   
    Wem   = 5.726800e+02 lbm   
    Weg   = 0.000000e+00 lbm   
    S     = 8.353673e+02 ft^2

Iteration 26:
    MTOW  = 8.919363e+04 lbm   
    OEW   = 5.137148e+04 lbm   
    Wbatt = 2.243847e+03 lbm   
    Wfuel = 1.861614e+04 lbm   
    Wem   = 5.726800e+02 lbm   
    Weg   = 0.000000e+00 lbm   
    S     = 8.353673e+02 ft^2

Iteration 27:
    MTOW  = 8.942220e+04 lbm   
    OEW   = 5.137148e+04 lbm   
    Wbatt = 2.243847e+03 lbm   
    Wfuel = 1.884471e+04 lbm   
    Wem   = 5.726800e+02 lbm   
    Weg   = 0.000000e+00 lbm   
    S     = 8.353673e+02 ft^2

Iteration 28:
    MTOW  = 8.921867e+04 lbm   
    OEW   = 5.137148e+04 lbm   
    Wbatt = 2.243847e+03 lbm   
    Wfuel = 1.864118e+04 lbm   
    Wem   = 5.726800e+02 lbm   
    Weg   = 0.000000e+00 lbm   
    S     = 8.353673e+02 ft^2

Iteration 29:
    MTOW  = 8.919363e+04 lbm   
    OEW   = 5.137148e+04 lbm   
    Wbatt = 2.243847e+03 lbm   
    Wfuel = 1.861614e+04 lbm   
    Wem   = 5.726800e+02 lbm   
    Weg   = 0.000000e+00 lbm   
    S     = 8.353673e+02 ft^2

Initial Size:          
    MTOW  = 9.126388e+04 lbm   
    Wbatt = 2.243847e+03 lbm   
    Wfuel = 2.068639e+04 lbm   
    S     = 8.353673e+02 ft^2

Iteration  0:
    MTOW  = 8.972470e+04 lbm   
    OEW   = 5.137148e+04 lbm   
    Wbatt = 2.243847e+03 lbm   
    Wfuel = 1.914721e+04 lbm   
    Wem   = 5.726800e+02 lbm   
    Weg   = 0.000000e+00 lbm   
    S     = 8.353673e+02 ft^2

Iteration  1:
    MTOW  = 8.925246e+04 lbm   
    OEW   = 5.137148e+04 lbm   
    Wbatt = 2.243847e+03 lbm   
    Wfuel = 1.867497e+04 lbm   
    Wem   = 5.726800e+02 lbm   
    Weg   = 0.000000e+00 lbm   
    S     = 8.353673e+02 ft^2

Iteration  2:
    MTOW  = 8.919787e+04 lbm   
    OEW   = 5.137148e+04 lbm   
    Wbatt = 2.243847e+03 lbm   
    Wfuel = 1.862039e+04 lbm   
    Wem   = 5.726800e+02 lbm   
    Weg   = 0.000000e+00 lbm   
    S     = 8.353673e+02 ft^2

Iteration  3:
    MTOW  = 8.942306e+04 lbm   
    OEW   = 5.137148e+04 lbm   
    Wbatt = 2.243847e+03 lbm   
    Wfuel = 1.884557e+04 lbm   
    Wem   = 5.726800e+02 lbm   
    Weg   = 0.000000e+00 lbm   
    S     = 8.353673e+02 ft^2

Iteration  4:
    MTOW  = 8.921883e+04 lbm   
    OEW   = 5.137148e+04 lbm   
    Wbatt = 2.243847e+03 lbm   
    Wfuel = 1.864135e+04 lbm   
    Wem   = 5.726800e+02 lbm   
    Weg   = 0.000000e+00 lbm   
    S     = 8.353673e+02 ft^2

Iteration  5:
    MTOW  = 8.919366e+04 lbm   
    OEW   = 5.137148e+04 lbm   
    Wbatt = 2.243847e+03 lbm   
    Wfuel = 1.861617e+04 lbm   
    Wem   = 5.726800e+02 lbm   
    Weg   = 0.000000e+00 lbm   
    S     = 8.353673e+02 ft^2

Iteration  6:
    MTOW  = 8.942221e+04 lbm   
    OEW   = 5.137148e+04 lbm   
    Wbatt = 2.243847e+03 lbm   
    Wfuel = 1.884472e+04 lbm   
    Wem   = 5.726800e+02 lbm   
    Weg   = 0.000000e+00 lbm   
    S     = 8.353673e+02 ft^2

Iteration  7:
    MTOW  = 8.921867e+04 lbm   
    OEW   = 5.137148e+04 lbm   
    Wbatt = 2.243847e+03 lbm   
    Wfuel = 1.864118e+04 lbm   
    Wem   = 5.726800e+02 lbm   
    Weg   = 0.000000e+00 lbm   
    S     = 8.353673e+02 ft^2

Iteration  8:
    MTOW  = 8.919363e+04 lbm   
    OEW   = 5.137148e+04 lbm   
    Wbatt = 2.243847e+03 lbm   
    Wfuel = 1.861614e+04 lbm   
    Wem   = 5.726800e+02 lbm   
    Weg   = 0.000000e+00 lbm   
    S     = 8.353673e+02 ft^2

Iteration  9:
    MTOW  = 8.942220e+04 lbm   
    OEW   = 5.137148e+04 lbm   
    Wbatt = 2.243847e+03 lbm   
    Wfuel = 1.884471e+04 lbm   
    Wem   = 5.726800e+02 lbm   
    Weg   = 0.000000e+00 lbm   
    S     = 8.353673e+02 ft^2

Iteration 10:
    MTOW  = 8.921867e+04 lbm   
    OEW   = 5.137148e+04 lbm   
    Wbatt = 2.243847e+03 lbm   
    Wfuel = 1.864118e+04 lbm   
    Wem   = 5.726800e+02 lbm   
    Weg   = 0.000000e+00 lbm   
    S     = 8.353673e+02 ft^2

Iteration 11:
    MTOW  = 8.919363e+04 lbm   
    OEW   = 5.137148e+04 lbm   
    Wbatt = 2.243847e+03 lbm   
    Wfuel = 1.861614e+04 lbm   
    Wem   = 5.726800e+02 lbm   
    Weg   = 0.000000e+00 lbm   
    S     = 8.353673e+02 ft^2

Iteration 12:
    MTOW  = 8.942220e+04 lbm   
    OEW   = 5.137148e+04 lbm   
    Wbatt = 2.243847e+03 lbm   
    Wfuel = 1.884471e+04 lbm   
    Wem   = 5.726800e+02 lbm   
    Weg   = 0.000000e+00 lbm   
    S     = 8.353673e+02 ft^2

Iteration 13:
    MTOW  = 8.921867e+04 lbm   
    OEW   = 5.137148e+04 lbm   
    Wbatt = 2.243847e+03 lbm   
    Wfuel = 1.864118e+04 lbm   
    Wem   = 5.726800e+02 lbm   
    Weg   = 0.000000e+00 lbm   
    S     = 8.353673e+02 ft^2

Iteration 14:
    MTOW  = 8.919363e+04 lbm   
    OEW   = 5.137148e+04 lbm   
    Wbatt = 2.243847e+03 lbm   
    Wfuel = 1.861614e+04 lbm   
    Wem   = 5.726800e+02 lbm   
    Weg   = 0.000000e+00 lbm   
    S     = 8.353673e+02 ft^2

Iteration 15:
    MTOW  = 8.942220e+04 lbm   
    OEW   = 5.137148e+04 lbm   
    Wbatt = 2.243847e+03 lbm   
    Wfuel = 1.884471e+04 lbm   
    Wem   = 5.726800e+02 lbm   
    Weg   = 0.000000e+00 lbm   
    S     = 8.353673e+02 ft^2

Iteration 16:
    MTOW  = 8.921867e+04 lbm   
    OEW   = 5.137148e+04 lbm   
    Wbatt = 2.243847e+03 lbm   
    Wfuel = 1.864118e+04 lbm   
    Wem   = 5.726800e+02 lbm   
    Weg   = 0.000000e+00 lbm   
    S     = 8.353673e+02 ft^2

Iteration 17:
    MTOW  = 8.919363e+04 lbm   
    OEW   = 5.137148e+04 lbm   
    Wbatt = 2.243847e+03 lbm   
    Wfuel = 1.861614e+04 lbm   
    Wem   = 5.726800e+02 lbm   
    Weg   = 0.000000e+00 lbm   
    S     = 8.353673e+02 ft^2

Iteration 18:
    MTOW  = 8.942220e+04 lbm   
    OEW   = 5.137148e+04 lbm   
    Wbatt = 2.243847e+03 lbm   
    Wfuel = 1.884471e+04 lbm   
    Wem   = 5.726800e+02 lbm   
    Weg   = 0.000000e+00 lbm   
    S     = 8.353673e+02 ft^2

Iteration 19:
    MTOW  = 8.921867e+04 lbm   
    OEW   = 5.137148e+04 lbm   
    Wbatt = 2.243847e+03 lbm   
    Wfuel = 1.864118e+04 lbm   
    Wem   = 5.726800e+02 lbm   
    Weg   = 0.000000e+00 lbm   
    S     = 8.353673e+02 ft^2

Iteration 20:
    MTOW  = 8.919363e+04 lbm   
    OEW   = 5.137148e+04 lbm   
    Wbatt = 2.243847e+03 lbm   
    Wfuel = 1.861614e+04 lbm   
    Wem   = 5.726800e+02 lbm   
    Weg   = 0.000000e+00 lbm   
    S     = 8.353673e+02 ft^2

Iteration 21:
    MTOW  = 8.942220e+04 lbm   
    OEW   = 5.137148e+04 lbm   
    Wbatt = 2.243847e+03 lbm   
    Wfuel = 1.884471e+04 lbm   
    Wem   = 5.726800e+02 lbm   
    Weg   = 0.000000e+00 lbm   
    S     = 8.353673e+02 ft^2

Iteration 22:
    MTOW  = 8.921867e+04 lbm   
    OEW   = 5.137148e+04 lbm   
    Wbatt = 2.243847e+03 lbm   
    Wfuel = 1.864118e+04 lbm   
    Wem   = 5.726800e+02 lbm   
    Weg   = 0.000000e+00 lbm   
    S     = 8.353673e+02 ft^2

Iteration 23:
    MTOW  = 8.919363e+04 lbm   
    OEW   = 5.137148e+04 lbm   
    Wbatt = 2.243847e+03 lbm   
    Wfuel = 1.861614e+04 lbm   
    Wem   = 5.726800e+02 lbm   
    Weg   = 0.000000e+00 lbm   
    S     = 8.353673e+02 ft^2

Iteration 24:
    MTOW  = 8.942220e+04 lbm   
    OEW   = 5.137148e+04 lbm   
    Wbatt = 2.243847e+03 lbm   
    Wfuel = 1.884471e+04 lbm   
    Wem   = 5.726800e+02 lbm   
    Weg   = 0.000000e+00 lbm   
    S     = 8.353673e+02 ft^2

Iteration 25:
    MTOW  = 8.921867e+04 lbm   
    OEW   = 5.137148e+04 lbm   
    Wbatt = 2.243847e+03 lbm   
    Wfuel = 1.864118e+04 lbm   
    Wem   = 5.726800e+02 lbm   
    Weg   = 0.000000e+00 lbm   
    S     = 8.353673e+02 ft^2

Iteration 26:
    MTOW  = 8.919363e+04 lbm   
    OEW   = 5.137148e+04 lbm   
    Wbatt = 2.243847e+03 lbm   
    Wfuel = 1.861614e+04 lbm   
    Wem   = 5.726800e+02 lbm   
    Weg   = 0.000000e+00 lbm   
    S     = 8.353673e+02 ft^2

Iteration 27:
    MTOW  = 8.942220e+04 lbm   
    OEW   = 5.137148e+04 lbm   
    Wbatt = 2.243847e+03 lbm   
    Wfuel = 1.884471e+04 lbm   
    Wem   = 5.726800e+02 lbm   
    Weg   = 0.000000e+00 lbm   
    S     = 8.353673e+02 ft^2

Iteration 28:
    MTOW  = 8.921867e+04 lbm   
    OEW   = 5.137148e+04 lbm   
    Wbatt = 2.243847e+03 lbm   
    Wfuel = 1.864118e+04 lbm   
    Wem   = 5.726800e+02 lbm   
    Weg   = 0.000000e+00 lbm   
    S     = 8.353673e+02 ft^2

Iteration 29:
    MTOW  = 8.919363e+04 lbm   
    OEW   = 5.137148e+04 lbm   
    Wbatt = 2.243847e+03 lbm   
    Wfuel = 1.861614e+04 lbm   
    Wem   = 5.726800e+02 lbm   
    Weg   = 0.000000e+00 lbm   
    S     = 8.353673e+02 ft^2

Initial Size:          
    MTOW  = 9.126388e+04 lbm   
    Wbatt = 2.243847e+03 lbm   
    Wfuel = 2.068639e+04 lbm   
    S     = 8.353673e+02 ft^2

Iteration  0:
    MTOW  = 8.972470e+04 lbm   
    OEW   = 5.137148e+04 lbm   
    Wbatt = 2.243847e+03 lbm   
    Wfuel = 1.914721e+04 lbm   
    Wem   = 5.726800e+02 lbm   
    Weg   = 0.000000e+00 lbm   
    S     = 8.353673e+02 ft^2

Iteration  1:
    MTOW  = 8.925246e+04 lbm   
    OEW   = 5.137148e+04 lbm   
    Wbatt = 2.243847e+03 lbm   
    Wfuel = 1.867497e+04 lbm   
    Wem   = 5.726800e+02 lbm   
    Weg   = 0.000000e+00 lbm   
    S     = 8.353673e+02 ft^2

Iteration  2:
    MTOW  = 8.919787e+04 lbm   
    OEW   = 5.137148e+04 lbm   
    Wbatt = 2.243847e+03 lbm   
    Wfuel = 1.862039e+04 lbm   
    Wem   = 5.726800e+02 lbm   
    Weg   = 0.000000e+00 lbm   
    S     = 8.353673e+02 ft^2

Iteration  3:
    MTOW  = 8.942306e+04 lbm   
    OEW   = 5.137148e+04 lbm   
    Wbatt = 2.243847e+03 lbm   
    Wfuel = 1.884557e+04 lbm   
    Wem   = 5.726800e+02 lbm   
    Weg   = 0.000000e+00 lbm   
    S     = 8.353673e+02 ft^2

Iteration  4:
    MTOW  = 8.921883e+04 lbm   
    OEW   = 5.137148e+04 lbm   
    Wbatt = 2.243847e+03 lbm   
    Wfuel = 1.864135e+04 lbm   
    Wem   = 5.726800e+02 lbm   
    Weg   = 0.000000e+00 lbm   
    S     = 8.353673e+02 ft^2

Iteration  5:
    MTOW  = 8.919366e+04 lbm   
    OEW   = 5.137148e+04 lbm   
    Wbatt = 2.243847e+03 lbm   
    Wfuel = 1.861617e+04 lbm   
    Wem   = 5.726800e+02 lbm   
    Weg   = 0.000000e+00 lbm   
    S     = 8.353673e+02 ft^2

Iteration  6:
    MTOW  = 8.942221e+04 lbm   
    OEW   = 5.137148e+04 lbm   
    Wbatt = 2.243847e+03 lbm   
    Wfuel = 1.884472e+04 lbm   
    Wem   = 5.726800e+02 lbm   
    Weg   = 0.000000e+00 lbm   
    S     = 8.353673e+02 ft^2

Iteration  7:
    MTOW  = 8.921867e+04 lbm   
    OEW   = 5.137148e+04 lbm   
    Wbatt = 2.243847e+03 lbm   
    Wfuel = 1.864118e+04 lbm   
    Wem   = 5.726800e+02 lbm   
    Weg   = 0.000000e+00 lbm   
    S     = 8.353673e+02 ft^2

Iteration  8:
    MTOW  = 8.919363e+04 lbm   
    OEW   = 5.137148e+04 lbm   
    Wbatt = 2.243847e+03 lbm   
    Wfuel = 1.861614e+04 lbm   
    Wem   = 5.726800e+02 lbm   
    Weg   = 0.000000e+00 lbm   
    S     = 8.353673e+02 ft^2

Iteration  9:
    MTOW  = 8.942220e+04 lbm   
    OEW   = 5.137148e+04 lbm   
    Wbatt = 2.243847e+03 lbm   
    Wfuel = 1.884471e+04 lbm   
    Wem   = 5.726800e+02 lbm   
    Weg   = 0.000000e+00 lbm   
    S     = 8.353673e+02 ft^2

Iteration 10:
    MTOW  = 8.921867e+04 lbm   
    OEW   = 5.137148e+04 lbm   
    Wbatt = 2.243847e+03 lbm   
    Wfuel = 1.864118e+04 lbm   
    Wem   = 5.726800e+02 lbm   
    Weg   = 0.000000e+00 lbm   
    S     = 8.353673e+02 ft^2

Iteration 11:
    MTOW  = 8.919363e+04 lbm   
    OEW   = 5.137148e+04 lbm   
    Wbatt = 2.243847e+03 lbm   
    Wfuel = 1.861614e+04 lbm   
    Wem   = 5.726800e+02 lbm   
    Weg   = 0.000000e+00 lbm   
    S     = 8.353673e+02 ft^2

Iteration 12:
    MTOW  = 8.942220e+04 lbm   
    OEW   = 5.137148e+04 lbm   
    Wbatt = 2.243847e+03 lbm   
    Wfuel = 1.884471e+04 lbm   
    Wem   = 5.726800e+02 lbm   
    Weg   = 0.000000e+00 lbm   
    S     = 8.353673e+02 ft^2

Iteration 13:
    MTOW  = 8.921867e+04 lbm   
    OEW   = 5.137148e+04 lbm   
    Wbatt = 2.243847e+03 lbm   
    Wfuel = 1.864118e+04 lbm   
    Wem   = 5.726800e+02 lbm   
    Weg   = 0.000000e+00 lbm   
    S     = 8.353673e+02 ft^2

Iteration 14:
    MTOW  = 8.919363e+04 lbm   
    OEW   = 5.137148e+04 lbm   
    Wbatt = 2.243847e+03 lbm   
    Wfuel = 1.861614e+04 lbm   
    Wem   = 5.726800e+02 lbm   
    Weg   = 0.000000e+00 lbm   
    S     = 8.353673e+02 ft^2

Iteration 15:
    MTOW  = 8.942220e+04 lbm   
    OEW   = 5.137148e+04 lbm   
    Wbatt = 2.243847e+03 lbm   
    Wfuel = 1.884471e+04 lbm   
    Wem   = 5.726800e+02 lbm   
    Weg   = 0.000000e+00 lbm   
    S     = 8.353673e+02 ft^2

Iteration 16:
    MTOW  = 8.921867e+04 lbm   
    OEW   = 5.137148e+04 lbm   
    Wbatt = 2.243847e+03 lbm   
    Wfuel = 1.864118e+04 lbm   
    Wem   = 5.726800e+02 lbm   
    Weg   = 0.000000e+00 lbm   
    S     = 8.353673e+02 ft^2

Iteration 17:
    MTOW  = 8.919363e+04 lbm   
    OEW   = 5.137148e+04 lbm   
    Wbatt = 2.243847e+03 lbm   
    Wfuel = 1.861614e+04 lbm   
    Wem   = 5.726800e+02 lbm   
    Weg   = 0.000000e+00 lbm   
    S     = 8.353673e+02 ft^2

Iteration 18:
    MTOW  = 8.942220e+04 lbm   
    OEW   = 5.137148e+04 lbm   
    Wbatt = 2.243847e+03 lbm   
    Wfuel = 1.884471e+04 lbm   
    Wem   = 5.726800e+02 lbm   
    Weg   = 0.000000e+00 lbm   
    S     = 8.353673e+02 ft^2

Iteration 19:
    MTOW  = 8.921867e+04 lbm   
    OEW   = 5.137148e+04 lbm   
    Wbatt = 2.243847e+03 lbm   
    Wfuel = 1.864118e+04 lbm   
    Wem   = 5.726800e+02 lbm   
    Weg   = 0.000000e+00 lbm   
    S     = 8.353673e+02 ft^2

Iteration 20:
    MTOW  = 8.919363e+04 lbm   
    OEW   = 5.137148e+04 lbm   
    Wbatt = 2.243847e+03 lbm   
    Wfuel = 1.861614e+04 lbm   
    Wem   = 5.726800e+02 lbm   
    Weg   = 0.000000e+00 lbm   
    S     = 8.353673e+02 ft^2

Iteration 21:
    MTOW  = 8.942220e+04 lbm   
    OEW   = 5.137148e+04 lbm   
    Wbatt = 2.243847e+03 lbm   
    Wfuel = 1.884471e+04 lbm   
    Wem   = 5.726800e+02 lbm   
    Weg   = 0.000000e+00 lbm   
    S     = 8.353673e+02 ft^2

Iteration 22:
    MTOW  = 8.921867e+04 lbm   
    OEW   = 5.137148e+04 lbm   
    Wbatt = 2.243847e+03 lbm   
    Wfuel = 1.864118e+04 lbm   
    Wem   = 5.726800e+02 lbm   
    Weg   = 0.000000e+00 lbm   
    S     = 8.353673e+02 ft^2

Iteration 23:
    MTOW  = 8.919363e+04 lbm   
    OEW   = 5.137148e+04 lbm   
    Wbatt = 2.243847e+03 lbm   
    Wfuel = 1.861614e+04 lbm   
    Wem   = 5.726800e+02 lbm   
    Weg   = 0.000000e+00 lbm   
    S     = 8.353673e+02 ft^2

Iteration 24:
    MTOW  = 8.942220e+04 lbm   
    OEW   = 5.137148e+04 lbm   
    Wbatt = 2.243847e+03 lbm   
    Wfuel = 1.884471e+04 lbm   
    Wem   = 5.726800e+02 lbm   
    Weg   = 0.000000e+00 lbm   
    S     = 8.353673e+02 ft^2

Iteration 25:
    MTOW  = 8.921867e+04 lbm   
    OEW   = 5.137148e+04 lbm   
    Wbatt = 2.243847e+03 lbm   
    Wfuel = 1.864118e+04 lbm   
    Wem   = 5.726800e+02 lbm   
    Weg   = 0.000000e+00 lbm   
    S     = 8.353673e+02 ft^2

Iteration 26:
    MTOW  = 8.919363e+04 lbm   
    OEW   = 5.137148e+04 lbm   
    Wbatt = 2.243847e+03 lbm   
    Wfuel = 1.861614e+04 lbm   
    Wem   = 5.726800e+02 lbm   
    Weg   = 0.000000e+00 lbm   
    S     = 8.353673e+02 ft^2

Iteration 27:
    MTOW  = 8.942220e+04 lbm   
    OEW   = 5.137148e+04 lbm   
    Wbatt = 2.243847e+03 lbm   
    Wfuel = 1.884471e+04 lbm   
    Wem   = 5.726800e+02 lbm   
    Weg   = 0.000000e+00 lbm   
    S     = 8.353673e+02 ft^2

Iteration 28:
    MTOW  = 8.921867e+04 lbm   
    OEW   = 5.137148e+04 lbm   
    Wbatt = 2.243847e+03 lbm   
    Wfuel = 1.864118e+04 lbm   
    Wem   = 5.726800e+02 lbm   
    Weg   = 0.000000e+00 lbm   
    S     = 8.353673e+02 ft^2

Iteration 29:
    MTOW  = 8.919363e+04 lbm   
    OEW   = 5.137148e+04 lbm   
    Wbatt = 2.243847e+03 lbm   
    Wfuel = 1.861614e+04 lbm   
    Wem   = 5.726800e+02 lbm   
    Weg   = 0.000000e+00 lbm   
    S     = 8.353673e+02 ft^2

Initial Size:          
    MTOW  = 9.126388e+04 lbm   
    Wbatt = 2.243847e+03 lbm   
    Wfuel = 2.068639e+04 lbm   
    S     = 8.353673e+02 ft^2

Iteration  0:
    MTOW  = 8.972470e+04 lbm   
    OEW   = 5.137148e+04 lbm   
    Wbatt = 2.243847e+03 lbm   
    Wfuel = 1.914721e+04 lbm   
    Wem   = 5.726800e+02 lbm   
    Weg   = 0.000000e+00 lbm   
    S     = 8.353673e+02 ft^2

Iteration  1:
    MTOW  = 8.925246e+04 lbm   
    OEW   = 5.137148e+04 lbm   
    Wbatt = 2.243847e+03 lbm   
    Wfuel = 1.867497e+04 lbm   
    Wem   = 5.726800e+02 lbm   
    Weg   = 0.000000e+00 lbm   
    S     = 8.353673e+02 ft^2

Iteration  2:
    MTOW  = 8.919787e+04 lbm   
    OEW   = 5.137148e+04 lbm   
    Wbatt = 2.243847e+03 lbm   
    Wfuel = 1.862039e+04 lbm   
    Wem   = 5.726800e+02 lbm   
    Weg   = 0.000000e+00 lbm   
    S     = 8.353673e+02 ft^2

Iteration  3:
    MTOW  = 8.942306e+04 lbm   
    OEW   = 5.137148e+04 lbm   
    Wbatt = 2.243847e+03 lbm   
    Wfuel = 1.884557e+04 lbm   
    Wem   = 5.726800e+02 lbm   
    Weg   = 0.000000e+00 lbm   
    S     = 8.353673e+02 ft^2

Iteration  4:
    MTOW  = 8.921883e+04 lbm   
    OEW   = 5.137148e+04 lbm   
    Wbatt = 2.243847e+03 lbm   
    Wfuel = 1.864135e+04 lbm   
    Wem   = 5.726800e+02 lbm   
    Weg   = 0.000000e+00 lbm   
    S     = 8.353673e+02 ft^2

Iteration  5:
    MTOW  = 8.919366e+04 lbm   
    OEW   = 5.137148e+04 lbm   
    Wbatt = 2.243847e+03 lbm   
    Wfuel = 1.861617e+04 lbm   
    Wem   = 5.726800e+02 lbm   
    Weg   = 0.000000e+00 lbm   
    S     = 8.353673e+02 ft^2

Iteration  6:
    MTOW  = 8.942221e+04 lbm   
    OEW   = 5.137148e+04 lbm   
    Wbatt = 2.243847e+03 lbm   
    Wfuel = 1.884472e+04 lbm   
    Wem   = 5.726800e+02 lbm   
    Weg   = 0.000000e+00 lbm   
    S     = 8.353673e+02 ft^2

Iteration  7:
    MTOW  = 8.921867e+04 lbm   
    OEW   = 5.137148e+04 lbm   
    Wbatt = 2.243847e+03 lbm   
    Wfuel = 1.864118e+04 lbm   
    Wem   = 5.726800e+02 lbm   
    Weg   = 0.000000e+00 lbm   
    S     = 8.353673e+02 ft^2

Iteration  8:
    MTOW  = 8.919363e+04 lbm   
    OEW   = 5.137148e+04 lbm   
    Wbatt = 2.243847e+03 lbm   
    Wfuel = 1.861614e+04 lbm   
    Wem   = 5.726800e+02 lbm   
    Weg   = 0.000000e+00 lbm   
    S     = 8.353673e+02 ft^2

Iteration  9:
    MTOW  = 8.942220e+04 lbm   
    OEW   = 5.137148e+04 lbm   
    Wbatt = 2.243847e+03 lbm   
    Wfuel = 1.884471e+04 lbm   
    Wem   = 5.726800e+02 lbm   
    Weg   = 0.000000e+00 lbm   
    S     = 8.353673e+02 ft^2

Iteration 10:
    MTOW  = 8.921867e+04 lbm   
    OEW   = 5.137148e+04 lbm   
    Wbatt = 2.243847e+03 lbm   
    Wfuel = 1.864118e+04 lbm   
    Wem   = 5.726800e+02 lbm   
    Weg   = 0.000000e+00 lbm   
    S     = 8.353673e+02 ft^2

Iteration 11:
    MTOW  = 8.919363e+04 lbm   
    OEW   = 5.137148e+04 lbm   
    Wbatt = 2.243847e+03 lbm   
    Wfuel = 1.861614e+04 lbm   
    Wem   = 5.726800e+02 lbm   
    Weg   = 0.000000e+00 lbm   
    S     = 8.353673e+02 ft^2

Iteration 12:
    MTOW  = 8.942220e+04 lbm   
    OEW   = 5.137148e+04 lbm   
    Wbatt = 2.243847e+03 lbm   
    Wfuel = 1.884471e+04 lbm   
    Wem   = 5.726800e+02 lbm   
    Weg   = 0.000000e+00 lbm   
    S     = 8.353673e+02 ft^2

Iteration 13:
    MTOW  = 8.921867e+04 lbm   
    OEW   = 5.137148e+04 lbm   
    Wbatt = 2.243847e+03 lbm   
    Wfuel = 1.864118e+04 lbm   
    Wem   = 5.726800e+02 lbm   
    Weg   = 0.000000e+00 lbm   
    S     = 8.353673e+02 ft^2

Iteration 14:
    MTOW  = 8.919363e+04 lbm   
    OEW   = 5.137148e+04 lbm   
    Wbatt = 2.243847e+03 lbm   
    Wfuel = 1.861614e+04 lbm   
    Wem   = 5.726800e+02 lbm   
    Weg   = 0.000000e+00 lbm   
    S     = 8.353673e+02 ft^2

Iteration 15:
    MTOW  = 8.942220e+04 lbm   
    OEW   = 5.137148e+04 lbm   
    Wbatt = 2.243847e+03 lbm   
    Wfuel = 1.884471e+04 lbm   
    Wem   = 5.726800e+02 lbm   
    Weg   = 0.000000e+00 lbm   
    S     = 8.353673e+02 ft^2

Iteration 16:
    MTOW  = 8.921867e+04 lbm   
    OEW   = 5.137148e+04 lbm   
    Wbatt = 2.243847e+03 lbm   
    Wfuel = 1.864118e+04 lbm   
    Wem   = 5.726800e+02 lbm   
    Weg   = 0.000000e+00 lbm   
    S     = 8.353673e+02 ft^2

Iteration 17:
    MTOW  = 8.919363e+04 lbm   
    OEW   = 5.137148e+04 lbm   
    Wbatt = 2.243847e+03 lbm   
    Wfuel = 1.861614e+04 lbm   
    Wem   = 5.726800e+02 lbm   
    Weg   = 0.000000e+00 lbm   
    S     = 8.353673e+02 ft^2

Iteration 18:
    MTOW  = 8.942220e+04 lbm   
    OEW   = 5.137148e+04 lbm   
    Wbatt = 2.243847e+03 lbm   
    Wfuel = 1.884471e+04 lbm   
    Wem   = 5.726800e+02 lbm   
    Weg   = 0.000000e+00 lbm   
    S     = 8.353673e+02 ft^2

Iteration 19:
    MTOW  = 8.921867e+04 lbm   
    OEW   = 5.137148e+04 lbm   
    Wbatt = 2.243847e+03 lbm   
    Wfuel = 1.864118e+04 lbm   
    Wem   = 5.726800e+02 lbm   
    Weg   = 0.000000e+00 lbm   
    S     = 8.353673e+02 ft^2

Iteration 20:
    MTOW  = 8.919363e+04 lbm   
    OEW   = 5.137148e+04 lbm   
    Wbatt = 2.243847e+03 lbm   
    Wfuel = 1.861614e+04 lbm   
    Wem   = 5.726800e+02 lbm   
    Weg   = 0.000000e+00 lbm   
    S     = 8.353673e+02 ft^2

Iteration 21:
    MTOW  = 8.942220e+04 lbm   
    OEW   = 5.137148e+04 lbm   
    Wbatt = 2.243847e+03 lbm   
    Wfuel = 1.884471e+04 lbm   
    Wem   = 5.726800e+02 lbm   
    Weg   = 0.000000e+00 lbm   
    S     = 8.353673e+02 ft^2

Iteration 22:
    MTOW  = 8.921867e+04 lbm   
    OEW   = 5.137148e+04 lbm   
    Wbatt = 2.243847e+03 lbm   
    Wfuel = 1.864118e+04 lbm   
    Wem   = 5.726800e+02 lbm   
    Weg   = 0.000000e+00 lbm   
    S     = 8.353673e+02 ft^2

Iteration 23:
    MTOW  = 8.919363e+04 lbm   
    OEW   = 5.137148e+04 lbm   
    Wbatt = 2.243847e+03 lbm   
    Wfuel = 1.861614e+04 lbm   
    Wem   = 5.726800e+02 lbm   
    Weg   = 0.000000e+00 lbm   
    S     = 8.353673e+02 ft^2

Iteration 24:
    MTOW  = 8.942220e+04 lbm   
    OEW   = 5.137148e+04 lbm   
    Wbatt = 2.243847e+03 lbm   
    Wfuel = 1.884471e+04 lbm   
    Wem   = 5.726800e+02 lbm   
    Weg   = 0.000000e+00 lbm   
    S     = 8.353673e+02 ft^2

Iteration 25:
    MTOW  = 8.921867e+04 lbm   
    OEW   = 5.137148e+04 lbm   
    Wbatt = 2.243847e+03 lbm   
    Wfuel = 1.864118e+04 lbm   
    Wem   = 5.726800e+02 lbm   
    Weg   = 0.000000e+00 lbm   
    S     = 8.353673e+02 ft^2

Iteration 26:
    MTOW  = 8.919363e+04 lbm   
    OEW   = 5.137148e+04 lbm   
    Wbatt = 2.243847e+03 lbm   
    Wfuel = 1.861614e+04 lbm   
    Wem   = 5.726800e+02 lbm   
    Weg   = 0.000000e+00 lbm   
    S     = 8.353673e+02 ft^2

Iteration 27:
    MTOW  = 8.942220e+04 lbm   
    OEW   = 5.137148e+04 lbm   
    Wbatt = 2.243847e+03 lbm   
    Wfuel = 1.884471e+04 lbm   
    Wem   = 5.726800e+02 lbm   
    Weg   = 0.000000e+00 lbm   
    S     = 8.353673e+02 ft^2

Iteration 28:
    MTOW  = 8.921867e+04 lbm   
    OEW   = 5.137148e+04 lbm   
    Wbatt = 2.243847e+03 lbm   
    Wfuel = 1.864118e+04 lbm   
    Wem   = 5.726800e+02 lbm   
    Weg   = 0.000000e+00 lbm   
    S     = 8.353673e+02 ft^2

Iteration 29:
    MTOW  = 8.919363e+04 lbm   
    OEW   = 5.137148e+04 lbm   
    Wbatt = 2.243847e+03 lbm   
    Wfuel = 1.861614e+04 lbm   
    Wem   = 5.726800e+02 lbm   
    Weg   = 0.000000e+00 lbm   
    S     = 8.353673e+02 ft^2

Initial Size:          
    MTOW  = 9.126388e+04 lbm   
    Wbatt = 2.243847e+03 lbm   
    Wfuel = 2.068639e+04 lbm   
    S     = 8.353673e+02 ft^2

Iteration  0:
    MTOW  = 8.972470e+04 lbm   
    OEW   = 5.137148e+04 lbm   
    Wbatt = 2.243847e+03 lbm   
    Wfuel = 1.914721e+04 lbm   
    Wem   = 5.726800e+02 lbm   
    Weg   = 0.000000e+00 lbm   
    S     = 8.353673e+02 ft^2

Iteration  1:
    MTOW  = 8.925246e+04 lbm   
    OEW   = 5.137148e+04 lbm   
    Wbatt = 2.243847e+03 lbm   
    Wfuel = 1.867497e+04 lbm   
    Wem   = 5.726800e+02 lbm   
    Weg   = 0.000000e+00 lbm   
    S     = 8.353673e+02 ft^2

Iteration  2:
    MTOW  = 8.919787e+04 lbm   
    OEW   = 5.137148e+04 lbm   
    Wbatt = 2.243847e+03 lbm   
    Wfuel = 1.862039e+04 lbm   
    Wem   = 5.726800e+02 lbm   
    Weg   = 0.000000e+00 lbm   
    S     = 8.353673e+02 ft^2

Iteration  3:
    MTOW  = 8.942306e+04 lbm   
    OEW   = 5.137148e+04 lbm   
    Wbatt = 2.243847e+03 lbm   
    Wfuel = 1.884557e+04 lbm   
    Wem   = 5.726800e+02 lbm   
    Weg   = 0.000000e+00 lbm   
    S     = 8.353673e+02 ft^2

Iteration  4:
    MTOW  = 8.921883e+04 lbm   
    OEW   = 5.137148e+04 lbm   
    Wbatt = 2.243847e+03 lbm   
    Wfuel = 1.864135e+04 lbm   
    Wem   = 5.726800e+02 lbm   
    Weg   = 0.000000e+00 lbm   
    S     = 8.353673e+02 ft^2

Iteration  5:
    MTOW  = 8.919366e+04 lbm   
    OEW   = 5.137148e+04 lbm   
    Wbatt = 2.243847e+03 lbm   
    Wfuel = 1.861617e+04 lbm   
    Wem   = 5.726800e+02 lbm   
    Weg   = 0.000000e+00 lbm   
    S     = 8.353673e+02 ft^2

Iteration  6:
    MTOW  = 8.942221e+04 lbm   
    OEW   = 5.137148e+04 lbm   
    Wbatt = 2.243847e+03 lbm   
    Wfuel = 1.884472e+04 lbm   
    Wem   = 5.726800e+02 lbm   
    Weg   = 0.000000e+00 lbm   
    S     = 8.353673e+02 ft^2

Iteration  7:
    MTOW  = 8.921867e+04 lbm   
    OEW   = 5.137148e+04 lbm   
    Wbatt = 2.243847e+03 lbm   
    Wfuel = 1.864118e+04 lbm   
    Wem   = 5.726800e+02 lbm   
    Weg   = 0.000000e+00 lbm   
    S     = 8.353673e+02 ft^2

Iteration  8:
    MTOW  = 8.919363e+04 lbm   
    OEW   = 5.137148e+04 lbm   
    Wbatt = 2.243847e+03 lbm   
    Wfuel = 1.861614e+04 lbm   
    Wem   = 5.726800e+02 lbm   
    Weg   = 0.000000e+00 lbm   
    S     = 8.353673e+02 ft^2

Iteration  9:
    MTOW  = 8.942220e+04 lbm   
    OEW   = 5.137148e+04 lbm   
    Wbatt = 2.243847e+03 lbm   
    Wfuel = 1.884471e+04 lbm   
    Wem   = 5.726800e+02 lbm   
    Weg   = 0.000000e+00 lbm   
    S     = 8.353673e+02 ft^2

Iteration 10:
    MTOW  = 8.921867e+04 lbm   
    OEW   = 5.137148e+04 lbm   
    Wbatt = 2.243847e+03 lbm   
    Wfuel = 1.864118e+04 lbm   
    Wem   = 5.726800e+02 lbm   
    Weg   = 0.000000e+00 lbm   
    S     = 8.353673e+02 ft^2

Iteration 11:
    MTOW  = 8.919363e+04 lbm   
    OEW   = 5.137148e+04 lbm   
    Wbatt = 2.243847e+03 lbm   
    Wfuel = 1.861614e+04 lbm   
    Wem   = 5.726800e+02 lbm   
    Weg   = 0.000000e+00 lbm   
    S     = 8.353673e+02 ft^2

Iteration 12:
    MTOW  = 8.942220e+04 lbm   
    OEW   = 5.137148e+04 lbm   
    Wbatt = 2.243847e+03 lbm   
    Wfuel = 1.884471e+04 lbm   
    Wem   = 5.726800e+02 lbm   
    Weg   = 0.000000e+00 lbm   
    S     = 8.353673e+02 ft^2

Iteration 13:
    MTOW  = 8.921867e+04 lbm   
    OEW   = 5.137148e+04 lbm   
    Wbatt = 2.243847e+03 lbm   
    Wfuel = 1.864118e+04 lbm   
    Wem   = 5.726800e+02 lbm   
    Weg   = 0.000000e+00 lbm   
    S     = 8.353673e+02 ft^2

Iteration 14:
    MTOW  = 8.919363e+04 lbm   
    OEW   = 5.137148e+04 lbm   
    Wbatt = 2.243847e+03 lbm   
    Wfuel = 1.861614e+04 lbm   
    Wem   = 5.726800e+02 lbm   
    Weg   = 0.000000e+00 lbm   
    S     = 8.353673e+02 ft^2

Iteration 15:
    MTOW  = 8.942220e+04 lbm   
    OEW   = 5.137148e+04 lbm   
    Wbatt = 2.243847e+03 lbm   
    Wfuel = 1.884471e+04 lbm   
    Wem   = 5.726800e+02 lbm   
    Weg   = 0.000000e+00 lbm   
    S     = 8.353673e+02 ft^2

Iteration 16:
    MTOW  = 8.921867e+04 lbm   
    OEW   = 5.137148e+04 lbm   
    Wbatt = 2.243847e+03 lbm   
    Wfuel = 1.864118e+04 lbm   
    Wem   = 5.726800e+02 lbm   
    Weg   = 0.000000e+00 lbm   
    S     = 8.353673e+02 ft^2

Iteration 17:
    MTOW  = 8.919363e+04 lbm   
    OEW   = 5.137148e+04 lbm   
    Wbatt = 2.243847e+03 lbm   
    Wfuel = 1.861614e+04 lbm   
    Wem   = 5.726800e+02 lbm   
    Weg   = 0.000000e+00 lbm   
    S     = 8.353673e+02 ft^2

Iteration 18:
    MTOW  = 8.942220e+04 lbm   
    OEW   = 5.137148e+04 lbm   
    Wbatt = 2.243847e+03 lbm   
    Wfuel = 1.884471e+04 lbm   
    Wem   = 5.726800e+02 lbm   
    Weg   = 0.000000e+00 lbm   
    S     = 8.353673e+02 ft^2

Iteration 19:
    MTOW  = 8.921867e+04 lbm   
    OEW   = 5.137148e+04 lbm   
    Wbatt = 2.243847e+03 lbm   
    Wfuel = 1.864118e+04 lbm   
    Wem   = 5.726800e+02 lbm   
    Weg   = 0.000000e+00 lbm   
    S     = 8.353673e+02 ft^2

Iteration 20:
    MTOW  = 8.919363e+04 lbm   
    OEW   = 5.137148e+04 lbm   
    Wbatt = 2.243847e+03 lbm   
    Wfuel = 1.861614e+04 lbm   
    Wem   = 5.726800e+02 lbm   
    Weg   = 0.000000e+00 lbm   
    S     = 8.353673e+02 ft^2

Iteration 21:
    MTOW  = 8.942220e+04 lbm   
    OEW   = 5.137148e+04 lbm   
    Wbatt = 2.243847e+03 lbm   
    Wfuel = 1.884471e+04 lbm   
    Wem   = 5.726800e+02 lbm   
    Weg   = 0.000000e+00 lbm   
    S     = 8.353673e+02 ft^2

Iteration 22:
    MTOW  = 8.921867e+04 lbm   
    OEW   = 5.137148e+04 lbm   
    Wbatt = 2.243847e+03 lbm   
    Wfuel = 1.864118e+04 lbm   
    Wem   = 5.726800e+02 lbm   
    Weg   = 0.000000e+00 lbm   
    S     = 8.353673e+02 ft^2

Iteration 23:
    MTOW  = 8.919363e+04 lbm   
    OEW   = 5.137148e+04 lbm   
    Wbatt = 2.243847e+03 lbm   
    Wfuel = 1.861614e+04 lbm   
    Wem   = 5.726800e+02 lbm   
    Weg   = 0.000000e+00 lbm   
    S     = 8.353673e+02 ft^2

Iteration 24:
    MTOW  = 8.942220e+04 lbm   
    OEW   = 5.137148e+04 lbm   
    Wbatt = 2.243847e+03 lbm   
    Wfuel = 1.884471e+04 lbm   
    Wem   = 5.726800e+02 lbm   
    Weg   = 0.000000e+00 lbm   
    S     = 8.353673e+02 ft^2

Iteration 25:
    MTOW  = 8.921867e+04 lbm   
    OEW   = 5.137148e+04 lbm   
    Wbatt = 2.243847e+03 lbm   
    Wfuel = 1.864118e+04 lbm   
    Wem   = 5.726800e+02 lbm   
    Weg   = 0.000000e+00 lbm   
    S     = 8.353673e+02 ft^2

Iteration 26:
    MTOW  = 8.919363e+04 lbm   
    OEW   = 5.137148e+04 lbm   
    Wbatt = 2.243847e+03 lbm   
    Wfuel = 1.861614e+04 lbm   
    Wem   = 5.726800e+02 lbm   
    Weg   = 0.000000e+00 lbm   
    S     = 8.353673e+02 ft^2

Iteration 27:
    MTOW  = 8.942220e+04 lbm   
    OEW   = 5.137148e+04 lbm   
    Wbatt = 2.243847e+03 lbm   
    Wfuel = 1.884471e+04 lbm   
    Wem   = 5.726800e+02 lbm   
    Weg   = 0.000000e+00 lbm   
    S     = 8.353673e+02 ft^2

Iteration 28:
    MTOW  = 8.921867e+04 lbm   
    OEW   = 5.137148e+04 lbm   
    Wbatt = 2.243847e+03 lbm   
    Wfuel = 1.864118e+04 lbm   
    Wem   = 5.726800e+02 lbm   
    Weg   = 0.000000e+00 lbm   
    S     = 8.353673e+02 ft^2

Iteration 29:
    MTOW  = 8.919363e+04 lbm   
    OEW   = 5.137148e+04 lbm   
    Wbatt = 2.243847e+03 lbm   
    Wfuel = 1.861614e+04 lbm   
    Wem   = 5.726800e+02 lbm   
    Weg   = 0.000000e+00 lbm   
    S     = 8.353673e+02 ft^2

Initial Size:          
    MTOW  = 9.126388e+04 lbm   
    Wbatt = 2.243847e+03 lbm   
    Wfuel = 2.068639e+04 lbm   
    S     = 8.353673e+02 ft^2

Iteration  0:
    MTOW  = 8.972470e+04 lbm   
    OEW   = 5.137148e+04 lbm   
    Wbatt = 2.243847e+03 lbm   
    Wfuel = 1.914721e+04 lbm   
    Wem   = 5.726800e+02 lbm   
    Weg   = 0.000000e+00 lbm   
    S     = 8.353673e+02 ft^2

Iteration  1:
    MTOW  = 8.925246e+04 lbm   
    OEW   = 5.137148e+04 lbm   
    Wbatt = 2.243847e+03 lbm   
    Wfuel = 1.867497e+04 lbm   
    Wem   = 5.726800e+02 lbm   
    Weg   = 0.000000e+00 lbm   
    S     = 8.353673e+02 ft^2

Iteration  2:
    MTOW  = 8.919787e+04 lbm   
    OEW   = 5.137148e+04 lbm   
    Wbatt = 2.243847e+03 lbm   
    Wfuel = 1.862039e+04 lbm   
    Wem   = 5.726800e+02 lbm   
    Weg   = 0.000000e+00 lbm   
    S     = 8.353673e+02 ft^2

Iteration  3:
    MTOW  = 8.942306e+04 lbm   
    OEW   = 5.137148e+04 lbm   
    Wbatt = 2.243847e+03 lbm   
    Wfuel = 1.884557e+04 lbm   
    Wem   = 5.726800e+02 lbm   
    Weg   = 0.000000e+00 lbm   
    S     = 8.353673e+02 ft^2

Iteration  4:
    MTOW  = 8.921883e+04 lbm   
    OEW   = 5.137148e+04 lbm   
    Wbatt = 2.243847e+03 lbm   
    Wfuel = 1.864135e+04 lbm   
    Wem   = 5.726800e+02 lbm   
    Weg   = 0.000000e+00 lbm   
    S     = 8.353673e+02 ft^2

Iteration  5:
    MTOW  = 8.919366e+04 lbm   
    OEW   = 5.137148e+04 lbm   
    Wbatt = 2.243847e+03 lbm   
    Wfuel = 1.861617e+04 lbm   
    Wem   = 5.726800e+02 lbm   
    Weg   = 0.000000e+00 lbm   
    S     = 8.353673e+02 ft^2

Iteration  6:
    MTOW  = 8.942221e+04 lbm   
    OEW   = 5.137148e+04 lbm   
    Wbatt = 2.243847e+03 lbm   
    Wfuel = 1.884472e+04 lbm   
    Wem   = 5.726800e+02 lbm   
    Weg   = 0.000000e+00 lbm   
    S     = 8.353673e+02 ft^2

Iteration  7:
    MTOW  = 8.921867e+04 lbm   
    OEW   = 5.137148e+04 lbm   
    Wbatt = 2.243847e+03 lbm   
    Wfuel = 1.864118e+04 lbm   
    Wem   = 5.726800e+02 lbm   
    Weg   = 0.000000e+00 lbm   
    S     = 8.353673e+02 ft^2

Iteration  8:
    MTOW  = 8.919363e+04 lbm   
    OEW   = 5.137148e+04 lbm   
    Wbatt = 2.243847e+03 lbm   
    Wfuel = 1.861614e+04 lbm   
    Wem   = 5.726800e+02 lbm   
    Weg   = 0.000000e+00 lbm   
    S     = 8.353673e+02 ft^2

Iteration  9:
    MTOW  = 8.942220e+04 lbm   
    OEW   = 5.137148e+04 lbm   
    Wbatt = 2.243847e+03 lbm   
    Wfuel = 1.884471e+04 lbm   
    Wem   = 5.726800e+02 lbm   
    Weg   = 0.000000e+00 lbm   
    S     = 8.353673e+02 ft^2

Iteration 10:
    MTOW  = 8.921867e+04 lbm   
    OEW   = 5.137148e+04 lbm   
    Wbatt = 2.243847e+03 lbm   
    Wfuel = 1.864118e+04 lbm   
    Wem   = 5.726800e+02 lbm   
    Weg   = 0.000000e+00 lbm   
    S     = 8.353673e+02 ft^2

Iteration 11:
    MTOW  = 8.919363e+04 lbm   
    OEW   = 5.137148e+04 lbm   
    Wbatt = 2.243847e+03 lbm   
    Wfuel = 1.861614e+04 lbm   
    Wem   = 5.726800e+02 lbm   
    Weg   = 0.000000e+00 lbm   
    S     = 8.353673e+02 ft^2

Iteration 12:
    MTOW  = 8.942220e+04 lbm   
    OEW   = 5.137148e+04 lbm   
    Wbatt = 2.243847e+03 lbm   
    Wfuel = 1.884471e+04 lbm   
    Wem   = 5.726800e+02 lbm   
    Weg   = 0.000000e+00 lbm   
    S     = 8.353673e+02 ft^2

Iteration 13:
    MTOW  = 8.921867e+04 lbm   
    OEW   = 5.137148e+04 lbm   
    Wbatt = 2.243847e+03 lbm   
    Wfuel = 1.864118e+04 lbm   
    Wem   = 5.726800e+02 lbm   
    Weg   = 0.000000e+00 lbm   
    S     = 8.353673e+02 ft^2

Iteration 14:
    MTOW  = 8.919363e+04 lbm   
    OEW   = 5.137148e+04 lbm   
    Wbatt = 2.243847e+03 lbm   
    Wfuel = 1.861614e+04 lbm   
    Wem   = 5.726800e+02 lbm   
    Weg   = 0.000000e+00 lbm   
    S     = 8.353673e+02 ft^2

Iteration 15:
    MTOW  = 8.942220e+04 lbm   
    OEW   = 5.137148e+04 lbm   
    Wbatt = 2.243847e+03 lbm   
    Wfuel = 1.884471e+04 lbm   
    Wem   = 5.726800e+02 lbm   
    Weg   = 0.000000e+00 lbm   
    S     = 8.353673e+02 ft^2

Iteration 16:
    MTOW  = 8.921867e+04 lbm   
    OEW   = 5.137148e+04 lbm   
    Wbatt = 2.243847e+03 lbm   
    Wfuel = 1.864118e+04 lbm   
    Wem   = 5.726800e+02 lbm   
    Weg   = 0.000000e+00 lbm   
    S     = 8.353673e+02 ft^2

Iteration 17:
    MTOW  = 8.919363e+04 lbm   
    OEW   = 5.137148e+04 lbm   
    Wbatt = 2.243847e+03 lbm   
    Wfuel = 1.861614e+04 lbm   
    Wem   = 5.726800e+02 lbm   
    Weg   = 0.000000e+00 lbm   
    S     = 8.353673e+02 ft^2

Iteration 18:
    MTOW  = 8.942220e+04 lbm   
    OEW   = 5.137148e+04 lbm   
    Wbatt = 2.243847e+03 lbm   
    Wfuel = 1.884471e+04 lbm   
    Wem   = 5.726800e+02 lbm   
    Weg   = 0.000000e+00 lbm   
    S     = 8.353673e+02 ft^2

Iteration 19:
    MTOW  = 8.921867e+04 lbm   
    OEW   = 5.137148e+04 lbm   
    Wbatt = 2.243847e+03 lbm   
    Wfuel = 1.864118e+04 lbm   
    Wem   = 5.726800e+02 lbm   
    Weg   = 0.000000e+00 lbm   
    S     = 8.353673e+02 ft^2

Iteration 20:
    MTOW  = 8.919363e+04 lbm   
    OEW   = 5.137148e+04 lbm   
    Wbatt = 2.243847e+03 lbm   
    Wfuel = 1.861614e+04 lbm   
    Wem   = 5.726800e+02 lbm   
    Weg   = 0.000000e+00 lbm   
    S     = 8.353673e+02 ft^2

Iteration 21:
    MTOW  = 8.942220e+04 lbm   
    OEW   = 5.137148e+04 lbm   
    Wbatt = 2.243847e+03 lbm   
    Wfuel = 1.884471e+04 lbm   
    Wem   = 5.726800e+02 lbm   
    Weg   = 0.000000e+00 lbm   
    S     = 8.353673e+02 ft^2

Iteration 22:
    MTOW  = 8.921867e+04 lbm   
    OEW   = 5.137148e+04 lbm   
    Wbatt = 2.243847e+03 lbm   
    Wfuel = 1.864118e+04 lbm   
    Wem   = 5.726800e+02 lbm   
    Weg   = 0.000000e+00 lbm   
    S     = 8.353673e+02 ft^2

Iteration 23:
    MTOW  = 8.919363e+04 lbm   
    OEW   = 5.137148e+04 lbm   
    Wbatt = 2.243847e+03 lbm   
    Wfuel = 1.861614e+04 lbm   
    Wem   = 5.726800e+02 lbm   
    Weg   = 0.000000e+00 lbm   
    S     = 8.353673e+02 ft^2

Iteration 24:
    MTOW  = 8.942220e+04 lbm   
    OEW   = 5.137148e+04 lbm   
    Wbatt = 2.243847e+03 lbm   
    Wfuel = 1.884471e+04 lbm   
    Wem   = 5.726800e+02 lbm   
    Weg   = 0.000000e+00 lbm   
    S     = 8.353673e+02 ft^2

Iteration 25:
    MTOW  = 8.921867e+04 lbm   
    OEW   = 5.137148e+04 lbm   
    Wbatt = 2.243847e+03 lbm   
    Wfuel = 1.864118e+04 lbm   
    Wem   = 5.726800e+02 lbm   
    Weg   = 0.000000e+00 lbm   
    S     = 8.353673e+02 ft^2

Iteration 26:
    MTOW  = 8.919363e+04 lbm   
    OEW   = 5.137148e+04 lbm   
    Wbatt = 2.243847e+03 lbm   
    Wfuel = 1.861614e+04 lbm   
    Wem   = 5.726800e+02 lbm   
    Weg   = 0.000000e+00 lbm   
    S     = 8.353673e+02 ft^2

Iteration 27:
    MTOW  = 8.942220e+04 lbm   
    OEW   = 5.137148e+04 lbm   
    Wbatt = 2.243847e+03 lbm   
    Wfuel = 1.884471e+04 lbm   
    Wem   = 5.726800e+02 lbm   
    Weg   = 0.000000e+00 lbm   
    S     = 8.353673e+02 ft^2

Iteration 28:
    MTOW  = 8.921867e+04 lbm   
    OEW   = 5.137148e+04 lbm   
    Wbatt = 2.243847e+03 lbm   
    Wfuel = 1.864118e+04 lbm   
    Wem   = 5.726800e+02 lbm   
    Weg   = 0.000000e+00 lbm   
    S     = 8.353673e+02 ft^2

Iteration 29:
    MTOW  = 8.919363e+04 lbm   
    OEW   = 5.137148e+04 lbm   
    Wbatt = 2.243847e+03 lbm   
    Wfuel = 1.861614e+04 lbm   
    Wem   = 5.726800e+02 lbm   
    Weg   = 0.000000e+00 lbm   
    S     = 8.353673e+02 ft^2

Initial Size:          
    MTOW  = 9.126388e+04 lbm   
    Wbatt = 2.243847e+03 lbm   
    Wfuel = 2.068639e+04 lbm   
    S     = 8.353673e+02 ft^2

Iteration  0:
    MTOW  = 8.972470e+04 lbm   
    OEW   = 5.137148e+04 lbm   
    Wbatt = 2.243847e+03 lbm   
    Wfuel = 1.914721e+04 lbm   
    Wem   = 5.726800e+02 lbm   
    Weg   = 0.000000e+00 lbm   
    S     = 8.353673e+02 ft^2

Iteration  1:
    MTOW  = 8.925246e+04 lbm   
    OEW   = 5.137148e+04 lbm   
    Wbatt = 2.243847e+03 lbm   
    Wfuel = 1.867497e+04 lbm   
    Wem   = 5.726800e+02 lbm   
    Weg   = 0.000000e+00 lbm   
    S     = 8.353673e+02 ft^2

Iteration  2:
    MTOW  = 8.919787e+04 lbm   
    OEW   = 5.137148e+04 lbm   
    Wbatt = 2.243847e+03 lbm   
    Wfuel = 1.862039e+04 lbm   
    Wem   = 5.726800e+02 lbm   
    Weg   = 0.000000e+00 lbm   
    S     = 8.353673e+02 ft^2

Iteration  3:
    MTOW  = 8.942306e+04 lbm   
    OEW   = 5.137148e+04 lbm   
    Wbatt = 2.243847e+03 lbm   
    Wfuel = 1.884557e+04 lbm   
    Wem   = 5.726800e+02 lbm   
    Weg   = 0.000000e+00 lbm   
    S     = 8.353673e+02 ft^2

Iteration  4:
    MTOW  = 8.921883e+04 lbm   
    OEW   = 5.137148e+04 lbm   
    Wbatt = 2.243847e+03 lbm   
    Wfuel = 1.864135e+04 lbm   
    Wem   = 5.726800e+02 lbm   
    Weg   = 0.000000e+00 lbm   
    S     = 8.353673e+02 ft^2

Iteration  5:
    MTOW  = 8.919366e+04 lbm   
    OEW   = 5.137148e+04 lbm   
    Wbatt = 2.243847e+03 lbm   
    Wfuel = 1.861617e+04 lbm   
    Wem   = 5.726800e+02 lbm   
    Weg   = 0.000000e+00 lbm   
    S     = 8.353673e+02 ft^2

Iteration  6:
    MTOW  = 8.942221e+04 lbm   
    OEW   = 5.137148e+04 lbm   
    Wbatt = 2.243847e+03 lbm   
    Wfuel = 1.884472e+04 lbm   
    Wem   = 5.726800e+02 lbm   
    Weg   = 0.000000e+00 lbm   
    S     = 8.353673e+02 ft^2

Iteration  7:
    MTOW  = 8.921867e+04 lbm   
    OEW   = 5.137148e+04 lbm   
    Wbatt = 2.243847e+03 lbm   
    Wfuel = 1.864118e+04 lbm   
    Wem   = 5.726800e+02 lbm   
    Weg   = 0.000000e+00 lbm   
    S     = 8.353673e+02 ft^2

Iteration  8:
    MTOW  = 8.919363e+04 lbm   
    OEW   = 5.137148e+04 lbm   
    Wbatt = 2.243847e+03 lbm   
    Wfuel = 1.861614e+04 lbm   
    Wem   = 5.726800e+02 lbm   
    Weg   = 0.000000e+00 lbm   
    S     = 8.353673e+02 ft^2

Iteration  9:
    MTOW  = 8.942220e+04 lbm   
    OEW   = 5.137148e+04 lbm   
    Wbatt = 2.243847e+03 lbm   
    Wfuel = 1.884471e+04 lbm   
    Wem   = 5.726800e+02 lbm   
    Weg   = 0.000000e+00 lbm   
    S     = 8.353673e+02 ft^2

Iteration 10:
    MTOW  = 8.921867e+04 lbm   
    OEW   = 5.137148e+04 lbm   
    Wbatt = 2.243847e+03 lbm   
    Wfuel = 1.864118e+04 lbm   
    Wem   = 5.726800e+02 lbm   
    Weg   = 0.000000e+00 lbm   
    S     = 8.353673e+02 ft^2

Iteration 11:
    MTOW  = 8.919363e+04 lbm   
    OEW   = 5.137148e+04 lbm   
    Wbatt = 2.243847e+03 lbm   
    Wfuel = 1.861614e+04 lbm   
    Wem   = 5.726800e+02 lbm   
    Weg   = 0.000000e+00 lbm   
    S     = 8.353673e+02 ft^2

Iteration 12:
    MTOW  = 8.942220e+04 lbm   
    OEW   = 5.137148e+04 lbm   
    Wbatt = 2.243847e+03 lbm   
    Wfuel = 1.884471e+04 lbm   
    Wem   = 5.726800e+02 lbm   
    Weg   = 0.000000e+00 lbm   
    S     = 8.353673e+02 ft^2

Iteration 13:
    MTOW  = 8.921867e+04 lbm   
    OEW   = 5.137148e+04 lbm   
    Wbatt = 2.243847e+03 lbm   
    Wfuel = 1.864118e+04 lbm   
    Wem   = 5.726800e+02 lbm   
    Weg   = 0.000000e+00 lbm   
    S     = 8.353673e+02 ft^2

Iteration 14:
    MTOW  = 8.919363e+04 lbm   
    OEW   = 5.137148e+04 lbm   
    Wbatt = 2.243847e+03 lbm   
    Wfuel = 1.861614e+04 lbm   
    Wem   = 5.726800e+02 lbm   
    Weg   = 0.000000e+00 lbm   
    S     = 8.353673e+02 ft^2

Iteration 15:
    MTOW  = 8.942220e+04 lbm   
    OEW   = 5.137148e+04 lbm   
    Wbatt = 2.243847e+03 lbm   
    Wfuel = 1.884471e+04 lbm   
    Wem   = 5.726800e+02 lbm   
    Weg   = 0.000000e+00 lbm   
    S     = 8.353673e+02 ft^2

Iteration 16:
    MTOW  = 8.921867e+04 lbm   
    OEW   = 5.137148e+04 lbm   
    Wbatt = 2.243847e+03 lbm   
    Wfuel = 1.864118e+04 lbm   
    Wem   = 5.726800e+02 lbm   
    Weg   = 0.000000e+00 lbm   
    S     = 8.353673e+02 ft^2

Iteration 17:
    MTOW  = 8.919363e+04 lbm   
    OEW   = 5.137148e+04 lbm   
    Wbatt = 2.243847e+03 lbm   
    Wfuel = 1.861614e+04 lbm   
    Wem   = 5.726800e+02 lbm   
    Weg   = 0.000000e+00 lbm   
    S     = 8.353673e+02 ft^2

Iteration 18:
    MTOW  = 8.942220e+04 lbm   
    OEW   = 5.137148e+04 lbm   
    Wbatt = 2.243847e+03 lbm   
    Wfuel = 1.884471e+04 lbm   
    Wem   = 5.726800e+02 lbm   
    Weg   = 0.000000e+00 lbm   
    S     = 8.353673e+02 ft^2

Iteration 19:
    MTOW  = 8.921867e+04 lbm   
    OEW   = 5.137148e+04 lbm   
    Wbatt = 2.243847e+03 lbm   
    Wfuel = 1.864118e+04 lbm   
    Wem   = 5.726800e+02 lbm   
    Weg   = 0.000000e+00 lbm   
    S     = 8.353673e+02 ft^2

Iteration 20:
    MTOW  = 8.919363e+04 lbm   
    OEW   = 5.137148e+04 lbm   
    Wbatt = 2.243847e+03 lbm   
    Wfuel = 1.861614e+04 lbm   
    Wem   = 5.726800e+02 lbm   
    Weg   = 0.000000e+00 lbm   
    S     = 8.353673e+02 ft^2

Iteration 21:
    MTOW  = 8.942220e+04 lbm   
    OEW   = 5.137148e+04 lbm   
    Wbatt = 2.243847e+03 lbm   
    Wfuel = 1.884471e+04 lbm   
    Wem   = 5.726800e+02 lbm   
    Weg   = 0.000000e+00 lbm   
    S     = 8.353673e+02 ft^2

Iteration 22:
    MTOW  = 8.921867e+04 lbm   
    OEW   = 5.137148e+04 lbm   
    Wbatt = 2.243847e+03 lbm   
    Wfuel = 1.864118e+04 lbm   
    Wem   = 5.726800e+02 lbm   
    Weg   = 0.000000e+00 lbm   
    S     = 8.353673e+02 ft^2

Iteration 23:
    MTOW  = 8.919363e+04 lbm   
    OEW   = 5.137148e+04 lbm   
    Wbatt = 2.243847e+03 lbm   
    Wfuel = 1.861614e+04 lbm   
    Wem   = 5.726800e+02 lbm   
    Weg   = 0.000000e+00 lbm   
    S     = 8.353673e+02 ft^2

Iteration 24:
    MTOW  = 8.942220e+04 lbm   
    OEW   = 5.137148e+04 lbm   
    Wbatt = 2.243847e+03 lbm   
    Wfuel = 1.884471e+04 lbm   
    Wem   = 5.726800e+02 lbm   
    Weg   = 0.000000e+00 lbm   
    S     = 8.353673e+02 ft^2

Iteration 25:
    MTOW  = 8.921867e+04 lbm   
    OEW   = 5.137148e+04 lbm   
    Wbatt = 2.243847e+03 lbm   
    Wfuel = 1.864118e+04 lbm   
    Wem   = 5.726800e+02 lbm   
    Weg   = 0.000000e+00 lbm   
    S     = 8.353673e+02 ft^2

Iteration 26:
    MTOW  = 8.919363e+04 lbm   
    OEW   = 5.137148e+04 lbm   
    Wbatt = 2.243847e+03 lbm   
    Wfuel = 1.861614e+04 lbm   
    Wem   = 5.726800e+02 lbm   
    Weg   = 0.000000e+00 lbm   
    S     = 8.353673e+02 ft^2

Iteration 27:
    MTOW  = 8.942220e+04 lbm   
    OEW   = 5.137148e+04 lbm   
    Wbatt = 2.243847e+03 lbm   
    Wfuel = 1.884471e+04 lbm   
    Wem   = 5.726800e+02 lbm   
    Weg   = 0.000000e+00 lbm   
    S     = 8.353673e+02 ft^2

Iteration 28:
    MTOW  = 8.921867e+04 lbm   
    OEW   = 5.137148e+04 lbm   
    Wbatt = 2.243847e+03 lbm   
    Wfuel = 1.864118e+04 lbm   
    Wem   = 5.726800e+02 lbm   
    Weg   = 0.000000e+00 lbm   
    S     = 8.353673e+02 ft^2

Iteration 29:
    MTOW  = 8.919363e+04 lbm   
    OEW   = 5.137148e+04 lbm   
    Wbatt = 2.243847e+03 lbm   
    Wfuel = 1.861614e+04 lbm   
    Wem   = 5.726800e+02 lbm   
    Weg   = 0.000000e+00 lbm   
    S     = 8.353673e+02 ft^2

Initial Size:          
    MTOW  = 9.126388e+04 lbm   
    Wbatt = 2.243847e+03 lbm   
    Wfuel = 2.068639e+04 lbm   
    S     = 8.353673e+02 ft^2

Iteration  0:
    MTOW  = 8.972470e+04 lbm   
    OEW   = 5.137148e+04 lbm   
    Wbatt = 2.243847e+03 lbm   
    Wfuel = 1.914721e+04 lbm   
    Wem   = 5.726800e+02 lbm   
    Weg   = 0.000000e+00 lbm   
    S     = 8.353673e+02 ft^2

Iteration  1:
    MTOW  = 8.925246e+04 lbm   
    OEW   = 5.137148e+04 lbm   
    Wbatt = 2.243847e+03 lbm   
    Wfuel = 1.867497e+04 lbm   
    Wem   = 5.726800e+02 lbm   
    Weg   = 0.000000e+00 lbm   
    S     = 8.353673e+02 ft^2

Iteration  2:
    MTOW  = 8.919787e+04 lbm   
    OEW   = 5.137148e+04 lbm   
    Wbatt = 2.243847e+03 lbm   
    Wfuel = 1.862039e+04 lbm   
    Wem   = 5.726800e+02 lbm   
    Weg   = 0.000000e+00 lbm   
    S     = 8.353673e+02 ft^2

Iteration  3:
    MTOW  = 8.942306e+04 lbm   
    OEW   = 5.137148e+04 lbm   
    Wbatt = 2.243847e+03 lbm   
    Wfuel = 1.884557e+04 lbm   
    Wem   = 5.726800e+02 lbm   
    Weg   = 0.000000e+00 lbm   
    S     = 8.353673e+02 ft^2

Iteration  4:
    MTOW  = 8.921883e+04 lbm   
    OEW   = 5.137148e+04 lbm   
    Wbatt = 2.243847e+03 lbm   
    Wfuel = 1.864135e+04 lbm   
    Wem   = 5.726800e+02 lbm   
    Weg   = 0.000000e+00 lbm   
    S     = 8.353673e+02 ft^2

Iteration  5:
    MTOW  = 8.919366e+04 lbm   
    OEW   = 5.137148e+04 lbm   
    Wbatt = 2.243847e+03 lbm   
    Wfuel = 1.861617e+04 lbm   
    Wem   = 5.726800e+02 lbm   
    Weg   = 0.000000e+00 lbm   
    S     = 8.353673e+02 ft^2

Iteration  6:
    MTOW  = 8.942221e+04 lbm   
    OEW   = 5.137148e+04 lbm   
    Wbatt = 2.243847e+03 lbm   
    Wfuel = 1.884472e+04 lbm   
    Wem   = 5.726800e+02 lbm   
    Weg   = 0.000000e+00 lbm   
    S     = 8.353673e+02 ft^2

Iteration  7:
    MTOW  = 8.921867e+04 lbm   
    OEW   = 5.137148e+04 lbm   
    Wbatt = 2.243847e+03 lbm   
    Wfuel = 1.864118e+04 lbm   
    Wem   = 5.726800e+02 lbm   
    Weg   = 0.000000e+00 lbm   
    S     = 8.353673e+02 ft^2

Iteration  8:
    MTOW  = 8.919363e+04 lbm   
    OEW   = 5.137148e+04 lbm   
    Wbatt = 2.243847e+03 lbm   
    Wfuel = 1.861614e+04 lbm   
    Wem   = 5.726800e+02 lbm   
    Weg   = 0.000000e+00 lbm   
    S     = 8.353673e+02 ft^2

Iteration  9:
    MTOW  = 8.942220e+04 lbm   
    OEW   = 5.137148e+04 lbm   
    Wbatt = 2.243847e+03 lbm   
    Wfuel = 1.884471e+04 lbm   
    Wem   = 5.726800e+02 lbm   
    Weg   = 0.000000e+00 lbm   
    S     = 8.353673e+02 ft^2

Iteration 10:
    MTOW  = 8.921867e+04 lbm   
    OEW   = 5.137148e+04 lbm   
    Wbatt = 2.243847e+03 lbm   
    Wfuel = 1.864118e+04 lbm   
    Wem   = 5.726800e+02 lbm   
    Weg   = 0.000000e+00 lbm   
    S     = 8.353673e+02 ft^2

Iteration 11:
    MTOW  = 8.919363e+04 lbm   
    OEW   = 5.137148e+04 lbm   
    Wbatt = 2.243847e+03 lbm   
    Wfuel = 1.861614e+04 lbm   
    Wem   = 5.726800e+02 lbm   
    Weg   = 0.000000e+00 lbm   
    S     = 8.353673e+02 ft^2

Iteration 12:
    MTOW  = 8.942220e+04 lbm   
    OEW   = 5.137148e+04 lbm   
    Wbatt = 2.243847e+03 lbm   
    Wfuel = 1.884471e+04 lbm   
    Wem   = 5.726800e+02 lbm   
    Weg   = 0.000000e+00 lbm   
    S     = 8.353673e+02 ft^2

Iteration 13:
    MTOW  = 8.921867e+04 lbm   
    OEW   = 5.137148e+04 lbm   
    Wbatt = 2.243847e+03 lbm   
    Wfuel = 1.864118e+04 lbm   
    Wem   = 5.726800e+02 lbm   
    Weg   = 0.000000e+00 lbm   
    S     = 8.353673e+02 ft^2

Iteration 14:
    MTOW  = 8.919363e+04 lbm   
    OEW   = 5.137148e+04 lbm   
    Wbatt = 2.243847e+03 lbm   
    Wfuel = 1.861614e+04 lbm   
    Wem   = 5.726800e+02 lbm   
    Weg   = 0.000000e+00 lbm   
    S     = 8.353673e+02 ft^2

Iteration 15:
    MTOW  = 8.942220e+04 lbm   
    OEW   = 5.137148e+04 lbm   
    Wbatt = 2.243847e+03 lbm   
    Wfuel = 1.884471e+04 lbm   
    Wem   = 5.726800e+02 lbm   
    Weg   = 0.000000e+00 lbm   
    S     = 8.353673e+02 ft^2

Iteration 16:
    MTOW  = 8.921867e+04 lbm   
    OEW   = 5.137148e+04 lbm   
    Wbatt = 2.243847e+03 lbm   
    Wfuel = 1.864118e+04 lbm   
    Wem   = 5.726800e+02 lbm   
    Weg   = 0.000000e+00 lbm   
    S     = 8.353673e+02 ft^2

Iteration 17:
    MTOW  = 8.919363e+04 lbm   
    OEW   = 5.137148e+04 lbm   
    Wbatt = 2.243847e+03 lbm   
    Wfuel = 1.861614e+04 lbm   
    Wem   = 5.726800e+02 lbm   
    Weg   = 0.000000e+00 lbm   
    S     = 8.353673e+02 ft^2

Iteration 18:
    MTOW  = 8.942220e+04 lbm   
    OEW   = 5.137148e+04 lbm   
    Wbatt = 2.243847e+03 lbm   
    Wfuel = 1.884471e+04 lbm   
    Wem   = 5.726800e+02 lbm   
    Weg   = 0.000000e+00 lbm   
    S     = 8.353673e+02 ft^2

Iteration 19:
    MTOW  = 8.921867e+04 lbm   
    OEW   = 5.137148e+04 lbm   
    Wbatt = 2.243847e+03 lbm   
    Wfuel = 1.864118e+04 lbm   
    Wem   = 5.726800e+02 lbm   
    Weg   = 0.000000e+00 lbm   
    S     = 8.353673e+02 ft^2

Iteration 20:
    MTOW  = 8.919363e+04 lbm   
    OEW   = 5.137148e+04 lbm   
    Wbatt = 2.243847e+03 lbm   
    Wfuel = 1.861614e+04 lbm   
    Wem   = 5.726800e+02 lbm   
    Weg   = 0.000000e+00 lbm   
    S     = 8.353673e+02 ft^2

Iteration 21:
    MTOW  = 8.942220e+04 lbm   
    OEW   = 5.137148e+04 lbm   
    Wbatt = 2.243847e+03 lbm   
    Wfuel = 1.884471e+04 lbm   
    Wem   = 5.726800e+02 lbm   
    Weg   = 0.000000e+00 lbm   
    S     = 8.353673e+02 ft^2

Iteration 22:
    MTOW  = 8.921867e+04 lbm   
    OEW   = 5.137148e+04 lbm   
    Wbatt = 2.243847e+03 lbm   
    Wfuel = 1.864118e+04 lbm   
    Wem   = 5.726800e+02 lbm   
    Weg   = 0.000000e+00 lbm   
    S     = 8.353673e+02 ft^2

Iteration 23:
    MTOW  = 8.919363e+04 lbm   
    OEW   = 5.137148e+04 lbm   
    Wbatt = 2.243847e+03 lbm   
    Wfuel = 1.861614e+04 lbm   
    Wem   = 5.726800e+02 lbm   
    Weg   = 0.000000e+00 lbm   
    S     = 8.353673e+02 ft^2

Iteration 24:
    MTOW  = 8.942220e+04 lbm   
    OEW   = 5.137148e+04 lbm   
    Wbatt = 2.243847e+03 lbm   
    Wfuel = 1.884471e+04 lbm   
    Wem   = 5.726800e+02 lbm   
    Weg   = 0.000000e+00 lbm   
    S     = 8.353673e+02 ft^2

Iteration 25:
    MTOW  = 8.921867e+04 lbm   
    OEW   = 5.137148e+04 lbm   
    Wbatt = 2.243847e+03 lbm   
    Wfuel = 1.864118e+04 lbm   
    Wem   = 5.726800e+02 lbm   
    Weg   = 0.000000e+00 lbm   
    S     = 8.353673e+02 ft^2

Iteration 26:
    MTOW  = 8.919363e+04 lbm   
    OEW   = 5.137148e+04 lbm   
    Wbatt = 2.243847e+03 lbm   
    Wfuel = 1.861614e+04 lbm   
    Wem   = 5.726800e+02 lbm   
    Weg   = 0.000000e+00 lbm   
    S     = 8.353673e+02 ft^2

Iteration 27:
    MTOW  = 8.942220e+04 lbm   
    OEW   = 5.137148e+04 lbm   
    Wbatt = 2.243847e+03 lbm   
    Wfuel = 1.884471e+04 lbm   
    Wem   = 5.726800e+02 lbm   
    Weg   = 0.000000e+00 lbm   
    S     = 8.353673e+02 ft^2

Iteration 28:
    MTOW  = 8.921867e+04 lbm   
    OEW   = 5.137148e+04 lbm   
    Wbatt = 2.243847e+03 lbm   
    Wfuel = 1.864118e+04 lbm   
    Wem   = 5.726800e+02 lbm   
    Weg   = 0.000000e+00 lbm   
    S     = 8.353673e+02 ft^2

Iteration 29:
    MTOW  = 8.919363e+04 lbm   
    OEW   = 5.137148e+04 lbm   
    Wbatt = 2.243847e+03 lbm   
    Wfuel = 1.861614e+04 lbm   
    Wem   = 5.726800e+02 lbm   
    Weg   = 0.000000e+00 lbm   
    S     = 8.353673e+02 ft^2

Initial Size:          
    MTOW  = 9.126388e+04 lbm   
    Wbatt = 2.243847e+03 lbm   
    Wfuel = 2.068639e+04 lbm   
    S     = 8.353673e+02 ft^2

Iteration  0:
    MTOW  = 8.972470e+04 lbm   
    OEW   = 5.137148e+04 lbm   
    Wbatt = 2.243847e+03 lbm   
    Wfuel = 1.914721e+04 lbm   
    Wem   = 5.726800e+02 lbm   
    Weg   = 0.000000e+00 lbm   
    S     = 8.353673e+02 ft^2

Iteration  1:
    MTOW  = 8.925246e+04 lbm   
    OEW   = 5.137148e+04 lbm   
    Wbatt = 2.243847e+03 lbm   
    Wfuel = 1.867497e+04 lbm   
    Wem   = 5.726800e+02 lbm   
    Weg   = 0.000000e+00 lbm   
    S     = 8.353673e+02 ft^2

Iteration  2:
    MTOW  = 8.919787e+04 lbm   
    OEW   = 5.137148e+04 lbm   
    Wbatt = 2.243847e+03 lbm   
    Wfuel = 1.862039e+04 lbm   
    Wem   = 5.726800e+02 lbm   
    Weg   = 0.000000e+00 lbm   
    S     = 8.353673e+02 ft^2

Iteration  3:
    MTOW  = 8.942306e+04 lbm   
    OEW   = 5.137148e+04 lbm   
    Wbatt = 2.243847e+03 lbm   
    Wfuel = 1.884557e+04 lbm   
    Wem   = 5.726800e+02 lbm   
    Weg   = 0.000000e+00 lbm   
    S     = 8.353673e+02 ft^2

Iteration  4:
    MTOW  = 8.921883e+04 lbm   
    OEW   = 5.137148e+04 lbm   
    Wbatt = 2.243847e+03 lbm   
    Wfuel = 1.864135e+04 lbm   
    Wem   = 5.726800e+02 lbm   
    Weg   = 0.000000e+00 lbm   
    S     = 8.353673e+02 ft^2

Iteration  5:
    MTOW  = 8.919366e+04 lbm   
    OEW   = 5.137148e+04 lbm   
    Wbatt = 2.243847e+03 lbm   
    Wfuel = 1.861617e+04 lbm   
    Wem   = 5.726800e+02 lbm   
    Weg   = 0.000000e+00 lbm   
    S     = 8.353673e+02 ft^2

Iteration  6:
    MTOW  = 8.942221e+04 lbm   
    OEW   = 5.137148e+04 lbm   
    Wbatt = 2.243847e+03 lbm   
    Wfuel = 1.884472e+04 lbm   
    Wem   = 5.726800e+02 lbm   
    Weg   = 0.000000e+00 lbm   
    S     = 8.353673e+02 ft^2

Iteration  7:
    MTOW  = 8.921867e+04 lbm   
    OEW   = 5.137148e+04 lbm   
    Wbatt = 2.243847e+03 lbm   
    Wfuel = 1.864118e+04 lbm   
    Wem   = 5.726800e+02 lbm   
    Weg   = 0.000000e+00 lbm   
    S     = 8.353673e+02 ft^2

Iteration  8:
    MTOW  = 8.919363e+04 lbm   
    OEW   = 5.137148e+04 lbm   
    Wbatt = 2.243847e+03 lbm   
    Wfuel = 1.861614e+04 lbm   
    Wem   = 5.726800e+02 lbm   
    Weg   = 0.000000e+00 lbm   
    S     = 8.353673e+02 ft^2

Iteration  9:
    MTOW  = 8.942220e+04 lbm   
    OEW   = 5.137148e+04 lbm   
    Wbatt = 2.243847e+03 lbm   
    Wfuel = 1.884471e+04 lbm   
    Wem   = 5.726800e+02 lbm   
    Weg   = 0.000000e+00 lbm   
    S     = 8.353673e+02 ft^2

Iteration 10:
    MTOW  = 8.921867e+04 lbm   
    OEW   = 5.137148e+04 lbm   
    Wbatt = 2.243847e+03 lbm   
    Wfuel = 1.864118e+04 lbm   
    Wem   = 5.726800e+02 lbm   
    Weg   = 0.000000e+00 lbm   
    S     = 8.353673e+02 ft^2

Iteration 11:
    MTOW  = 8.919363e+04 lbm   
    OEW   = 5.137148e+04 lbm   
    Wbatt = 2.243847e+03 lbm   
    Wfuel = 1.861614e+04 lbm   
    Wem   = 5.726800e+02 lbm   
    Weg   = 0.000000e+00 lbm   
    S     = 8.353673e+02 ft^2

Iteration 12:
    MTOW  = 8.942220e+04 lbm   
    OEW   = 5.137148e+04 lbm   
    Wbatt = 2.243847e+03 lbm   
    Wfuel = 1.884471e+04 lbm   
    Wem   = 5.726800e+02 lbm   
    Weg   = 0.000000e+00 lbm   
    S     = 8.353673e+02 ft^2

Iteration 13:
    MTOW  = 8.921867e+04 lbm   
    OEW   = 5.137148e+04 lbm   
    Wbatt = 2.243847e+03 lbm   
    Wfuel = 1.864118e+04 lbm   
    Wem   = 5.726800e+02 lbm   
    Weg   = 0.000000e+00 lbm   
    S     = 8.353673e+02 ft^2

Iteration 14:
    MTOW  = 8.919363e+04 lbm   
    OEW   = 5.137148e+04 lbm   
    Wbatt = 2.243847e+03 lbm   
    Wfuel = 1.861614e+04 lbm   
    Wem   = 5.726800e+02 lbm   
    Weg   = 0.000000e+00 lbm   
    S     = 8.353673e+02 ft^2

Iteration 15:
    MTOW  = 8.942220e+04 lbm   
    OEW   = 5.137148e+04 lbm   
    Wbatt = 2.243847e+03 lbm   
    Wfuel = 1.884471e+04 lbm   
    Wem   = 5.726800e+02 lbm   
    Weg   = 0.000000e+00 lbm   
    S     = 8.353673e+02 ft^2

Iteration 16:
    MTOW  = 8.921867e+04 lbm   
    OEW   = 5.137148e+04 lbm   
    Wbatt = 2.243847e+03 lbm   
    Wfuel = 1.864118e+04 lbm   
    Wem   = 5.726800e+02 lbm   
    Weg   = 0.000000e+00 lbm   
    S     = 8.353673e+02 ft^2

Iteration 17:
    MTOW  = 8.919363e+04 lbm   
    OEW   = 5.137148e+04 lbm   
    Wbatt = 2.243847e+03 lbm   
    Wfuel = 1.861614e+04 lbm   
    Wem   = 5.726800e+02 lbm   
    Weg   = 0.000000e+00 lbm   
    S     = 8.353673e+02 ft^2

Iteration 18:
    MTOW  = 8.942220e+04 lbm   
    OEW   = 5.137148e+04 lbm   
    Wbatt = 2.243847e+03 lbm   
    Wfuel = 1.884471e+04 lbm   
    Wem   = 5.726800e+02 lbm   
    Weg   = 0.000000e+00 lbm   
    S     = 8.353673e+02 ft^2

Iteration 19:
    MTOW  = 8.921867e+04 lbm   
    OEW   = 5.137148e+04 lbm   
    Wbatt = 2.243847e+03 lbm   
    Wfuel = 1.864118e+04 lbm   
    Wem   = 5.726800e+02 lbm   
    Weg   = 0.000000e+00 lbm   
    S     = 8.353673e+02 ft^2

Iteration 20:
    MTOW  = 8.919363e+04 lbm   
    OEW   = 5.137148e+04 lbm   
    Wbatt = 2.243847e+03 lbm   
    Wfuel = 1.861614e+04 lbm   
    Wem   = 5.726800e+02 lbm   
    Weg   = 0.000000e+00 lbm   
    S     = 8.353673e+02 ft^2

Iteration 21:
    MTOW  = 8.942220e+04 lbm   
    OEW   = 5.137148e+04 lbm   
    Wbatt = 2.243847e+03 lbm   
    Wfuel = 1.884471e+04 lbm   
    Wem   = 5.726800e+02 lbm   
    Weg   = 0.000000e+00 lbm   
    S     = 8.353673e+02 ft^2

Iteration 22:
    MTOW  = 8.921867e+04 lbm   
    OEW   = 5.137148e+04 lbm   
    Wbatt = 2.243847e+03 lbm   
    Wfuel = 1.864118e+04 lbm   
    Wem   = 5.726800e+02 lbm   
    Weg   = 0.000000e+00 lbm   
    S     = 8.353673e+02 ft^2

Iteration 23:
    MTOW  = 8.919363e+04 lbm   
    OEW   = 5.137148e+04 lbm   
    Wbatt = 2.243847e+03 lbm   
    Wfuel = 1.861614e+04 lbm   
    Wem   = 5.726800e+02 lbm   
    Weg   = 0.000000e+00 lbm   
    S     = 8.353673e+02 ft^2

Iteration 24:
    MTOW  = 8.942220e+04 lbm   
    OEW   = 5.137148e+04 lbm   
    Wbatt = 2.243847e+03 lbm   
    Wfuel = 1.884471e+04 lbm   
    Wem   = 5.726800e+02 lbm   
    Weg   = 0.000000e+00 lbm   
    S     = 8.353673e+02 ft^2

Iteration 25:
    MTOW  = 8.921867e+04 lbm   
    OEW   = 5.137148e+04 lbm   
    Wbatt = 2.243847e+03 lbm   
    Wfuel = 1.864118e+04 lbm   
    Wem   = 5.726800e+02 lbm   
    Weg   = 0.000000e+00 lbm   
    S     = 8.353673e+02 ft^2

Iteration 26:
    MTOW  = 8.919363e+04 lbm   
    OEW   = 5.137148e+04 lbm   
    Wbatt = 2.243847e+03 lbm   
    Wfuel = 1.861614e+04 lbm   
    Wem   = 5.726800e+02 lbm   
    Weg   = 0.000000e+00 lbm   
    S     = 8.353673e+02 ft^2

Iteration 27:
    MTOW  = 8.942220e+04 lbm   
    OEW   = 5.137148e+04 lbm   
    Wbatt = 2.243847e+03 lbm   
    Wfuel = 1.884471e+04 lbm   
    Wem   = 5.726800e+02 lbm   
    Weg   = 0.000000e+00 lbm   
    S     = 8.353673e+02 ft^2

Iteration 28:
    MTOW  = 8.921867e+04 lbm   
    OEW   = 5.137148e+04 lbm   
    Wbatt = 2.243847e+03 lbm   
    Wfuel = 1.864118e+04 lbm   
    Wem   = 5.726800e+02 lbm   
    Weg   = 0.000000e+00 lbm   
    S     = 8.353673e+02 ft^2

Iteration 29:
    MTOW  = 8.919363e+04 lbm   
    OEW   = 5.137148e+04 lbm   
    Wbatt = 2.243847e+03 lbm   
    Wfuel = 1.861614e+04 lbm   
    Wem   = 5.726800e+02 lbm   
    Weg   = 0.000000e+00 lbm   
    S     = 8.353673e+02 ft^2

Initial Size:          
    MTOW  = 9.126388e+04 lbm   
    Wbatt = 2.243847e+03 lbm   
    Wfuel = 2.068639e+04 lbm   
    S     = 8.353673e+02 ft^2

Iteration  0:
    MTOW  = 8.972470e+04 lbm   
    OEW   = 5.137148e+04 lbm   
    Wbatt = 2.243847e+03 lbm   
    Wfuel = 1.914721e+04 lbm   
    Wem   = 5.726800e+02 lbm   
    Weg   = 0.000000e+00 lbm   
    S     = 8.353673e+02 ft^2

Iteration  1:
    MTOW  = 8.925246e+04 lbm   
    OEW   = 5.137148e+04 lbm   
    Wbatt = 2.243847e+03 lbm   
    Wfuel = 1.867497e+04 lbm   
    Wem   = 5.726800e+02 lbm   
    Weg   = 0.000000e+00 lbm   
    S     = 8.353673e+02 ft^2

Iteration  2:
    MTOW  = 8.919787e+04 lbm   
    OEW   = 5.137148e+04 lbm   
    Wbatt = 2.243847e+03 lbm   
    Wfuel = 1.862039e+04 lbm   
    Wem   = 5.726800e+02 lbm   
    Weg   = 0.000000e+00 lbm   
    S     = 8.353673e+02 ft^2

Iteration  3:
    MTOW  = 8.942306e+04 lbm   
    OEW   = 5.137148e+04 lbm   
    Wbatt = 2.243847e+03 lbm   
    Wfuel = 1.884557e+04 lbm   
    Wem   = 5.726800e+02 lbm   
    Weg   = 0.000000e+00 lbm   
    S     = 8.353673e+02 ft^2

Iteration  4:
    MTOW  = 8.921883e+04 lbm   
    OEW   = 5.137148e+04 lbm   
    Wbatt = 2.243847e+03 lbm   
    Wfuel = 1.864135e+04 lbm   
    Wem   = 5.726800e+02 lbm   
    Weg   = 0.000000e+00 lbm   
    S     = 8.353673e+02 ft^2

Iteration  5:
    MTOW  = 8.919366e+04 lbm   
    OEW   = 5.137148e+04 lbm   
    Wbatt = 2.243847e+03 lbm   
    Wfuel = 1.861617e+04 lbm   
    Wem   = 5.726800e+02 lbm   
    Weg   = 0.000000e+00 lbm   
    S     = 8.353673e+02 ft^2

Iteration  6:
    MTOW  = 8.942221e+04 lbm   
    OEW   = 5.137148e+04 lbm   
    Wbatt = 2.243847e+03 lbm   
    Wfuel = 1.884472e+04 lbm   
    Wem   = 5.726800e+02 lbm   
    Weg   = 0.000000e+00 lbm   
    S     = 8.353673e+02 ft^2

Iteration  7:
    MTOW  = 8.921867e+04 lbm   
    OEW   = 5.137148e+04 lbm   
    Wbatt = 2.243847e+03 lbm   
    Wfuel = 1.864118e+04 lbm   
    Wem   = 5.726800e+02 lbm   
    Weg   = 0.000000e+00 lbm   
    S     = 8.353673e+02 ft^2

Iteration  8:
    MTOW  = 8.919363e+04 lbm   
    OEW   = 5.137148e+04 lbm   
    Wbatt = 2.243847e+03 lbm   
    Wfuel = 1.861614e+04 lbm   
    Wem   = 5.726800e+02 lbm   
    Weg   = 0.000000e+00 lbm   
    S     = 8.353673e+02 ft^2

Iteration  9:
    MTOW  = 8.942220e+04 lbm   
    OEW   = 5.137148e+04 lbm   
    Wbatt = 2.243847e+03 lbm   
    Wfuel = 1.884471e+04 lbm   
    Wem   = 5.726800e+02 lbm   
    Weg   = 0.000000e+00 lbm   
    S     = 8.353673e+02 ft^2

Iteration 10:
    MTOW  = 8.921867e+04 lbm   
    OEW   = 5.137148e+04 lbm   
    Wbatt = 2.243847e+03 lbm   
    Wfuel = 1.864118e+04 lbm   
    Wem   = 5.726800e+02 lbm   
    Weg   = 0.000000e+00 lbm   
    S     = 8.353673e+02 ft^2

Iteration 11:
    MTOW  = 8.919363e+04 lbm   
    OEW   = 5.137148e+04 lbm   
    Wbatt = 2.243847e+03 lbm   
    Wfuel = 1.861614e+04 lbm   
    Wem   = 5.726800e+02 lbm   
    Weg   = 0.000000e+00 lbm   
    S     = 8.353673e+02 ft^2

Iteration 12:
    MTOW  = 8.942220e+04 lbm   
    OEW   = 5.137148e+04 lbm   
    Wbatt = 2.243847e+03 lbm   
    Wfuel = 1.884471e+04 lbm   
    Wem   = 5.726800e+02 lbm   
    Weg   = 0.000000e+00 lbm   
    S     = 8.353673e+02 ft^2

Iteration 13:
    MTOW  = 8.921867e+04 lbm   
    OEW   = 5.137148e+04 lbm   
    Wbatt = 2.243847e+03 lbm   
    Wfuel = 1.864118e+04 lbm   
    Wem   = 5.726800e+02 lbm   
    Weg   = 0.000000e+00 lbm   
    S     = 8.353673e+02 ft^2

Iteration 14:
    MTOW  = 8.919363e+04 lbm   
    OEW   = 5.137148e+04 lbm   
    Wbatt = 2.243847e+03 lbm   
    Wfuel = 1.861614e+04 lbm   
    Wem   = 5.726800e+02 lbm   
    Weg   = 0.000000e+00 lbm   
    S     = 8.353673e+02 ft^2

Iteration 15:
    MTOW  = 8.942220e+04 lbm   
    OEW   = 5.137148e+04 lbm   
    Wbatt = 2.243847e+03 lbm   
    Wfuel = 1.884471e+04 lbm   
    Wem   = 5.726800e+02 lbm   
    Weg   = 0.000000e+00 lbm   
    S     = 8.353673e+02 ft^2

Iteration 16:
    MTOW  = 8.921867e+04 lbm   
    OEW   = 5.137148e+04 lbm   
    Wbatt = 2.243847e+03 lbm   
    Wfuel = 1.864118e+04 lbm   
    Wem   = 5.726800e+02 lbm   
    Weg   = 0.000000e+00 lbm   
    S     = 8.353673e+02 ft^2

Iteration 17:
    MTOW  = 8.919363e+04 lbm   
    OEW   = 5.137148e+04 lbm   
    Wbatt = 2.243847e+03 lbm   
    Wfuel = 1.861614e+04 lbm   
    Wem   = 5.726800e+02 lbm   
    Weg   = 0.000000e+00 lbm   
    S     = 8.353673e+02 ft^2

